Workbook
Name LST_CASO: TABLAS!$B$72:$B$79
Name LST_TIPO: TABLAS!$C$72:$C$73
Name LST_BORDE: TABLAS!$D$72:$D$73
Name LST_COLADO: TABLAS!$E$72:$E$73
Name LST_SINO: TABLAS!$F$72:$F$73
Name LST_AGR: TABLAS!$G$72:$G$73
Name LST_DEST: DATOS!$B$46:$B$55
Name LST_MALLA: TABLAS!$B$63:$B$66
Name LST_TAB: TABLAS!$C$86:$C$165

Sheet INSTRUCCIONES
B1: LOSAS NERVADAS Y MACIZAS — NTC 2023 (CDMX) · HOJA GENERAL
B2: Diseño por flexión y cortante de tableros de losa con el método de coeficientes de la NTC-Concreto 2023 (Tabla 3.4.2.1), para cualquier proyecto. Sale de la hoja auditada de Casa Rocha: mismas ecuaciones, mismas citas («NTC-Concreto 2023 (CDMX) 6.7.8.1.4, p. 187»).
B4: 1. QUÉ HACE
B5: • NERVADAS: hasta 40 tableros de losa nervada (encasetonada). Por tablero: caso de la tabla, coeficientes interpolados en m = a1/a2, momentos por nervadura en las dos direcciones, As, número y cantidad de varillas (sube de número si no cabe), M_R, ε_t ≥ 0.005, cortante con V_cR (×1.1 sólo si cumple 6.7.8.1.4), hileras de casetones a macizar, espesor mínimo contra h_eq, bastones y estado.
B6: • MACIZAS: hasta 40 tableros de losa maciza, por franja de 1 m: los mismos pasos, con As mínima 0.0018·b·h, varilla y separación («No. 3 @ 20 cm»), cortante de losa y h mínimo.
B7: • VOLADOS (en las dos hojas): momento y cortante en el paño del apoyo con la carga lineal en la orilla y el peso de los macizos (nervadas), y acero superior que entra al tablero de respaldo. En nervadas, si el volado lleva nervaduras más anchas, cuántas hileras del respaldo siguen con ellas (decisión D10 de Casa Rocha).
B8: • DETALLE: memoria paso a paso del tablero que escojas (fórmula y referencia de cada paso), lista para imprimir.
B9: • CROQUIS: planta, corte y alzado del tablero escogido, a escala, que se redibujan solos al cambiar de tablero.
B11: 2. ALCANCE Y LÍMITES — LÉELO
B12: • Método de coeficientes (NTC-Concreto 2023, 3.4.2 y Tabla 3.4.2.1) para tableros rectangulares APOYADOS EN SU PERÍMETRO sobre muros o trabes. Sólo está transcrito el CASO I (losa colada monolíticamente con sus apoyos); un tablero marcado como caso II sale FUERA DE ALCANCE.
B13: • Condición 3.4.2.1 c): los momentos negativos de tableros vecinos en un borde común no deben diferir más de 50 % del menor. La hoja NO conoce a los vecinos: captura el M⁻ del vecino (columna opcional) y la hoja arma con el mayor y te avisa si difieren más de 50 %. Si es así, distribuye el desequilibrio (3.4.3.1) o confirma con un modelo.
B14: • Condición 3.4.2.1 d) (W_m ≤ 2.5·CM aprox.) y las demás de 3.4.2.1: revísalas tú; la hoja supone tableros rectangulares de cargas uniformes. Para tableros irregulares usa un rectángulo representativo.
... B19: 3. COLORES
B20: Celda de captura | C20: Amarillo con número azul: aquí se escribe. Todo lo demás es fórmula.
B21: Fórmula | C21: Negro: calculado. No se escribe encima.
B22: Resultado clave | C22: Azul pálido: resultado que importa (w_u, Mu/M_R, armado).
B23: CUMPLE | C23: Verde: pasa.
B24: MACIZAR 1 hilera(s) | C24: Ámbar: pasa con una acción (macizar, calcular flecha).
B25: NO CUMPLE | C25: Rojo: no pasa, faltan datos o está fuera de alcance.
B27: 4. CÓMO SE USA, PASO A PASO
B28: 1) DATOS: captura materiales, factores, recubrimientos, la sección nervada (a_c, h_c, b_w, t), la malla y los valores por omisión de macizas. Revisa la lista de destinos (cargas vivas).
B29: 2) NERVADAS o MACIZAS: un renglón por tablero. Borra o sobrescribe los renglones «EJEMPLO». Captura nombre, tipo (PERIMETRAL o VOLADO), destino, a_x y a_y a ejes, y cada borde como CONTINUO (sigue losa del otro lado) o DISCONTINUO (orilla, hueco o losa que no sigue). El caso de la tabla sale solo (puedes forzarlo).
B30: 3) Captura la sobrecarga muerta SCM (acabados, rellenos, plafón, muros divisorios repartidos). La carga viva sale del destino; si quieres otra, escríbela en «CV propia».
B31: 4) Volados: carga lineal en la orilla (barandal, pretil) y claro del tablero de respaldo L_b. En nervadas puedes darle al volado otra b_w (20 cm suele hacer falta): la columna «Respaldo del volado» dice cuántas hileras del tablero de respaldo siguen con esa nervadura; anótalas también en el renglón de ese tablero.
B32: 5) Lee ESTADO y NOTA. Si dice NO CUMPLE, la nota y las columnas en rojo dicen qué falla (flexión, no caben, ε_t, cortante, peralte).
B33: 6) DETALLE: escoge el tablero en la celda amarilla y obtén la memoria paso a paso. CROQUIS dibuja ese mismo tablero.
B34: 7) Imprime DETALLE y CROQUIS (ya tienen área de impresión) y pasa a planos el armado de la columna «ARMADO».
B36: 5. REVISIONES QUE HACE CADA RENGLÓN
B37: • Flexión en los cuatro lechos (inferior y superior, claro corto y largo): Mu ≤ M_R, As ≥ mínima, p ≤ p_max y ε_t ≥ 0.005 (F_R = 0.9) — 3.8.2, 6.3.5, 6.7.6.1.
B38: • Que las varillas quepan con la separación libre mínima (nervadas) o que la separación no pase de la máxima (macizas) — 14.2.1.
B39: • Cortante a d del paño: V_u ≤ V_cR (ec. 5.5.3.2.1); en nervadas, hileras de casetones a macizar si no alcanza; ×1.1 sólo si cumple 6.7.8.1.4.
... B46: RESPONSABILIDAD: la hoja es una herramienta de cálculo; el Director Responsable de Obra / Corresponsable revisa datos, hipótesis y resultados. Los renglones EJEMPLO vienen de la hoja de Casa Rocha (nervadas) y de tableros típicos (macizas) sólo para mostrar cómo se llena.

Sheet DATOS
B1: DATOS GENERALES — LOSAS NERVADAS Y MACIZAS, NTC 2023 (CDMX)
B2: Datos que valen para todo el libro. Lo de cada tablero va en NERVADAS y MACIZAS. Cada número capturado dice de dónde sale (columna «Referencia»); lo que es criterio de esta hoja y no de la norma se dice así.
B4: CÓMO SE USA: sólo se tocan las celdas AMARILLAS con número AZUL. Lo demás está calculado y se rompe si lo escribes encima. Los valores que trae la hoja son un punto de partida (los de la hoja auditada de Casa Rocha): cámbialos por los de tu proyecto.
B6: 0. PROYECTO
B7: Concepto | C7: Valor | D7: Unidad | E7: Cómo se calcula / de dónde sale | F7: Referencia
B8: Proyecto | C8: NOMBRE DEL PROYECTO | D8: — | E8: CAPTURA. Sale en DETALLE y en CROQUIS. | F8: —
B9: Elaboró / revisó | C9: — | D9: — | E9: CAPTURA. | F9: —
B11: 1. MATERIALES
B12: Concepto | C12: Valor | D12: Unidad | E12: Cómo se calcula / de dónde sale | F12: Referencia
B13: f'c — resistencia del concreto | C13: 250 | D13: kg/cm² | E13: CAPTURA. Clase 1A (250 ≤ f'c < 400). Mínimo para exposición A1, A2 y B1. | F13: NTC-Concreto 2023 (CDMX) 2.2.2 a), p. 30 · Tabla 2.2.6.3, p. 33 · 4.4.1.1 y 4.5.2 a), p. 78
B14: fy — fluencia de la varilla corrugada | C14: 4200 | D14: kg/cm² | E14: CAPTURA. Grado 42, NMX-B-506. | F14: NTC-Concreto 2023 (CDMX) Tabla 2.4.2.1.2.a, p. 43
B15: fy de la malla electrosoldada | C15: 5000 | D15: kg/cm² | E15: CAPTURA. Alambre de malla NMX-B-290. Sólo se usa en la capa de compresión. | F15: NTC-Concreto 2023 (CDMX) 2.4.2.1.6 y 2.4.2.1.7, p. 44
B16: γc — peso volumétrico del concreto reforzado | C16: 2.4 | D16: t/m³ | E16: CAPTURA. Valor máximo probable. Si tu modelo usa otro (Casa Rocha: 2.44), pon el del modelo. | F16: NTC-Criterios y Acciones 2023 (CDMX) 5.1.1.2, p. 9
B17: γ del casetón (poliestireno) | C17: 0.015 | D17: t/m³ | E17: CAPTURA. Poliestireno expandido de 15 kg/m³. Si el casetón es recuperable (de plástico), pon 0. | F17: Criterio de esta hoja (dato del fabricante)
B18: Agregado grueso del concreto | C18: CALIZO | D18: — | E18: SELECTOR. Cambia Ec: calizo 14 000·√f'c, basáltico 11 000·√f'c. Especificarlo en planos. | F18: NTC-Concreto 2023 (CDMX) Tabla 2.2.1, p. 31 · 2.2.8.4, p. 34
B19: Ec — módulo de elasticidad | C19: =IF(DATOS!$C$18="BASALTO",11000,14000)*SQRT(DATOS!$C$13) -> 221359.44 | D19: kg/cm² | E19: CALCULADA = 14 000·√f'c (calizo) u 11 000·√f'c (basalto). Informativa (flechas). | F19: NTC-Concreto 2023 (CDMX) Tabla 2.2.1, p. 31
B20: Es — módulo de elasticidad del acero | C20: 2000000 | D20: kg/cm² | E20: CAPTURA. | F20: NTC-Concreto 2023 (CDMX) 2.4.2.2.2, p. 45
B21: f''c — esfuerzo del bloque equivalente | C21: =0.85*DATOS!$C$13 -> 212.5 | D21: kg/cm² | E21: CALCULADA = 0.85·f'c. | F21: NTC-Concreto 2023 (CDMX) 3.6.1 e), p. 68
B22: β1 — profundidad del bloque | C22: =IF(DATOS!$C$13<=300,0.85,MAX(0.65,1.05-DATOS!$C$13/1400)) -> 0.85 | D22: — | E22: CALCULADA. 0.85 hasta f'c = 300 kg/cm². | F22: NTC-Concreto 2023 (CDMX) ec. 3.6.1, p. 68
B24: 2. FACTORES DE CARGA Y DE RESISTENCIA
B25: Concepto | C25: Valor | D25: Unidad | E25: Cómo se calcula / de dónde sale | F25: Referencia
B26: FC_CM — factor de carga muerta | C26: 1.3 | D26: — | E26: CAPTURA. Grupo B (Grupo A: 1.5). | F26: NTC-Criterios y Acciones 2023 (CDMX) 3.4.1 a), p. 7 (combinación 2.3.1 a), p. 5)
B27: FC_CV — factor de carga viva | C27: 1.5 | D27: — | E27: CAPTURA. Grupo B (Grupo A: 1.7). | F27: NTC-Criterios y Acciones 2023 (CDMX) 3.4.1 a), p. 7
B28: FC_acc — factor en combinaciones con acciones accidentales | C28: 1.1 | D28: — | E28: CAPTURA. Combinación de granizo en azotea: 1.1·(CM + W_g), sin carga viva. | F28: NTC-Criterios y Acciones 2023 (CDMX) 3.4.1 b), p. 7 · 7.3.1.3, p. 17
B29: F_R — flexión | C29: 0.9 | D29: — | E29: CAPTURA. Vale si la sección es controlada por tensión (ε_t ≥ 0.005); la hoja limita el acero para garantizarlo (p_max). | F29: NTC-Concreto 2023 (CDMX) Tabla 3.8.2.1 a) y Tabla 3.8.2.2, p. 70 · 3.8.2.4, p. 71 · 6.7.3.3.1, p. 169
B30: F_R — cortante | C30: 0.75 | D30: — | E30: CAPTURA. | F30: NTC-Concreto 2023 (CDMX) Tabla 3.8.2.1 b), p. 70
B31: Fracción de la cuantía balanceada que se permite | C31: 0.9 | D31: — | E31: CAPTURA. Tope de ductilidad baja; en la práctica manda antes ε_t ≥ 0.005. | F31: NTC-Concreto 2023 (CDMX) 6.3.5.2.1, p. 122
B32: Incremento de V_cR en losas encasetonadas | C32: 1.1 | D32: — | E32: CAPTURA. Sólo en tableros que cumplen 6.7.8.1.4 (claro corto ≥ 6·a_c); en los demás vale 1.0. No aplica a losas macizas. | F32: NTC-Concreto 2023 (CDMX) 6.7.8.1.5, p. 187 · 6.7.8.1.9, p. 188
B33: Incremento de cortante con bordes continuos y discontinuos | C33: 1.15 | D33: — | E33: CAPTURA. De la fórmula de cortante de losas apoyadas en su perímetro de la NTC 2017, que la 2023 ya no trae; se conserva como «método reconocido». | F33: NTC-Concreto 2023 (CDMX) 3.4.1.1, p. 64 (métodos reconocidos) · NTC-Concreto 2017
B35: 3. CARGA MUERTA ADICIONAL Y GRANIZO
B36: Concepto | C36: Valor | D36: Unidad | E36: Cómo se calcula / de dónde sale | F36: Referencia
B37: Incremento del peso propio por losa colada en el lugar | C37: 20 | D37: kg/m² | E37: CAPTURA. Se suma al peso propio de todos los tableros. | F37: NTC-Criterios y Acciones 2023 (CDMX) 5.1.2.1, p. 9
B38: Incremento por capa de mortero sobre la losa (pegapiso, firme o entortado) | C38: 20 | D38: kg/m² | E38: CAPTURA. Si tu sobrecarga ya trae estos 20 kg/m², pon 0 para no contarlos dos veces. No se aplica donde la carga muerta es favorable. | F38: NTC-Criterios y Acciones 2023 (CDMX) 5.1.2.1 y 5.1.2.2, p. 9
B39: H_s — altura de granizo | C39: 0.125 | D39: m | E39: CAPTURA. Azotea con pendiente < 5°, Grupo B. | F39: NTC-Criterios y Acciones 2023 (CDMX) Tabla 7.3.2.2, p. 18
B40: C_s — coeficiente de forma | C40: 1 | D40: — | E40: CAPTURA. | F40: NTC-Criterios y Acciones 2023 (CDMX) Tabla 7.3.2.3, p. 18
B41: W_g — granizo en azotea = 900·H_s·C_s | C41: =900*DATOS!$C$39*DATOS!$C$40 -> 112.5 | D41: kg/m² | E41: CALCULADA. Va con FC = 1.1 y sin carga viva; la hoja toma el mayor de esa combinación y la gravitacional en los destinos marcados como azotea. | F41: NTC-Criterios y Acciones 2023 (CDMX) ec. 7.3.2.1, p. 17 · 3.4.1 b), p. 7
B43: 4. CARGAS VIVAS UNITARIAS (lista de destinos)
B44: Los tableros escogen su destino de esta lista. W_m (máxima) es la de diseño por gravedad; W_a y W son informativas. «¿Azotea?» = SÍ activa la combinación con granizo. Los incisos a) y h) los cotejó la hoja de Casa Rocha; los demás son los de la misma tabla y hay que cotejarlos contra el texto oficial antes de usarlos. Puedes cambiar nombres y valores.
B45: Destino | C45: W_m | D45: ¿Azotea? (granizo) | E45: W_a / W (informativos) | F45: Referencia
B46: HABITACIÓN | C46: 190 | D46: NO | E46: 100 / 80 | F46: NTC-Criterios y Acciones 2023 (CDMX) Tabla 6.1.2.2 a), p. 11 (cotejado por la hoja de Casa Rocha)
B47: OFICINAS Y DESPACHOS | C47: 250 | D47: NO | E47: 180 / 100 | F47: NTC-Criterios y Acciones 2023 (CDMX) Tabla 6.1.2.2 b), p. 11 — cotejar contra la tabla oficial
B48: AULAS | C48: 250 | D48: NO | E48: 180 / 100 | F48: NTC-Criterios y Acciones 2023 (CDMX) Tabla 6.1.2.2 c), p. 11 — cotejar contra la tabla oficial
B49: PASILLOS, ESCALERAS Y VESTÍBULOS | C49: 350 | D49: NO | E49: 150 / 40 | F49: NTC-Criterios y Acciones 2023 (CDMX) Tabla 6.1.2.2 d), p. 11 — cotejar contra la tabla oficial
B50: LUGARES DE REUNIÓN (con asientos) | C50: 350 | D50: NO | E50: 250 / 40 | F50: NTC-Criterios y Acciones 2023 (CDMX) Tabla 6.1.2.2 f), p. 11 — cotejar contra la tabla oficial
B51: AZOTEA (pendiente ≤ 5 %) | C51: 100 | D51: SÍ | E51: 70 / 15 | F51: NTC-Criterios y Acciones 2023 (CDMX) Tabla 6.1.2.2 h), p. 11 (cotejado por la hoja de Casa Rocha)
B52: AZOTEA (pendiente > 5 %) Y CUBIERTAS | C52: 40 | D52: SÍ | E52: 20 / 5 | F52: NTC-Criterios y Acciones 2023 (CDMX) Tabla 6.1.2.2 i), p. 11 — cotejar contra la tabla oficial
B53: VOLADOS EN VÍA PÚBLICA (balcones) | C53: 300 | D53: NO | E53: 70 / 15 | F53: NTC-Criterios y Acciones 2023 (CDMX) Tabla 6.1.2.2 j), p. 11 — cotejar contra la tabla oficial
B54: ESTACIONAMIENTO (sólo autos) | C54: 250 | D54: NO | E54: 100 / 40 | F54: NTC-Criterios y Acciones 2023 (CDMX) Tabla 6.1.2.2 k), p. 11 — cotejar contra la tabla oficial
B55: OTRO (captura del usuario) | C55: 190 | D55: NO | E55: — / — | F55: CAPTURA del usuario: cambia el nombre y los valores
B57: 5. RECUBRIMIENTOS, EXPOSICIÓN Y DETALLADO
B58: Concepto | C58: Valor | D58: Unidad | E58: Cómo se calcula / de dónde sale | F58: Referencia
B59: r — recubrimiento libre en losas y nervaduras (interior, A1) | C59: 2 | D59: cm | E59: CAPTURA. El mayor de 15 mm (colocación), 0.75 × 25 mm = 19 mm (A1) y 20 mm (losas y viguetas no expuestas). Lo usan las losas macizas y las nervaduras que cumplen 6.7.8.1.4. | F59: NTC-Concreto 2023 (CDMX) 4.13.1.1 y 4.13.2.2 b), p. 83 · Tabla 4.14.16.a, p. 85
B60: r de viga — nervaduras de tableros que no cumplen 6.7.8.1.4 | C60: 4 | D60: cm | E60: CAPTURA. Si a_c > claro corto/6 la losa se diseña como losa apoyada en vigas (6.7.8.1.9): sus nervaduras ya no son «viguetas» y llevan el recubrimiento de viga (40 mm). También es el que se descuenta del ancho del apoyo al revisar anclajes. | F60: NTC-Concreto 2023 (CDMX) Tabla 4.14.16.a, p. 85 · 6.7.8.1.9, p. 188
B61: r_ext — recubrimiento de caras a la intemperie (barras ≤ No. 5) | C61: 4 | D61: cm | E61: CAPTURA. Lecho inferior de todo volado y lecho superior de volados y azoteas si así lo indican los selectores de abajo. Con No. 6 o mayor son 5 cm. | F61: NTC-Concreto 2023 (CDMX) Tabla 4.14.16.a, p. 85 · Tabla 4.3.1, p. 76
B62: ¿Se anotan en planos las precauciones de 3.9.2? (casetón de medida fija y silletas que fijan el lecho superior) | C62: SÍ | D62: — | E62: SELECTOR. Si dices NO: b_w − 2 cm en flexión negativa y cortante cuando b_w < 20 cm, y d − 2 cm en el lecho superior donde d ≤ 20 cm (nervadas y macizas). | F62: NTC-Concreto 2023 (CDMX) 3.9.1 d) y e) y 3.9.2, p. 74
B63: ¿La cara superior de las AZOTEAS queda expuesta directo a la intemperie? | C63: NO | D63: — | E63: SELECTOR. Con relleno, entortado e impermeabilizante se toma como protegida (criterio del Responsable). Si dices SÍ, el lecho superior de azotea usa r_ext. | F63: NTC-Concreto 2023 (CDMX) 4.3.2 y Tabla 4.3.1, p. 76
B64: ¿La cara superior de los VOLADOS queda a la intemperie? | C64: NO | D64: — | E64: SELECTOR. NO = terraza o balcón con impermeabilizante y piso (decisión D12 de Casa Rocha). Si el volado queda sin protección recibe la lluvia (A2): pon SÍ y su lecho superior lleva r_ext (la malla al centro de una capa de 6 cm no alcanza ese recubrimiento: la sección 7 lo marca). Su lecho inferior siempre lleva r_ext. | F64: NTC-Concreto 2023 (CDMX) Tabla 4.3.1 c), p. 76 · Tabla 4.14.16.a, p. 85
B65: Tamaño máximo del agregado grueso (TMA) | C65: 1.27 | D65: cm | E65: CAPTURA. No más de 2/3 del recubrimiento ni de la separación libre entre barras. | F65: NTC-Concreto 2023 (CDMX) 2.2.5.2.1, p. 32
B66: ¿El agregado cabe? (≤ 2/3 de r y de la separación libre) | C66: =IF(DATOS!$C$65<=2/3*MIN(DATOS!$C$59,MAX(2.5,1.5*DATOS!$C$65)),"CUMPLE","NO CUMPLE — usa agregado más chico") -> CUMPLE | D66: — | E66: CALCULADA. | F66: NTC-Concreto 2023 (CDMX) 2.2.5.2.1, p. 32
B67: Separación libre mínima entre varillas | C67: =MAX(2.5,1.5*DATOS!$C$65) -> 2.5 | D67: cm | E67: CALCULADA = el mayor de 25 mm, d_b y 1.5·TMA (d_b se revisa barra por barra). | F67: NTC-Concreto 2023 (CDMX) 14.2.1, p. 347
B68: No. de varilla preferida — lecho INFERIOR de nervaduras | C68: 4 | D68: — | E68: CAPTURA. Mínimo No. 4: toda nervadura lleva al menos 1 No. 4 abajo y 1 No. 4 arriba, corridas. Si no alcanza, la hoja sube sola de número. | F68: NTC-Concreto 2023 (CDMX) 6.7.6.1.3, p. 175
B69: No. de varilla preferida — lecho SUPERIOR de nervaduras | C69: 4 | D69: — | E69: CAPTURA. Una varilla superior es corrida y las demás son bastones. | F69: NTC-Concreto 2023 (CDMX) 6.7.6.1.3, p. 175
B70: Máximo de varillas por lecho en una nervadura | C70: 2 | D70: pzas | E70: CAPTURA. Además se revisa que quepan con la separación libre mínima. | F70: NTC-Concreto 2023 (CDMX) 14.2.1, p. 347
B71: Mínimo de varillas por lecho y por nervadura | C71: 1 | D71: pzas | E71: CAPTURA. 1 corrida. Si As colocada < 4/3 de la requerida, la hoja pide 2 (As mín de viga). | F71: NTC-Concreto 2023 (CDMX) 6.7.6.1.3, p. 175 · 6.3.5.1.1 y 6.3.5.1.3, p. 122
B72: Ancho del apoyo en bordes DISCONTINUOS (para anclar) | C72: 40 | D72: cm | E72: CAPTURA. Dala de borde armada (o macizo de borde) donde rematan con gancho de 180° la varilla inferior (1.25 fy en el paño interior, ≥ 15 cm dentro) y el bastón superior (fy), como en la decisión D9 de Casa Rocha. Con un muro de 15 cm sin dala ancha, pon 15: la hoja pedirá una dala más ancha. | F72: NTC-Concreto 2023 (CDMX) 6.7.8.1.7, p. 188 · 6.7.7.4.1.1 a) y b), p. 179 · 14.4.3.1, p. 355
B73: Peralte de la dala de borde | C73: 25 | D73: cm | E73: CAPTURA. Donde se dobla el gancho de 180° (alto 8·d_b) entre los recubrimientos de viga arriba y abajo. En nervadas suele ser h; bajo una losa maciza, la dala suele bajar más que la losa. | F73: NTC-Concreto 2023 (CDMX) Tabla 14.3.1, p. 349 · 14.4.3.1, p. 355
B75: 6. LOSA NERVADA — SECCIÓN TIPO
B76: Casetón a_c × a_c × h_c, nervadura b_w y capa t. Cada tablero de NERVADAS puede usar otro b_w (p. ej. 20 cm en volados): entonces conserva la separación s y el casetón se angosta a s − b_w.
B77: Concepto | C77: Valor | D77: Unidad | E77: Cómo se calcula / de dónde sale | F77: Referencia
B78: a_c — lado del casetón (separación libre entre nervaduras) | C78: 60 | D78: cm | E78: CAPTURA. ≤ 80 cm y ≤ claro corto/6 para que cuente como encasetonada (se revisa por tablero). | F78: NTC-Concreto 2023 (CDMX) 6.7.8.1.4, p. 187
B79: h_c — altura del casetón | C79: 19 | D79: cm | E79: CAPTURA. Con t = 6 cm da h = 25 cm (LR-25, casetón 60×60×19 de la hoja de Casa Rocha, decisión D3). | F79: Dato del proyecto
B80: b_w — ancho de la nervadura | C80: 10 | D80: cm | E80: CAPTURA. Mínimo 10 cm en cualquier punto del peralte. | F80: NTC-Concreto 2023 (CDMX) 6.7.8.1.2, p. 187
B81: t — espesor de la capa de compresión | C81: 6 | D81: cm | E81: CAPTURA. Mínimo el mayor de a_c/13 y 5 cm; 6 cm si algún claro es ≥ 6 m (diafragma). | F81: NTC-Concreto 2023 (CDMX) 6.7.8.3.1, p. 188 · 6.8.3.1.2, p. 189
B82: h — peralte total | C82: =DATOS!$C$79+DATOS!$C$81 -> 25 | D82: cm | E82: CALCULADA = h_c + t. Máximo 3.5·b_w. | F82: NTC-Concreto 2023 (CDMX) 6.7.8.1.3, p. 187
B83: s — separación entre ejes de nervaduras | C83: =DATOS!$C$78+DATOS!$C$80 -> 70 | D83: cm | E83: CALCULADA = a_c + b_w. Ancho tributario de cada nervadura. | F83: Geometría
B84: b_p — ancho del apoyo (muro, dala o trabe) en los bordes | C84: 15 | D84: cm | E84: CAPTURA. Claro libre L_n = claro a ejes − b_p (en volados − b_p/2). Lo usan nervadas y macizas. | F84: NTC-Concreto 2023 (CDMX) 6.3.2.1, p. 117
B85: ¿La sección cumple las limitaciones de losa encasetonada? (b_w, h, t) | C85: =IF(AND(DATOS!$C$80>=10,DATOS!$C$82<=3.5*DATOS!$C$80,DATOS!$C$81>=MAX(DATOS!$C$78/13,5),DATOS!$C$78<=80),"CUMPLE","NO CUMPLE") -> CUMPLE | D85: — | E85: CALCULADA: b_w ≥ 10 cm, h ≤ 3.5·b_w, t ≥ máx(a_c/13, 5 cm), a_c ≤ 80 cm. El claro ≥ 6·a_c se revisa por tablero. | F85: NTC-Concreto 2023 (CDMX) 6.7.8.1.2 a 6.7.8.1.4, p. 187 · 6.7.8.3.1, p. 188
B86: Volumen de concreto por m² | C86: =DATOS!$C$82/100-(DATOS!$C$78/100)^2*(DATOS!$C$79/100)/(DATOS!$C$83/100)^2 -> 0.11040816 | D86: m³/m² | E86: CALCULADA = h − a_c²·h_c/s². | F86: Geometría
B87: Peso propio geométrico | C87: =(DATOS!$C$86*DATOS!$C$16+(DATOS!$C$78/100)^2*(DATOS!$C$79/100)/(DATOS!$C$83/100)^2*DATOS!$C$17)*1000 -> 267.07347 | D87: kg/m² | E87: CALCULADA = V·γc + casetón·γ_casetón. | F87: Geometría
B88: Peso propio de diseño (+ incrementos de la sección 3) | C88: =DATOS!$C$87+DATOS!$C$37+DATOS!$C$38 -> 307.07347 | D88: kg/m² | E88: CALCULADA. Con b_w propio en un tablero, NERVADAS lo recalcula en ese renglón. | F88: NTC-Criterios y Acciones 2023 (CDMX) 5.1.2.1, p. 9
B89: A_T — área de la sección T de una nervadura | C89: =DATOS!$C$83*DATOS!$C$81+DATOS!$C$80*DATOS!$C$79 -> 610 | D89: cm² | E89: CALCULADA = s·t + b_w·h_c. | F89: Geometría
B90: ȳ — centroide medido desde arriba | C90: =(DATOS!$C$83*DATOS!$C$81*DATOS!$C$81/2+DATOS!$C$80*DATOS!$C$79*(DATOS!$C$81+DATOS!$C$79/2))/DATOS!$C$89 -> 6.8934426 | D90: cm | E90: CALCULADA. | F90: Geometría
B91: I_T — inercia bruta de una nervadura con su patín | C91: =DATOS!$C$83*DATOS!$C$81^3/12+DATOS!$C$83*DATOS!$C$81*(DATOS!$C$90-DATOS!$C$81/2)^2+DATOS!$C$80*DATOS!$C$79^3/12+DATOS!$C$80*DATOS!$C$79*(DATOS!$C$81+DATOS!$C$79/2-DATOS!$C$90)^2 -> 27416.407 | D91: cm⁴ | E91: CALCULADA (Steiner). | F91: Geometría
B92: h_eq — losa maciza de la misma inercia | C92: =(12*DATOS!$C$91/DATOS!$C$83)^(1/3) -> 16.750634 | D92: cm | E92: CALCULADA = ∛(12·I_T/s). La hoja compara h_eq (no h) contra el espesor mínimo, del lado seguro. | F92: Criterio de esta hoja · NTC-Concreto 2023 (CDMX) 6.7.3.1, p. 167–168
B93: Malla electrosoldada de la capa | C93: 6x6-4/4 | D93: — | E93: SELECTOR (lista en TABLAS). Sus revisiones están en la sección 7. | F93: NTC-Concreto 2023 (CDMX) 13.8.2.1.1, p. 345 · 6.7.8.1.8, p. 188 · 6.8.6.4, p. 196
B94: Ø del alambre de la malla | C94: =INDEX(TABLAS!$C$63:$C$66,MATCH(DATOS!$C$93,TABLAS!$B$63:$B$66,0))/10 -> 0.572 | D94: cm | E94: CALCULADA. La malla va al centro de la capa y las varillas superiores pasan DEBAJO de ella: su d pierde 2·Ø. | F94: TABLAS sección C
B95: d inferior típico (varilla preferida) | C95: =DATOS!$C$82-DATOS!$C$59-INDEX(TABLAS!$C$52:$C$58,MATCH(DATOS!$C$68,TABLAS!$B$52:$B$58,0))/2 -> 22.365 | D95: cm | E95: CALCULADA = h − r − d_b/2. NERVADAS lo recalcula con la varilla real, la dirección y el r de cada tablero. | F95: Geometría
B96: d superior típico (varilla preferida) | C96: =DATOS!$C$82-MAX(DATOS!$C$59,(DATOS!$C$81-2*DATOS!$C$94)/2)-2*DATOS!$C$94-INDEX(TABLAS!$C$52:$C$58,MATCH(DATOS!$C$69,TABLAS!$B$52:$B$58,0))/2 -> 20.793 | D96: cm | E96: CALCULADA = h − máx(r, (t − 2Ø)/2) − 2·Ø malla − d_b/2: la malla va al centro de la capa y la varilla pasa debajo; si r es mayor, manda r. | F96: Geometría · NTC-Concreto 2023 (CDMX) 3.9.1 d), p. 74
B97: p_b — cuantía balanceada | C97: =DATOS!$C$21/DATOS!$C$14*6000*DATOS!$C$22/(DATOS!$C$14+6000) -> 0.025297619 | D97: — | E97: CALCULADA = (f''c/fy)·6000β1/(fy + 6000). | F97: NTC-Concreto 2023 (CDMX) ec. 5.2.1.3.1, p. 88
B98: p para ε_t = 0.005 (sección controlada por tensión) | C98: =0.375*DATOS!$C$22*DATOS!$C$21/DATOS!$C$14 -> 0.016127232 | D98: — | E98: CALCULADA: c ≤ 0.375·d ⇒ p ≤ 0.375·β1·f''c/fy sobre el ancho a compresión. | F98: NTC-Concreto 2023 (CDMX) Tabla 3.8.2.2, p. 70 · 3.8.2.4, p. 71 · 6.3.3.3.1, p. 121
B99: p_max — cuantía máxima | C99: =MIN(DATOS!$C$31*DATOS!$C$97,DATOS!$C$98) -> 0.016127232 | D99: — | E99: CALCULADA = el menor de 0.90·p_b y el de ε_t = 0.005. Vale para nervadas y macizas. | F99: NTC-Concreto 2023 (CDMX) 6.3.5.2.1, p. 122 · 6.7.3.3.1, p. 169
B100: p_min — cuantía mínima por flexión de nervaduras | C100: =MAX(0.8*SQRT(DATOS!$C$13),14)/DATOS!$C$14 -> 0.0033333333 | D100: — | E100: CALCULADA = el mayor de 0.80·√f'c/fy y 14/fy, sobre b_w·d. Se dispensa si As colocada ≥ 4/3 de la requerida. | F100: NTC-Concreto 2023 (CDMX) 6.3.5.1.2 y 6.3.5.1.3, p. 122
B101: α_fm por omisión (rigidez de los apoyos del tablero) | C101: 99 | D101: — | E101: CAPTURA. 99 = muros o trabes muy rígidas en los cuatro bordes (α_f → ∞). Con trabes de concreto calcula α_f = I_b/I_s por borde, promedia y ponlo en el tablero. | F101: NTC-Concreto 2023 (CDMX) Tabla 6.7.3.1.2 nota [1], p. 168
B102: ¿Los bordes discontinuos tienen muro o viga con α_f ≥ 0.8? | C102: SÍ | D102: — | E102: SELECTOR. Si dices NO, el espesor mínimo de la Tabla 6.7.3.1.2 se aumenta 10 % en los tableros con algún borde discontinuo. | F102: NTC-Concreto 2023 (CDMX) 6.7.3.1.2.1, p. 168
B104: 7. CAPA DE COMPRESIÓN Y MALLA (IGUAL PARA TODOS LOS TABLEROS NERVADOS)
B105: Concepto | C105: Valor | D105: Unidad | E105: Cómo se calcula / de dónde sale | F105: Referencia
B106: As de la malla | C106: =INDEX(TABLAS!$D$63:$D$66,MATCH(DATOS!$C$93,TABLAS!$B$63:$B$66,0)) -> 1.686153 | D106: cm²/m | E106: TABLAS sección C. | F106: TABLAS
B107: Temperatura: As mín = 0.0018·t·100 | C107: =0.0018*DATOS!$C$81*100 -> 1.08 | D107: cm²/m | E107: Ya no depende de fy. | F107: NTC-Concreto 2023 (CDMX) 13.8.2.1.1, p. 345 · 6.7.8.1.8, p. 188
B108: Estado (temperatura) | C108: =IF(DATOS!$C$106>=DATOS!$C$107,"CUMPLE","NO CUMPLE") -> CUMPLE | D108: — | E108: — | F108: —
B109: Diafragma: cuantía mínima por cortante = 0.0025·t·100 | C109: =0.0025*DATOS!$C$81*100 -> 1.5 | D109: cm²/m | E109: Sólo cuenta el acero de la capa. | F109: NTC-Concreto 2023 (CDMX) 6.8.6.4 y 6.8.6.3, p. 196
...

Sheet NERVADAS
B1: NERVADAS — LOSA NERVADA (ENCASETONADA), UN RENGLÓN POR TABLERO · MÉTODO DE COEFICIENTES NTC-CONCRETO 2023, TABLA 3.4.2.1 (CASO I)
B2: Momentos por nervadura = coef·10⁻⁴·w_u·a1²·s. Abajo trabaja la sección T (patín b_f); arriba sólo la nervadura (b_w de cálculo). Toda nervadura lleva al menos 1 varilla corrida abajo y 1 arriba (6.7.6.1.3); arriba las demás son bastones. Sólo se captura lo AMARILLO; los renglones vacíos quedan en blanco. La memoria paso a paso de un tablero está en DETALLE y su dibujo en CROQUIS.
B3: ESTADO: «CUMPLE» = flexión, cupo, ε_t ≥ 0.005, cortante, peralte, capa y anclaje bien. «MACIZAR n hilera(s)» = quitar casetones junto a cada apoyo por cortante. «REVISAR: calcular flecha» = h_eq menor que el mínimo de la Tabla 6.7.3.1.2. «No cumple 6.7.8.1.4» (nota) = a_c > claro corto/6: losa apoyada en vigas (6.7.8.1.9). «FUERA de 3.4.2.1 c)» = el M⁻ del vecino capturado difiere más de 50 %.
B5: CAPTURA. Claros A EJES (del lado seguro; la tabla admite claros libres en el caso I). Borde CONTINUO = sigue losa del otro lado; DISCONTINUO = orilla, hueco o losa que no sigue. VOLADO: marca CONTINUO sólo el borde empotrado. CV propia, b_w propio y α_fm propio: vacío = el de DATOS. M⁻ del vecino: por nervadura, en el borde común; la hoja arma con el mayor. | U5: a1 = claro corto, a2 = largo (volado: a1 = largo perpendicular al borde empotrado). L_n = a − b_p (volado a − b_p/2) (NTC-Concreto 6.3.2.1, p. 117). Patín b_f = b_w + 2·mín(8t, a_c/2, L_n/8) ≤ s (Tabla 5.2.1.4.2, p. 89). 6.7.8: claro corto ≥ 6·a_c, a_c ≤ 80, b_w ≥ 10, h ≤ 3.5·b_w, t ≥ máx(a_c/13, 5) (6.7.8.1.2 a 6.7.8.1.4, p. 187); si NO: losa sobre vigas, r de viga, sin ×1.1 (6.7.8.1.9, p. 188). b_w − 2 cm si b_w < 20 sin 3.9.2 (3.9.1 e), p. 74). | AM5: PP = (h − a_c²·h_c/s²)·γc + casetón + 20 + 20 (NTC-Criterios 5.1.2.1, p. 9). CM = PP + SCM. w_u = máx(1.3·CM + 1.5·W_m; azotea: 1.1·(CM + W_g)) (NTC-Criterios 3.4.1 a) y b), p. 7; ec. 7.3.2.1, p. 17). | AR5: Se cuentan los bordes DISCONTINUOS; «corto» = borde de largo a1. Mismo criterio que la hoja de Casa Rocha; dos bordes opuestos discontinuos se toman como «extremo» (del lado seguro). Tabla 3.4.2.1, p. 65. | AV5: Interpolación lineal en m entre las columnas de la Tabla 3.4.2.1, caso I (TABLAS sección A). | BD5: M = coef·10⁻⁴·w_u·a1²·s, por nervadura (NTC-Concreto 3.4.2.1, p. 64). M⁻ = el mayor de borde continuo, discontinuo y el del vecino capturado. Volado: M⁻ = (w_u·L_n²/2 + 1.3·P·L_n)·s + M de los macizos (el PP promedio no cuenta el concreto que llena los casetones en el macizo de la punta, de ancho macizo de orilla + b_p/2, ni en el de la raíz: 1.3·γc·s·(vacío/m²)·ancho·brazo, como en la hoja de Casa Rocha). 3.4.2.1 c): M⁻ propio y del vecino no deben diferir más de 50 % (p. 64). | BK5: b = patín b_f. d con la varilla preferida para As; con la real para M_R. q = 1 − √(1 − 2Mu/(F_R·b·d²·f''c)), As = q·f''c·b·d/fy (ecs. 5.2.2.1.1.1, p. 89); As ≥ mín(p_min·b_w·d, 4/3·As) (6.3.5.1.3, p. 122); −1 = no alcanza o rebasa p_max. Varilla: la preferida o la siguiente que quepa (14.2.1, p. 347). ε_t = 0.003(d − c)/c ≥ 0.005 (Tabla 3.8.2.2, p. 70). | BS5: b = b_w de cálculo. d = h − máx(r, (t − 2Ø)/2) − 2·Ø malla − d_b/2 (la malla va al centro de la capa y la varilla pasa debajo), − 2 cm si d ≤ 20 cm sin la precaución de 3.9.2 (3.9.1 d), p. 74). 1 varilla corrida + bastones (6.7.6.1.3, p. 175). En volado el patín trabaja a tensión: As mín sobre 2·b_w. | CA5: Igual que el lecho inferior corto; el lecho del claro largo va encima del corto: d = h − r − d_b,corto − d_b/2. | CI5: Igual que el lecho superior corto; va debajo del lecho superior corto. | CQ5: V_u a d del paño = (L_n/2 − d)(0.95 − 0.5m)·w_u·s, ×1.15 con bordes continuos y discontinuos (método reconocido, 3.4.1.1, p. 64; 6.7.4.3.2, p. 172). Volado: (w_u(L_n − d) + 1.3P)·s. V_cR = F_R·2·λs·p^⅓·√f'c·b_w·d (ec. 5.5.3.2.1, p. 95), ×1.1 si cumple 6.7.8 (6.7.8.1.5, p. 187). Sin estribos (5.5.3.8.1, p. 97): lo que falte se cubre macizando hileras de casetones. | CU5: Tabla 6.7.3.1.2 (p. 168), α_fm > 2: L_n(0.8 + fy/14 000)/(36 + 9β) ≥ 9; 0.2–2: …/(36 + 5β(α_fm − 0.2)) ≥ 13; ≤ 0.2: Tabla 6.7.3.1.1 (L_n/30 ó /33, ≥ 13). +10 % con borde discontinuo sin viga (6.7.3.1.2.1). Se compara h_eq = ∛(12·I_T/s). Volado: L/8 contra h (Tabla 6.3.3.1.1, p. 120). Capa ≥ 6 cm si el claro es ≥ 6 m (6.8.3.1.2, p. 189). | DB5: Bastón desde el paño = punto de inflexión + máx(d, 12d_b, L_n/16), ≥ L_d (6.3.7.3.4, p. 127; 6.3.7.3.10.4, p. 129; Tabla 14.4.2.4, p. 353). Volado: entra al respaldo hasta M = 0 con 0.9·PP y sin CV. Anclaje en bordes discontinuos (dala de borde armada, D9 de Casa Rocha): 1.25·L_dh ≤ ancho − r_np y ≥ 15 cm (6.7.8.1.7, p. 188); L_dh del bastón (6.7.7.4.1.1 b), p. 179); gancho de 180° con alto 8·d_b ≤ peralte de la dala − 2·r_np (Tabla 14.3.1, p. 349). Respaldo de un volado con b_w propio: sus nervaduras anchas siguen en el respaldo hasta donde la nervadura de b_w de DATOS resiste el M⁻ (con 0.9·PP, sin CV) y el cortante del volado. | DK5: Sólo volados con b_w propio mayor que el de DATOS (decisión D10 de Casa Rocha). Del otro lado del apoyo el M⁻ del volado lo toman las nervaduras del tablero de respaldo: sus primeras hileras siguen con el b_w del volado (casetón s − b_w) hasta donde la nervadura normal (con r de viga, del lado seguro), con la varilla corrida del volado, resiste M(x) = M⁻(1 − x/L_b) − 0.9·PP·s·x(L_b − x)/2 (sin CV) y el cortante V(x) = M⁻/L_b + w_u·s·(L_b/2 − x). Las demás varillas del volado son bastones que terminan ahí, más máx(d, 12d_b) y no menos que L_d. La nervadura ancha se revisa a cortante junto al apoyo con el V_cR del volado (ec. 5.5.3.2.1, p. 95; 6.3.7.3.10.4, p. 129). | DU5: Armado por NERVADURA. Superior: 1 corrida + bastones a cada lado de los bordes continuos (y de los discontinuos si la columna lo pide). ESTADO junta flexión, cupo, ε_t, cortante, peralte, capa y anclaje.
B6: DATOS DEL TABLERO — CAPTURA (amarillo) | U6: GEOMETRÍA | AM6: CARGAS | AR6: CASO DE LA TABLA | AV6: COEFICIENTES ×10⁻⁴ (Tabla 3.4.2.1) | BD6: MOMENTOS POR NERVADURA | BK6: LECHO INFERIOR ‖ CLARO CORTO | BS6: LECHO SUPERIOR ‖ CLARO CORTO | CA6: LECHO INFERIOR ‖ CLARO LARGO | CI6: LECHO SUPERIOR ‖ CLARO LARGO | CQ6: CORTANTE | CU6: ESPESOR MÍNIMO Y CAPA | DB6: BASTONES, ANCLAJE Y CASETONES | DK6: RESPALDO DE UN VOLADO CON b_w PROPIO | DU6: RESULTADO
A7: # | B7: Tablero | C7: Tipo | D7: Destino (lista de DATOS) | E7: a_x — claro en X a ejes | F7: a_y — claro en Y a ejes | G7: Borde inferior (‖ X) | H7: Borde superior (‖ X) | I7: Borde izquierdo (‖ Y) | J7: Borde derecho (‖ Y) | K7: Forzar caso | L7: Colado con los apoyos | M7: SCM — sobrecarga muerta | N7: CV propia (opcional) | O7: Carga en la orilla del volado | P7: L_b — claro de respaldo (volado) | Q7: b_w propio (opcional) | R7: α_fm propio (opcional) | S7: M⁻ del vecino ‖ corto (opcional) | T7: M⁻ del vecino ‖ largo (opcional) | U7: ¿Datos completos? | V7: Borde empotrado (volado) | W7: Claro corto ‖ | X7: a1 corto (volado: largo) | Y7: a2 largo | Z7: m = a1/a2 | AA7: L_n corto | AB7: L_n largo | AC7: b_w nerv. ‖ corto | AD7: Casetón entre nerv. ‖ corto = s − b_w | AE7: b_w cálculo ‖ corto (M⁻ y V) | AF7: b_w cálculo ‖ largo (M⁻) | AG7: Patín b_f ‖ corto | AH7: Patín b_f ‖ largo | AI7: 6.7.8 cumple | AJ7: r inferior | AK7: r superior | AL7: r hasta la malla (al centro de la capa) | AM7: ¿Azotea? | AN7: CV W_m | AO7: PP de diseño | AP7: CM | AQ7: w_u | AR7: Bordes discont. | AS7: … cortos | AT7: Caso automático | AU7: Caso usado | AV7: col. m | AW7: interp. | AX7: M⁻ cont. corto | AY7: M⁻ cont. largo | AZ7: M⁻ disc. corto | BA7: M⁻ disc. largo | BB7: M⁺ corto | BC7: M⁺ largo | BD7: M⁻ extra de los macizos del volado | BE7: V extra de los macizos del volado | BF7: M⁺ corto | BG7: M⁻ corto | BH7: M⁺ largo | BI7: M⁻ largo | BJ7: 3.4.2.1 c) con el vecino | BK7: d para As (var. preferida) | BL7: As req. | BM7: Var. No. | BN7: Pzas | BO7: d real | BP7: M_R | BQ7: Mu/M_R | BR7: ε_t | BS7: d para As (var. preferida) | BT7: As req. | BU7: Var. No. | BV7: Pzas | BW7: d real | BX7: M_R | BY7: Mu/M_R | BZ7: ε_t | CA7: d para As (var. preferida) | CB7: As req. | CC7: Var. No. | CD7: Pzas | CE7: d real | CF7: M_R | CG7: Mu/M_R | CH7: ε_t | CI7: d para As (var. preferida) | CJ7: As req. | CK7: Var. No. | CL7: Pzas | CM7: d real | CN7: M_R | CO7: Mu/M_R | CP7: ε_t | CQ7: V_u por nerv. | CR7: V_cR | CS7: Hileras a macizar | CT7: Estado cortante | CU7: ȳ de la T | CV7: I_T de la T | CW7: h_eq | CX7: α_fm | CY7: h mín. (Tabla 6.7.3.1.2 / volado L/8) | CZ7: Estado peralte | DA7: Capa (diafragma) | DB7: Bastón ‖ corto desde el paño | DC7: Bastón ‖ largo desde el paño | DD7: Bastón también en borde disc. ‖ corto | DE7: Bastón también en borde disc. ‖ largo | DF7: Anclaje en bordes discontinuos | DG7: Casetones ‖ X | DH7: Casetones ‖ Y | DI7: Macizo de orilla X | DJ7: Macizo de orilla Y | DK7: Varillas del volado que siguen en la nervadura de b_w de DATOS (la corrida) | DL7: d de esa nervadura | DM7: M_R de esa nervadura | DN7: V_cR de esa nervadura | DO7: Donde M baja a ese M_R | DP7: Donde V baja a ese V_cR | DQ7: V_u del respaldo junto al apoyo (nerv. ancha) | DR7: Nervadura ancha en el respaldo hasta | DS7: Hileras del respaldo con b_w del volado | DT7: Respaldo del volado | DU7: ARMADO inferior ‖ corto (por nervadura) | DV7: ARMADO superior ‖ corto | DW7: ARMADO inferior ‖ largo | DX7: ARMADO superior ‖ largo | DY7: ESTADO | DZ7: NOTA
A8: cuenta | E8: m | F8: m | G8: CONT./DISC. | H8: CONT./DISC. | I8: CONT./DISC. | J8: CONT./DISC. | K8: AUTO = sale solo | L8: caso I / II | M8: kg/m² | N8: kg/m² | O8: kg/m serv. | P8: m | Q8: cm | R8: — | S8: t·m/nerv. | T8: t·m/nerv. | X8: m | Y8: m | AA8: cm | AB8: cm | AC8: cm | AD8: cm | AE8: cm | AF8: cm | AG8: cm | AH8: cm | AJ8: cm | AK8: cm | AL8: cm | AN8: kg/m² | AO8: kg/m² | AP8: kg/m² | AQ8: kg/m² | AX8: ×10⁻⁴ | AY8: ×10⁻⁴ | AZ8: ×10⁻⁴ | BA8: ×10⁻⁴ | BB8: ×10⁻⁴ | BC8: ×10⁻⁴ | BD8: t·m/nerv. | BE8: t/nerv. | BF8: t·m/nerv. | BG8: t·m/nerv. | BH8: t·m/nerv. | BI8: t·m/nerv. | BK8: cm | BL8: cm² | BO8: cm | BP8: t·m | BQ8: ≤ 1 | BR8: ≥ 0.005 | BS8: cm | BT8: cm² | BW8: cm | BX8: t·m | BY8: ≤ 1 | BZ8: ≥ 0.005 | CA8: cm | CB8: cm² | CE8: cm | CF8: t·m | CG8: ≤ 1 | CH8: ≥ 0.005 | CI8: cm | CJ8: cm² | CM8: cm | CN8: t·m | CO8: ≤ 1 | CP8: ≥ 0.005 | CQ8: t | CR8: t | CS8: por apoyo | CU8: cm | CV8: cm⁴ | CW8: cm | CY8: cm | DB8: cm | DC8: cm | DG8: pzas | DH8: pzas | DI8: cm | DJ8: cm | DK8: pzas | DL8: cm | DM8: t·m | DN8: t | DO8: m desde el paño | DP8: m desde el paño | DQ8: t | DR8: cm desde el paño | DS8: hileras
A9: =IF(B9="",0,1) -> 1 | B9: EJEMPLO F80014 (interior) | C9: PERIMETRAL | D9: HABITACIÓN | E9: 3.029 | F9: 1.6 | G9: CONTINUO | H9: CONTINUO | I9: CONTINUO | J9: CONTINUO | K9: AUTO | L9: MONOLÍTICO (caso I) | M9: 230 | U9: =IF(B9="","",IF(AND(OR(C9="PERIMETRAL",C9="VOLADO"),ISNUMBER(E9),ISNUMBER(F9),E9>0,F9>0,OR(ISNUMBER(N9),ISNUMBER(MATCH(D9,DATOS!$B$46:$B$55,0)))),"SÍ","NO")) -> SÍ | V9: =IF(U9<>"SÍ","",IF(C9<>"VOLADO","—",IF(COUNTIF(G9:J9,"CONTINUO")<>1,"?",IF(G9="CONTINUO","INFERIOR",IF(H9="CONTINUO","SUPERIOR",IF(I9="CONTINUO","IZQUIERDO","DERECHO")))))) -> — | W9: =IF(U9<>"SÍ","",IF(C9="VOLADO",IF(OR(V9="IZQUIERDO",V9="DERECHO"),"X","Y"),IF(E9<=F9,"X","Y"))) -> Y | X9: =IF(U9<>"SÍ","",IF(C9="VOLADO",IF(W9="X",E9,F9),MIN(E9,F9))) -> 1.6 | Y9: =IF(U9<>"SÍ","",IF(C9="VOLADO",IF(W9="X",F9,E9),MAX(E9,F9))) -> 3.029 | Z9: =IF(U9<>"SÍ","",MIN(X9,Y9)/MAX(X9,Y9)) -> 0.52822714 | AA9: =IF(U9<>"SÍ","",MAX(1,X9*100-IF(C9="VOLADO",DATOS!$C$84/2,DATOS!$C$84))) -> 145 | AB9: =IF(U9<>"SÍ","",MAX(1,Y9*100-DATOS!$C$84)) -> 287.9 | AC9: =IF(U9<>"SÍ","",IF(ISNUMBER(Q9),Q9,DATOS!$C$80)) -> 10 | AD9: =IF(U9<>"SÍ","",MAX(0,DATOS!$C$83-AC9)) -> 60 | AE9: =IF(U9<>"SÍ","",IF(OR(DATOS!$C$62="SÍ",AC9>=20),AC9,AC9-2)) -> 10 | AF9: =IF(U9<>"SÍ","",IF(OR(DATOS!$C$62="SÍ",DATOS!$C$80>=20),DATOS!$C$80,DATOS!$C$80-2)) -> 10 | AG9: =IF(U9<>"SÍ","",MIN(DATOS!$C$83,AC9+2*MIN(8*DATOS!$C$81,AD9/2,AA9/8))) -> 46.25 | AH9: =IF(U9<>"SÍ","",MIN(DATOS!$C$83,DATOS!$C$80+2*MIN(8*DATOS!$C$81,DATOS!$C$78/2,AB9/8))) -> 70 | AI9: =IF(U9<>"SÍ","",IF(AND(C9="PERIMETRAL",X9*100>=6*MAX(DATOS!$C$78,AD9),MAX(DATOS!$C$78,AD9)<=80,MIN(DATOS!$C$80,AC9)>=10,DATOS!$C$82<=3.5*MIN(DATOS!$C$80,AC9),DATOS!$C$81>=MAX(MAX(DATOS!$C$78,AD9)/13,5)),"SÍ","NO")) -> NO | AJ9: =IF(U9<>"SÍ","",IF(C9="VOLADO",DATOS!$C$61,IF(AI9="NO",DATOS!$C$60,DATOS!$C$59))) -> 4 | AK9: =IF(U9<>"SÍ","",IF(OR(AND(AM9="SÍ",DATOS!$C$63="SÍ"),AND(C9="VOLADO",DATOS!$C$64="SÍ")),DATOS!$C$61,IF(AI9="NO",DATOS!$C$60,DATOS!$C$59))) -> 4 | AL9: =IF(U9<>"SÍ","",MAX(AK9,(DATOS!$C$81-2*DATOS!$C$94)/2)) -> 4 | AM9: =IF(U9<>"SÍ","",IFERROR(INDEX(DATOS!$D$46:$D$55,MATCH(D9,DATOS!$B$46:$B$55,0)),"NO")) -> NO | AN9: =IF(U9<>"SÍ","",IF(ISNUMBER(N9),N9,IFERROR(INDEX(DATOS!$C$46:$C$55,MATCH(D9,DATOS!$B$46:$B$55,0)),0))) -> 190 | AO9: =IF(U9<>"SÍ","",(DATOS!$C$82/100-(AD9*DATOS!$C$78/DATOS!$C$83^2)*DATOS!$C$79/100)*DATOS!$C$16*1000+(AD9*DATOS!$C$78/DATOS!$C$83^2)*DATOS!$C$79/100*DATOS!$C$17*1000+DATOS!$C$37+DATOS!$C$38) -> 307.07347 | AP9: =IF(U9<>"SÍ","",AO9+N(M9)) -> 537.07347 | AQ9: =IF(U9<>"SÍ","",MAX(DATOS!$C$26*AP9+DATOS!$C$27*AN9,IF(AM9="SÍ",DATOS!$C$28*(AP9+DATOS!$C$41),0))) -> 983.19551 | AR9: =IF(U9<>"SÍ","",(G9="DISCONTINUO")+(H9="DISCONTINUO")+(I9="DISCONTINUO")+(J9="DISCONTINUO")) -> 0 | AS9: =IF(U9<>"SÍ","",IF(W9="X",(G9="DISCONTINUO")+(H9="DISCONTINUO"),(I9="DISCONTINUO")+(J9="DISCONTINUO"))) -> 0 | AT9: =IF(U9<>"SÍ","",IF(AR9=0,"INTERIOR",IF(AR9=1,IF(AS9=1,"BORDE-CORTO","BORDE-LARGO"),IF(AR9=2,IF(AS9=1,"ESQUINA",IF(AS9=2,"EXTREMO-LARGO","EXTREMO-CORTO")),IF(AR9=3,IF(AS9=2,"EXTREMO-LARGO","EXTREMO-CORTO"),"AISLADO"))))) -> INTERIOR | AU9: =IF(U9<>"SÍ","",IF(OR(K9="",K9="AUTO"),AT9,K9)) -> INTERIOR | AV9: =IF(U9<>"SÍ","",MATCH(Z9,TABLAS!$D$5:$J$5,1)) -> 2 | AW9: =IF(U9<>"SÍ","",IF(AV9>=7,0,(Z9-INDEX(TABLAS!$D$5:$J$5,AV9))/(INDEX(TABLAS!$D$5:$J$5,AV9+1)-INDEX(TABLAS!$D$5:$J$5,AV9)))) -> 0.28227138 | AX9: =IF(U9<>"SÍ","",INDEX(TABLAS!$D$6:$J$47,MATCH(AU9&"|NIC",TABLAS!$B$6:$B$47,0),AV9)+AW9*(INDEX(TABLAS!$D$6:$J$47,MATCH(AU9&"|NIC",TABLAS!$B$6:$B$47,0),MIN(AV9+1,7))-INDEX(TABLAS!$D$6:$J$47,MATCH(AU9&"|NIC",TABLAS!$B$6:$B$47,0),AV9))) -> 1088.5853 | AY9: =IF(U9<>"SÍ","",INDEX(TABLAS!$D$6:$J$47,MATCH(AU9&"|NIL",TABLAS!$B$6:$B$47,0),AV9)+AW9*(INDEX(TABLAS!$D$6:$J$47,MATCH(AU9&"|NIL",TABLAS!$B$6:$B$47,0),MIN(AV9+1,7))-INDEX(TABLAS!$D$6:$J$47,MATCH(AU9&"|NIL",TABLAS!$B$6:$B$47,0),AV9))) -> 540.68504 | AZ9: =IF(U9<>"SÍ","",INDEX(TABLAS!$D$6:$J$47,MATCH(AU9&"|NDC",TABLAS!$B$6:$B$47,0),AV9)+AW9*(INDEX(TABLAS!$D$6:$J$47,MATCH(AU9&"|NDC",TABLAS!$B$6:$B$47,0),MIN(AV9+1,7))-INDEX(TABLAS!$D$6:$J$47,MATCH(AU9&"|NDC",TABLAS!$B$6:$B$47,0),AV9))) -> 0 | BA9: =IF(U9<>"SÍ","",INDEX(TABLAS!$D$6:$J$47,MATCH(AU9&"|NDL",TABLAS!$B$6:$B$47,0),AV9)+AW9*(INDEX(TABLAS!$D$6:$J$47,MATCH(AU9&"|NDL",TABLAS!$B$6:$B$47,0),MIN(AV9+1,7))-INDEX(TABLAS!$D$6:$J$47,MATCH(AU9&"|NDL",TABLAS!$B$6:$B$47,0),AV9))) -> 0 | BB9: =IF(U9<>"SÍ","",INDEX(TABLAS!$D$6:$J$47,MATCH(AU9&"|PC",TABLAS!$B$6:$B$47,0),AV9)+AW9*(INDEX(TABLAS!$D$6:$J$47,MATCH(AU9&"|PC",TABLAS!$B$6:$B$47,0),MIN(AV9+1,7))-INDEX(TABLAS!$D$6:$J$47,MATCH(AU9&"|PC",TABLAS!$B$6:$B$47,0),AV9))) -> 317.36316 | BC9: =IF(U9<>"SÍ","",INDEX(TABLAS!$D$6:$J$47,MATCH(AU9&"|PL",TABLAS!$B$6:$B$47,0),AV9)+AW9*(INDEX(TABLAS!$D$6:$J$47,MATCH(AU9&"|PL",TABLAS!$B$6:$B$47,0),MIN(AV9+1,7))-INDEX(TABLAS!$D$6:$J$47,MATCH(AU9&"|PL",TABLAS!$B$6:$B$47,0),AV9))) -> 148.8795 | BD9: =IF(U9<>"SÍ","",IF(C9<>"VOLADO",0,DATOS!$C$26*DATOS!$C$16*DATOS!$C$83/100*(((AD9*DATOS!$C$78/DATOS!$C$83^2)*DATOS!$C$79/100)*(IF(W9="X",DI9,DJ9)+DATOS!$C$84/2)/100*(AA9-(IF(W9="X",DI9,DJ9)+DATOS!$C$84/2)/2)/100+((AD9*DATOS!$C$78/DATOS!$C$83^2)*DATOS!$C$79/100)*IF(W9="X",DI9,DJ9)/100*IF(W9="X",DI9,DJ9)/200))) -> 0 | BE9: =IF(U9<>"SÍ","",IF(C9<>"VOLADO",0,DATOS!$C$26*DATOS!$C$16*DATOS!$C$83/100*((AD9*DATOS!$C$78/DATOS!$C$83^2)*DATOS!$C$79/100)*(IF(W9="X",DI9,DJ9)+DATOS!$C$84/2)/100)) -> 0 | BF9: =IF(U9<>"SÍ","",IF(C9="PERIMETRAL",BB9*AQ9*X9^2*1E-4*DATOS!$C$83/100/1000,0)) -> 0.055915781 | BG9: =IF(U9<>"SÍ","",IF(C9="PERIMETRAL",MAX(MAX(AX9,AZ9)*AQ9*X9^2*1E-4*DATOS!$C$83/100/1000,N(S9)),(AQ9*(AA9/100)^2/2+DATOS!$C$26*N(O9)*AA9/100)*DATOS!$C$83/100/1000+BD9)) -> 0.19179637 | BH9: =IF(U9<>"SÍ","",IF(C9="PERIMETRAL",BC9*AQ9*X9^2*1E-4*DATOS!$C$83/100/1000,0)) -> 0.026230876 | BI9: =IF(U9<>"SÍ","",IF(C9="PERIMETRAL",MAX(MAX(AY9,BA9)*AQ9*X9^2*1E-4*DATOS!$C$83/100/1000,N(T9)),0)) -> 0.09526256 | BJ9: =IF(U9<>"SÍ","",IF(C9<>"PERIMETRAL","—",IF(AND(N(S9)=0,N(T9)=0),"— (sin M⁻ del vecino)",IF(OR(AND(N(S9)>0,ABS(MAX(AX9,AZ9)*AQ9*X9^2*1E-4*DATOS!$C$83/100/1000-N(S9))>0.5*MIN(MAX(AX9,AZ9)*AQ9*X9^2*1E-4*DATOS!$C$83/100/1000,N(S9))),AND(N(T9)>0,ABS(MAX(AY9,BA9)*AQ9*X9^2*1E-4*DATOS!$C$83/100/1000-N(T9))>0.5*MIN(MAX(AY9,BA9)*AQ9*X9^2*1E-4*DATOS!$C$83/100/1000,N(T9)))),"FUERA: difieren > 50 %"&IF(AND(N(S9)>0,ABS(MAX(AX9,AZ9)*AQ9*X9^2*1E-4*DATOS!$C$83/100/1000-N(S9))>0.5*MIN(MAX(AX9,AZ9)*AQ9*X9^2*1E-4*DATOS!$C$83/100/1000,N(S9)))," ‖ corto","")&IF(AND(N(T9)>0,ABS(MAX(AY9,BA9)*AQ9*X9^2*1E-4*DATOS!$C$83/100/1000-N(T9))>0.5*MIN(MAX(AY9,BA9)*AQ9*X9^2*1E-4*DATOS!$C$83/100/1000,N(T9)))," ‖ largo",""),"CUMPLE")))) -> — (sin M⁻ del vecino) | BK9: =IF(U9<>"SÍ","",(DATOS!$C$82-AJ9-INDEX(TABLAS!$C$52:$C$58,MATCH(DATOS!$C$68,TABLAS!$B$52:$B$58,0))/2)) -> 20.365 | BL9: =IF(U9<>"SÍ","",IF(IF(BF9<=0,0,IF((1-2*BF9*1E5/(DATOS!$C$29*AG9*BK9^2*DATOS!$C$21))<0,-1,IF((1-SQRT((1-2*BF9*1E5/(DATOS!$C$29*AG9*BK9^2*DATOS!$C$21))))*DATOS!$C$21*AG9*BK9/DATOS!$C$14>DATOS!$C$99*AG9*BK9,-1,(1-SQRT((1-2*BF9*1E5/(DATOS!$C$29*AG9*BK9^2*DATOS!$C$21))))*DATOS!$C$21*AG9*BK9/DATOS!$C$14)))<0,-1,MAX(IF(BF9<=0,0,IF((1-2*BF9*1E5/(DATOS!$C$29*AG9*BK9^2*DATOS!$C$21))<0,-1,IF((1-SQRT((1-2*BF9*1E5/(DATOS!$C$29*AG9*BK9^2*DATOS!$C$21))))*DATOS!$C$21*AG9*BK9/DATOS!$C$14>DATOS!$C$99*AG9*BK9,-1,(1-SQRT((1-2*BF9*1E5/(DATOS!$C$29*AG9*BK9^2*DATOS!$C$21))))*DATOS!$C$21*AG9*BK9/DATOS!$C$14))),MIN(DATOS!$C$100*AC9*BK9,4/3*IF(BF9<=0,0,IF((1-2*BF9*1E5/(DATOS!$C$29*AG9*BK9^2*DATOS!$C$21))<0,-1,IF((1-SQRT((1-2*BF9*1E5/(DATOS!$C$29*AG9*BK9^2*DATOS!$C$21))))*DATOS!$C$21*AG9*BK9/DATOS!$C$14>DATOS!$C$99*AG9*BK9,-1,(1-SQRT((1-2*BF9*1E5/(DATOS!$C$29*AG9*BK9^2*DATOS!$C$21))))*DATOS!$C$21*AG9*BK9/DATOS!$C$14))))))) -> 0.09692332 | BM9: =IF(U9<>"SÍ","",IF(AND(BL9>=0,IF(MAX(DATOS!$C$71,CEILING(BL9/INDEX(TABLAS!$D$52:$D$58,MIN(MATCH(DATOS!$C$68,TABLAS!$B$52:$B$58,0)+0,7)),1))*INDEX(TABLAS!$D$52:$D$58,MIN(MATCH(DATOS!$C$68,TABLAS!$B$52:$B$58,0)+0,7))>=4/3*IF(BF9<=0,0,IF((1-2*BF9*1E5/(DATOS!$C$29*AG9*BK9^2*DATOS!$C$21))<0,-1,IF((1-SQRT((1-2*BF9*1E5/(DATOS!$C$29*AG9*BK9^2*DATOS!$C$21))))*DATOS!$C$21*AG9*BK9/DATOS!$C$14>DATOS!$C$99*AG9*BK9,-1,(1-SQRT((1-2*BF9*1E5/(DATOS!$C$29*AG9*BK9^2*DATOS!$C$21))))*DATOS!$C$21*AG9*BK9/DATOS!$C$14)))-0.0001,MAX(DATOS!$C$71,CEILING(BL9/INDEX(TABLAS!$D$52:$D$58,MIN(MATCH(DATOS!$C$68,TABLAS!$B$52:$B$58,0)+0,7)),1)),MAX(MAX(DATOS!$C$71,CEILING(BL9/INDEX(TABLAS!$D$52:$D$58,MIN(MATCH(DATOS!$C$68,TABLAS!$B$52:$B$58,0)+0,7)),1)),2))<=MIN(DATOS!$C$70,INT(((AC9-2*AJ9)+MAX(DATOS!$C$67,INDEX(TABLAS!$C$52:$C$58,MIN(MATCH(DATOS!$C$68,TABLAS!$B$52:$B$58,0)+0,7))))/(INDEX(TABLAS!$C$52:$C$58,MIN(MATCH(DATOS!$C$68,TABLAS!$B$52:$B$58,0)+0,7))+MAX(DATOS!$C$67,INDEX(TABLAS!$C$52:$C$58,MIN(MATCH(DATOS!$C$68,TABLAS!$B$52:$B$58,0)+0,7))))))),INDEX(TABLAS!$B$52:$B$58,MIN(MATCH(DATOS!$C$68,TABLAS!$B$52:$B$58,0)+0,7)),IF(AND(BL9>=0,IF(MAX(DATOS!$C$71,CEILING(BL9/INDEX(TABLAS!$D$52:$D$58,MIN(MATCH(DATOS!$C$68,TABLAS!$B$52:$B$58,0)+1,7)),1))*INDEX(TABLAS!$D$52:$D$58,MIN(MATCH(DATOS!$C$68,TABLAS!$B$52:$B$58,0)+1,7))>=4/3*IF(BF9<=0,0,IF((1-2*BF9*1E5/(DATOS!$C$29*AG9*BK9^2*DATOS!$C$21))<0,-1,IF((1-SQRT((1-2*BF9*1E5/(DATOS!$C$29*AG9*BK9^2*DATOS!$C$21))))*DATOS!$C$21*AG9*BK9/DATOS!$C$14>DATOS!$C$99*AG9*BK9,-1,(1-SQRT((1-2*BF9*1E5/(DATOS!$C$29*AG9*BK9^2*DATOS!$C$21))))*DATOS!$C$21*AG9*BK9/DATOS!$C$14)))-0.0001,MAX(DATOS!$C$71,CEILING(BL9/INDEX(TABLAS!$D$52:$D$58,MIN(MATCH(DATOS!$C$68,TABLAS!$B$52:$B$58,0)+1,7)),1)),MAX(MAX(DATOS!$C$71,CEILING(BL9/INDEX(TABLAS!$D$52:$D$58,MIN(MATCH(DATOS!$C$68,TABLAS!$B$52:$B$58,0)+1,7)),1)),2))<=MIN(DATOS!$C$70,INT(((AC9-2*AJ9)+MAX(DATOS!$C$67,INDEX(TABLAS!$C$52:$C$58,MIN(MATCH(DATOS!$C$68,TABLAS!$B$52:$B$58,0)+1,7))))/(INDEX(TABLAS!$C$52:$C$58,MIN(MATCH(DATOS!$C$68,TABLAS!$B$52:$B$58,0)+1,7))+MAX(DATOS!$C$67,INDEX(TABLAS!$C$52:$C$58,MIN(MATCH(DATOS!$C$68,TABLAS!$B$52:$B$58,0)+1,7))))))),INDEX(TABLAS!$B$52:$B$58,MIN(MATCH(DATOS!$C$68,TABLAS!$B$52:$B$58,0)+1,7)),IF(AND(BL9>=0,IF(MAX(DATOS!$C$71,CEILING(BL9/INDEX(TABLAS!$D$52:$D$58,MIN(MATCH(DATOS!$C$68,TABLAS!$B$52:$B$58,0)+2,7)),1))*INDEX(TABLAS!$D$52:$D$58,MIN(MATCH(DATOS!$C$68,TABLAS!$B$52:$B$58,0)+2,7))>=4/3*IF(BF9<=0,0,IF((1-2*BF9*1E5/(DATOS!$C$29*AG9*BK9^2*DATOS!$C$21))<0,-1,IF((1-SQRT((1-2*BF9*1E5/(DATOS!$C$29*AG9*BK9^2*DATOS!$C$21))))*DATOS!$C$21*AG9*BK9/DATOS!$C$14>DATOS!$C$99*AG9*BK9,-1,(1-SQRT((1-2*BF9*1E5/(DATOS!$C$29*AG9*BK9^2*DATOS!$C$21))))*DATOS!$C$21*AG9*BK9/DATOS!$C$14)))-0.0001,MAX(DATOS!$C$71,CEILING(BL9/INDEX(TABLAS!$D$52:$D$58,MIN(MATCH(DATOS!$C$68,TABLAS!$B$52:$B$58,0)+2,7)),1)),MAX(MAX(DATOS!$C$71,CEILING(BL9/INDEX(TABLAS!$D$52:$D$58,MIN(MATCH(DATOS!$C$68,TABLAS!$B$52:$B$58,0)+2,7)),1)),2))<=MIN(DATOS!$C$70,INT(((AC9-2*AJ9)+MAX(DATOS!$C$67,INDEX(TABLAS!$C$52:$C$58,MIN(MATCH(DATOS!$C$68,TABLAS!$B$52:$B$58,0)+2,7))))/(INDEX(TABLAS!$C$52:$C$58,MIN(MATCH(DATOS!$C$68,TABLAS!$B$52:$B$58,0)+2,7))+MAX(DATOS!$C$67,INDEX(TABLAS!$C$52:$C$58,MIN(MATCH(DATOS!$C$68,TABLAS!$B$52:$B$58,0)+2,7))))))),INDEX(TABLAS!$B$52:$B$58,MIN(MATCH(DATOS!$C$68,TABLAS!$B$52:$B$58,0)+2,7)),IF(AND(BL9>=0,IF(MAX(DATOS!$C$71,CEILING(BL9/INDEX(TABLAS!$D$52:$D$58,MIN(MATCH(DATOS!$C$68,TABLAS!$B$52:$B$58,0)+3,7)),1))*INDEX(TABLAS!$D$52:$D$58,MIN(MATCH(DATOS!$C$68,TABLAS!$B$52:$B$58,0)+3,7))>=4/3*IF(BF9<=0,0,IF((1-2*BF9*1E5/(DATOS!$C$29*AG9*BK9^2*DATOS!$C$21))<0,-1,IF((1-SQRT((1-2*BF9*1E5/(DATOS!$C$29*AG9*BK9^2*DATOS!$C$21))))*DATOS!$C$21*AG9*BK9/DATOS!$C$14>DATOS!$C$99*AG9*BK9,-1,(1-SQRT((1-2*BF9*1E5/(DATOS!$C$29*AG9*BK9^2*DATOS!$C$21))))*DATOS!$C$21*AG9*BK9/DATOS!$C$14)))-0.0001,MAX(DATOS!$C$71,CEILING(BL9/INDEX(TABLAS!$D$52:$D$58,MIN(MATCH(DATOS!$C$68,TABLAS!$B$52:$B$58,0)+3,7)),1)),MAX(MAX(DATOS!$C$71,CEILING(BL9/INDEX(TABLAS!$D$52:$D$58,MIN(MATCH(DATOS!$C$68,TABLAS!$B$52:$B$58,0)+3,7)),1)),2))<=MIN(DATOS!$C$70,INT(((AC9-2*AJ9)+MAX(DATOS!$C$67,INDEX(TABLAS!$C$52:$C$58,MIN(MATCH(DATOS!$C$68,TABLAS!$B$52:$B$58,0)+3,7))))/(INDEX(TABLAS!$C$52:$C$58,MIN(MATCH(DATOS!$C$68,TABLAS!$B$52:$B$58,0)+3,7))+MAX(DATOS!$C$67,INDEX(TABLAS!$C$52:$C$58,MIN(MATCH(DATOS!$C$68,TABLAS!$B$52:$B$58,0)+3,7))))))),INDEX(TABLAS!$B$52:$B$58,MIN(MATCH(DATOS!$C$68,TABLAS!$B$52:$B$58,0)+3,7)),IF(AND(BL9>=0,IF(MAX(DATOS!$C$71,CEILING(BL9/INDEX(TABLAS!$D$52:$D$58,MIN(MATCH(DATOS!$C$68,TABLAS!$B$52:$B$58,0)+4,7)),1))*INDEX(TABLAS!$D$52:$D$58,MIN(MATCH(DATOS!$C$68,TABLAS!$B$52:$B$58,0)+4,7))>=4/3*IF(BF9<=0,0,IF((1-2*BF9*1E5/(DATOS!$C$29*AG9*BK9^2*DATOS!$C$21))<0,-1,IF((1-SQRT((1-2*BF9*1E5/(DATOS!$C$29*AG9*BK9^2*DATOS!$C$21))))*DATOS!$C$21*AG9*BK9/DATOS!$C$14>DATOS!$C$99*AG9*BK9,-1,(1-SQRT((1-2*BF9*1E5/(DATOS!$C$29*AG9*BK9^2*DATOS!$C$21))))*DATOS!$C$21*AG9*BK9/DATOS!$C$14)))-0.0001,MAX(DATOS!$C$71,CEILING(BL9/INDEX(TABLAS!$D$52:$D$58,MIN(MATCH(DATOS!$C$68,TABLAS!$B$52:$B$58,0)+4,7)),1)),MAX(MAX(DATOS!$C$71,CEILING(BL9/INDEX(TABLAS!$D$52:$D$58,MIN(MATCH(DATOS!$C$68,TABLAS!$B$52:$B$58,0)+4,7)),1)),2))<=MIN(DATOS!$C$70,INT(((AC9-2*AJ9)+MAX(DATOS!$C$67,INDEX(TABLAS!$C$52:$C$58,MIN(MATCH(DATOS!$C$68,TABLAS!$B$52:$B$58,0)+4,7))))/(INDEX(TABLAS!$C$52:$C$58,MIN(MATCH(DATOS!$C$68,TABLAS!$B$52:$B$58,0)+4,7))+MAX(DATOS!$C$67,INDEX(TABLAS!$C$52:$C$58,MIN(MATCH(DATOS!$C$68,TABLAS!$B$52:$B$58,0)+4,7))))))),INDEX(TABLAS!$B$52:$B$58,MIN(MATCH(DATOS!$C$68,TABLAS!$B$52:$B$58,0)+4,7)),INDEX(TABLAS!$B$52:$B$58,7))))))) -> 4 | BN9: =IF(U9<>"SÍ","",IF(BL9<0,0,IF(MAX(DATOS!$C$71,CEILING(MAX(BL9,0)/INDEX(TABLAS!$D$52:$D$58,MATCH(BM9,TABLAS!$B$52:$B$58,0)),1))*INDEX(TABLAS!$D$52:$D$58,MATCH(BM9,TABLAS!$B$52:$B$58,0))>=4/3*IF(BF9<=0,0,IF((1-2*BF9*1E5/(DATOS!$C$29*AG9*BK9^2*DATOS!$C$21))<0,-1,IF((1-SQRT((1-2*BF9*1E5/(DATOS!$C$29*AG9*BK9^2*DATOS!$C$21))))*DATOS!$C$21*AG9*BK9/DATOS!$C$14>DATOS!$C$99*AG9*BK9,-1,(1-SQRT((1-2*BF9*1E5/(DATOS!$C$29*AG9*BK9^2*DATOS!$C$21))))*DATOS!$C$21*AG9*BK9/DATOS!$C$14)))-0.0001,MAX(DATOS!$C$71,CEILING(MAX(BL9,0)/INDEX(TABLAS!$D$52:$D$58,MATCH(BM9,TABLAS!$B$52:$B$58,0)),1)),MAX(MAX(DATOS!$C$71,CEILING(MAX(BL9,0)/INDEX(TABLAS!$D$52:$D$58,MATCH(BM9,TABLAS!$B$52:$B$58,0)),1)),2)))) -> 1 | BO9: =IF(U9<>"SÍ","",DATOS!$C$82-AJ9-INDEX(TABLAS!$C$52:$C$58,MATCH(BM9,TABLAS!$B$52:$B$58,0))/2) -> 20.365 | BP9: =IF(U9<>"SÍ","",IF(BN9=0,0,DATOS!$C$29*BN9*INDEX(TABLAS!$D$52:$D$58,MATCH(BM9,TABLAS!$B$52:$B$58,0))*DATOS!$C$14*(BO9-BN9*INDEX(TABLAS!$D$52:$D$58,MATCH(BM9,TABLAS!$B$52:$B$58,0))*DATOS!$C$14/(DATOS!$C$21*AG9)/2)/1E5)) -> 0.96461509 | BQ9: =IF(U9<>"SÍ","",IF(BL9<0,9.99,IF(BP9>0,BF9/BP9,0))) -> 0.057966936 | BR9: =IF(U9<>"SÍ","",IF(BN9=0,"—",0.003*(BO9-(BN9*INDEX(TABLAS!$D$52:$D$58,MATCH(BM9,TABLAS!$B$52:$B$58,0))*DATOS!$C$14/(DATOS!$C$21*AG9)/DATOS!$C$22))/(BN9*INDEX(TABLAS!$D$52:$D$58,MATCH(BM9,TABLAS!$B$52:$B$58,0))*DATOS!$C$14/(DATOS!$C$21*AG9)/DATOS!$C$22))) -> 0.092684646 | BS9: =IF(U9<>"SÍ","",((DATOS!$C$82-AL9-2*DATOS!$C$94-INDEX(TABLAS!$C$52:$C$58,MATCH(DATOS!$C$69,TABLAS!$B$52:$B$58,0))/2)-IF(AND((DATOS!$C$82-AL9-2*DATOS!$C$94-INDEX(TABLAS!$C$52:$C$58,MATCH(DATOS!$C$69,TABLAS!$B$52:$B$58,0))/2)<=20,DATOS!$C$62<>"SÍ"),2,0))) -> 19.221 | BT9: =IF(U9<>"SÍ","",IF(IF(BG9<=0,0,IF((1-2*BG9*1E5/(DATOS!$C$29*AE9*BS9^2*DATOS!$C$21))<0,-1,IF((1-SQRT((1-2*BG9*1E5/(DATOS!$C$29*AE9*BS9^2*DATOS!$C$21))))*DATOS!$C$21*AE9*BS9/DATOS!$C$14>DATOS!$C$99*AE9*BS9,-1,(1-SQRT((1-2*BG9*1E5/(DATOS!$C$29*AE9*BS9^2*DATOS!$C$21))))*DATOS!$C$21*AE9*BS9/DATOS!$C$14)))<0,-1,MAX(IF(BG9<=0,0,IF((1-2*BG9*1E5/(DATOS!$C$29*AE9*BS9^2*DATOS!$C$21))<0,-1,IF((1-SQRT((1-2*BG9*1E5/(DATOS!$C$29*AE9*BS9^2*DATOS!$C$21))))*DATOS!$C$21*AE9*BS9/DATOS!$C$14>DATOS!$C$99*AE9*BS9,-1,(1-SQRT((1-2*BG9*1E5/(DATOS!$C$29*AE9*BS9^2*DATOS!$C$21))))*DATOS!$C$21*AE9*BS9/DATOS!$C$14))),MIN(DATOS!$C$100*IF(C9="VOLADO",MIN(AG9,2*AC9),AC9)*BS9,4/3*IF(BG9<=0,0,IF((1-2*BG9*1E5/(DATOS!$C$29*AE9*BS9^2*DATOS!$C$21))<0,-1,IF((1-SQRT((1-2*BG9*1E5/(DATOS!$C$29*AE9*BS9^2*DATOS!$C$21))))*DATOS!$C$21*AE9*BS9/DATOS!$C$14>DATOS!$C$99*AE9*BS9,-1,(1-SQRT((1-2*BG9*1E5/(DATOS!$C$29*AE9*BS9^2*DATOS!$C$21))))*DATOS!$C$21*AE9*BS9/DATOS!$C$14))))))) -> 0.356886 | BU9: =IF(U9<>"SÍ","",IF(AND(BT9>=0,IF(MAX(DATOS!$C$71,CEILING(BT9/INDEX(TABLAS!$D$52:$D$58,MIN(MATCH(DATOS!$C$69,TABLAS!$B$52:$B$58,0)+0,7)),1))*INDEX(TABLAS!$D$52:$D$58,MIN(MATCH(DATOS!$C$69,TABLAS!$B$52:$B$58,0)+0,7))>=4/3*IF(BG9<=0,0,IF((1-2*BG9*1E5/(DATOS!$C$29*AE9*BS9^2*DATOS!$C$21))<0,-1,IF((1-SQRT((1-2*BG9*1E5/(DATOS!$C$29*AE9*BS9^2*DATOS!$C$21))))*DATOS!$C$21*AE9*BS9/DATOS!$C$14>DATOS!$C$99*AE9*BS9,-1,(1-SQRT((1-2*BG9*1E5/(DATOS!$C$29*AE9*BS9^2*DATOS!$C$21))))*DATOS!$C$21*AE9*BS9/DATOS!$C$14)))-0.0001,MAX(DATOS!$C$71,CEILING(BT9/INDEX(TABLAS!$D$52:$D$58,MIN(MATCH(DATOS!$C$69,TABLAS!$B$52:$B$58,0)+0,7)),1)),MAX(MAX(DATOS!$C$71,CEILING(BT9/INDEX(TABLAS!$D$52:$D$58,MIN(MATCH(DATOS!$C$69,TABLAS!$B$52:$B$58,0)+0,7)),1)),2))<=MIN(DATOS!$C$70,INT(((AC9-2*AK9)+MAX(DATOS!$C$67,INDEX(TABLAS!$C$52:$C$58,MIN(MATCH(DATOS!$C$69,TABLAS!$B$52:$B$58,0)+0,7))))/(INDEX(TABLAS!$C$52:$C$58,MIN(MATCH(DATOS!$C$69,TABLAS!$B$52:$B$58,0)+0,7))+MAX(DATOS!$C$67,INDEX(TABLAS!$C$52:$C$58,MIN(MATCH(DATOS!$C$69,TABLAS!$B$52:$B$58,0)+0,7))))))),INDEX(TABLAS!$B$52:$B$58,MIN(MATCH(DATOS!$C$69,TABLAS!$B$52:$B$58,0)+0,7)),IF(AND(BT9>=0,IF(MAX(DATOS!$C$71,CEILING(BT9/INDEX(TABLAS!$D$52:$D$58,MIN(MATCH(DATOS!$C$69,TABLAS!$B$52:$B$58,0)+1,7)),1))*INDEX(TABLAS!$D$52:$D$58,MIN(MATCH(DATOS!$C$69,TABLAS!$B$52:$B$58,0)+1,7))>=4/3*IF(BG9<=0,0,IF((1-2*BG9*1E5/(DATOS!$C$29*AE9*BS9^2*DATOS!$C$21))<0,-1,IF((1-SQRT((1-2*BG9*1E5/(DATOS!$C$29*AE9*BS9^2*DATOS!$C$21))))*DATOS!$C$21*AE9*BS9/DATOS!$C$14>DATOS!$C$99*AE9*BS9,-1,(1-SQRT((1-2*BG9*1E5/(DATOS!$C$29*AE9*BS9^2*DATOS!$C$21))))*DATOS!$C$21*AE9*BS9/DATOS!$C$14)))-0.0001,MAX(DATOS!$C$71,CEILING(BT9/INDEX(TABLAS!$D$52:$D$58,MIN(MATCH(DATOS!$C$69,TABLAS!$B$52:$B$58,0)+1,7)),1)),MAX(MAX(DATOS!$C$71,CEILING(BT9/INDEX(TABLAS!$D$52:$D$58,MIN(MATCH(DATOS!$C$69,TABLAS!$B$52:$B$58,0)+1,7)),1)),2))<=MIN(DATOS!$C$70,INT(((AC9-2*AK9)+MAX(DATOS!$C$67,INDEX(TABLAS!$C$52:$C$58,MIN(MATCH(DATOS!$C$69,TABLAS!$B$52:$B$58,0)+1,7))))/(INDEX(TABLAS!$C$52:$C$58,MIN(MATCH(DATOS!$C$69,TABLAS!$B$52:$B$58,0)+1,7))+MAX(DATOS!$C$67,INDEX(TABLAS!$C$52:$C$58,MIN(MATCH(DATOS!$C$69,TABLAS!$B$52:$B$58,0)+1,7))))))),INDEX(TABLAS!$B$52:$B$58,MIN(MATCH(DATOS!$C$69,TABLAS!$B$52:$B$58,0)+1,7)),IF(AND(BT9>=0,IF(MAX(DATOS!$C$71,CEILING(BT9/INDEX(TABLAS!$D$52:$D$58,MIN(MATCH(DATOS!$C$69,TABLAS!$B$52:$B$58,0)+2,7)),1))*INDEX(TABLAS!$D$52:$D$58,MIN(MATCH(DATOS!$C$69,TABLAS!$B$52:$B$58,0)+2,7))>=4/3*IF(BG9<=0,0,IF((1-2*BG9*1E5/(DATOS!$C$29*AE9*BS9^2*DATOS!$C$21))<0,-1,IF((1-SQRT((1-2*BG9*1E5/(DATOS!$C$29*AE9*BS9^2*DATOS!$C$21))))*DATOS!$C$21*AE9*BS9/DATOS!$C$14>DATOS!$C$99*AE9*BS9,-1,(1-SQRT((1-2*BG9*1E5/(DATOS!$C$29*AE9*BS9^2*DATOS!$C$21))))*DATOS!$C$21*AE9*BS9/DATOS!$C$14)))-0.0001,MAX(DATOS!$C$71,CEILING(BT9/INDEX(TABLAS!$D$52:$D$58,MIN(MATCH(DATOS!$C$69,TABLAS!$B$52:$B$58,0)+2,7)),1)),MAX(MAX(DATOS!$C$71,CEILING(BT9/INDEX(TABLAS!$D$52:$D$58,MIN(MATCH(DATOS!$C$69,TABLAS!$B$52:$B$58,0)+2,7)),1)),2))<=MIN(DATOS!$C$70,INT(((AC9-2*AK9)+MAX(DATOS!$C$67,INDEX(TABLAS!$C$52:$C$58,MIN(MATCH(DATOS!$C$69,TABLAS!$B$52:$B$58,0)+2,7))))/(INDEX(TABLAS!$C$52:$C$58,MIN(MATCH(DATOS!$C$69,TABLAS!$B$52:$B$58,0)+2,7))+MAX(DATOS!$C$67,INDEX(TABLAS!$C$52:$C$58,MIN(MATCH(DATOS!$C$69,TABLAS!$B$52:$B$58,0)+2,7))))))),INDEX(TABLAS!$B$52:$B$58,MIN(MATCH(DATOS!$C$69,TABLAS!$B$52:$B$58,0)+2,7)),IF(AND(BT9>=0,IF(MAX(DATOS!$C$71,CEILING(BT9/INDEX(TABLAS!$D$52:$D$58,MIN(MATCH(DATOS!$C$69,TABLAS!$B$52:$B$58,0)+3,7)),1))*INDEX(TABLAS!$D$52:$D$58,MIN(MATCH(DATOS!$C$69,TABLAS!$B$52:$B$58,0)+3,7))>=4/3*IF(BG9<=0,0,IF((1-2*BG9*1E5/(DATOS!$C$29*AE9*BS9^2*DATOS!$C$21))<0,-1,IF((1-SQRT((1-2*BG9*1E5/(DATOS!$C$29*AE9*BS9^2*DATOS!$C$21))))*DATOS!$C$21*AE9*BS9/DATOS!$C$14>DATOS!$C$99*AE9*BS9,-1,(1-SQRT((1-2*BG9*1E5/(DATOS!$C$29*AE9*BS9^2*DATOS!$C$21))))*DATOS!$C$21*AE9*BS9/DATOS!$C$14)))-0.0001,MAX(DATOS!$C$71,CEILING(BT9/INDEX(TABLAS!$D$52:$D$58,MIN(MATCH(DATOS!$C$69,TABLAS!$B$52:$B$58,0)+3,7)),1)),MAX(MAX(DATOS!$C$71,CEILING(BT9/INDEX(TABLAS!$D$52:$D$58,MIN(MATCH(DATOS!$C$69,TABLAS!$B$52:$B$58,0)+3,7)),1)),2))<=MIN(DATOS!$C$70,INT(((AC9-2*AK9)+MAX(DATOS!$C$67,INDEX(TABLAS!$C$52:$C$58,MIN(MATCH(DATOS!$C$69,TABLAS!$B$52:$B$58,0)+3,7))))/(INDEX(TABLAS!$C$52:$C$58,MIN(MATCH(DATOS!$C$69,TABLAS!$B$52:$B$58,0)+3,7))+MAX(DATOS!$C$67,INDEX(TABLAS!$C$52:$C$58,MIN(MATCH(DATOS!$C$69,TABLAS!$B$52:$B$58,0)+3,7))))))),INDEX(TABLAS!$B$52:$B$58,MIN(MATCH(DATOS!$C$69,TABLAS!$B$52:$B$58,0)+3,7)),IF(AND(BT9>=0,IF(MAX(DATOS!$C$71,CEILING(BT9/INDEX(TABLAS!$D$52:$D$58,MIN(MATCH(DATOS!$C$69,TABLAS!$B$52:$B$58,0)+4,7)),1))*INDEX(TABLAS!$D$52:$D$58,MIN(MATCH(DATOS!$C$69,TABLAS!$B$52:$B$58,0)+4,7))>=4/3*IF(BG9<=0,0,IF((1-2*BG9*1E5/(DATOS!$C$29*AE9*BS9^2*DATOS!$C$21))<0,-1,IF((1-SQRT((1-2*BG9*1E5/(DATOS!$C$29*AE9*BS9^2*DATOS!$C$21))))*DATOS!$C$21*AE9*BS9/DATOS!$C$14>DATOS!$C$99*AE9*BS9,-1,(1-SQRT((1-2*BG9*1E5/(DATOS!$C$29*AE9*BS9^2*DATOS!$C$21))))*DATOS!$C$21*AE9*BS9/DATOS!$C$14)))-0.0001,MAX(DATOS!$C$71,CEILING(BT9/INDEX(TABLAS!$D$52:$D$58,MIN(MATCH(DATOS!$C$69,TABLAS!$B$52:$B$58,0)+4,7)),1)),MAX(MAX(DATOS!$C$71,CEILING(BT9/INDEX(TABLAS!$D$52:$D$58,MIN(MATCH(DATOS!$C$69,TABLAS!$B$52:$B$58,0)+4,7)),1)),2))<=MIN(DATOS!$C$70,INT(((AC9-2*AK9)+MAX(DATOS!$C$67,INDEX(TABLAS!$C$52:$C$58,MIN(MATCH(DATOS!$C$69,TABLAS!$B$52:$B$58,0)+4,7))))/(INDEX(TABLAS!$C$52:$C$58,MIN(MATCH(DATOS!$C$69,TABLAS!$B$52:$B$58,0)+4,7))+MAX(DATOS!$C$67,INDEX(TABLAS!$C$52:$C$58,MIN(MATCH(DATOS!$C$69,TABLAS!$B$52:$B$58,0)+4,7))))))),INDEX(TABLAS!$B$52:$B$58,MIN(MATCH(DATOS!$C$69,TABLAS!$B$52:$B$58,0)+4,7)),INDEX(TABLAS!$B$52:$B$58,7))))))) -> 4 | BV9: =IF(U9<>"SÍ","",IF(BT9<0,0,IF(MAX(DATOS!$C$71,CEILING(MAX(BT9,0)/INDEX(TABLAS!$D$52:$D$58,MATCH(BU9,TABLAS!$B$52:$B$58,0)),1))*INDEX(TABLAS!$D$52:$D$58,MATCH(BU9,TABLAS!$B$52:$B$58,0))>=4/3*IF(BG9<=0,0,IF((1-2*BG9*1E5/(DATOS!$C$29*AE9*BS9^2*DATOS!$C$21))<0,-1,IF((1-SQRT((1-2*BG9*1E5/(DATOS!$C$29*AE9*BS9^2*DATOS!$C$21))))*DATOS!$C$21*AE9*BS9/DATOS!$C$14>DATOS!$C$99*AE9*BS9,-1,(1-SQRT((1-2*BG9*1E5/(DATOS!$C$29*AE9*BS9^2*DATOS!$C$21))))*DATOS!$C$21*AE9*BS9/DATOS!$C$14)))-0.0001,MAX(DATOS!$C$71,CEILING(MAX(BT9,0)/INDEX(TABLAS!$D$52:$D$58,MATCH(BU9,TABLAS!$B$52:$B$58,0)),1)),MAX(MAX(DATOS!$C$71,CEILING(MAX(BT9,0)/INDEX(TABLAS!$D$52:$D$58,MATCH(BU9,TABLAS!$B$52:$B$58,0)),1)),2)))) -> 1 | BW9: =IF(U9<>"SÍ","",((DATOS!$C$82-AL9-2*DATOS!$C$94-INDEX(TABLAS!$C$52:$C$58,MATCH(BU9,TABLAS!$B$52:$B$58,0))/2)-IF(AND((DATOS!$C$82-AL9-2*DATOS!$C$94-INDEX(TABLAS!$C$52:$C$58,MATCH(BU9,TABLAS!$B$52:$B$58,0))/2)<=20,DATOS!$C$62<>"SÍ"),2,0))) -> 19.221 | BX9: =IF(U9<>"SÍ","",IF(BV9=0,0,DATOS!$C$29*BV9*INDEX(TABLAS!$D$52:$D$58,MATCH(BU9,TABLAS!$B$52:$B$58,0))*DATOS!$C$14*(BW9-BV9*INDEX(TABLAS!$D$52:$D$58,MATCH(BU9,TABLAS!$B$52:$B$58,0))*DATOS!$C$14/(DATOS!$C$21*AE9)/2)/1E5)) -> 0.86247297 | BY9: =IF(U9<>"SÍ","",IF(BT9<0,9.99,IF(BX9>0,BG9/BX9,0))) -> 0.22237957 | BZ9: =IF(U9<>"SÍ","",IF(BV9=0,"—",0.003*(BW9-(BV9*INDEX(TABLAS!$D$52:$D$58,MATCH(BU9,TABLAS!$B$52:$B$58,0))*DATOS!$C$14/(DATOS!$C$21*AE9)/DATOS!$C$22))/(BV9*INDEX(TABLAS!$D$52:$D$58,MATCH(BU9,TABLAS!$B$52:$B$58,0))*DATOS!$C$14/(DATOS!$C$21*AE9)/DATOS!$C$22))) -> 0.016526396 | CA9: =IF(U9<>"SÍ","",(DATOS!$C$82-AJ9-INDEX(TABLAS!$C$52:$C$58,MATCH(DATOS!$C$68,TABLAS!$B$52:$B$58,0))-INDEX(TABLAS!$C$52:$C$58,MATCH(DATOS!$C$68,TABLAS!$B$52:$B$58,0))/2)) -> 19.095 | CB9: =IF(U9<>"SÍ","",IF(IF(BH9<=0,0,IF((1-2*BH9*1E5/(DATOS!$C$29*AH9*CA9^2*DATOS!$C$21))<0,-1,IF((1-SQRT((1-2*BH9*1E5/(DATOS!$C$29*AH9*CA9^2*DATOS!$C$21))))*DATOS!$C$21*AH9*CA9/DATOS!$C$14>DATOS!$C$99*AH9*CA9,-1,(1-SQRT((1-2*BH9*1E5/(DATOS!$C$29*AH9*CA9^2*DATOS!$C$21))))*DATOS!$C$21*AH9*CA9/DATOS!$C$14)))<0,-1,MAX(IF(BH9<=0,0,IF((1-2*BH9*1E5/(DATOS!$C$29*AH9*CA9^2*DATOS!$C$21))<0,-1,IF((1-SQRT((1-2*BH9*1E5/(DATOS!$C$29*AH9*CA9^2*DATOS!$C$21))))*DATOS!$C$21*AH9*CA9/DATOS!$C$14>DATOS!$C$99*AH9*CA9,-1,(1-SQRT((1-2*BH9*1E5/(DATOS!$C$29*AH9*CA9^2*DATOS!$C$21))))*DATOS!$C$21*AH9*CA9/DATOS!$C$14))),MIN(DATOS!$C$100*DATOS!$C$80*CA9,4/3*IF(BH9<=0,0,IF((1-2*BH9*1E5/(DATOS!$C$29*AH9*CA9^2*DATOS!$C$21))<0,-1,IF((1-SQRT((1-2*BH9*1E5/(DATOS!$C$29*AH9*CA9^2*DATOS!$C$21))))*DATOS!$C$21*AH9*CA9/DATOS!$C$14>DATOS!$C$99*AH9*CA9,-1,(1-SQRT((1-2*BH9*1E5/(DATOS!$C$29*AH9*CA9^2*DATOS!$C$21))))*DATOS!$C$21*AH9*CA9/DATOS!$C$14))))))) -> 0.04846819 | CC9: =IF(U9<>"SÍ","",IF(AND(CB9>=0,IF(MAX(DATOS!$C$71,CEILING(CB9/INDEX(TABLAS!$D$52:$D$58,MIN(MATCH(DATOS!$C$68,TABLAS!$B$52:$B$58,0)+0,7)),1))*INDEX(TABLAS!$D$52:$D$58,MIN(MATCH(DATOS!$C$68,TABLAS!$B$52:$B$58,0)+0,7))>=4/3*IF(BH9<=0,0,IF((1-2*BH9*1E5/(DATOS!$C$29*AH9*CA9^2*DATOS!$C$21))<0,-1,IF((1-SQRT((1-2*BH9*1E5/(DATOS!$C$29*AH9*CA9^2*DATOS!$C$21))))*DATOS!$C$21*AH9*CA9/DATOS!$C$14>DATOS!$C$99*AH9*CA9,-1,(1-SQRT((1-2*BH9*1E5/(DATOS!$C$29*AH9*CA9^2*DATOS!$C$21))))*DATOS!$C$21*AH9*CA9/DATOS!$C$14)))-0.0001,MAX(DATOS!$C$71,CEILING(CB9/INDEX(TABLAS!$D$52:$D$58,MIN(MATCH(DATOS!$C$68,TABLAS!$B$52:$B$58,0)+0,7)),1)),MAX(MAX(DATOS!$C$71,CEILING(CB9/INDEX(TABLAS!$D$52:$D$58,MIN(MATCH(DATOS!$C$68,TABLAS!$B$52:$B$58,0)+0,7)),1)),2))<=MIN(DATOS!$C$70,INT(((DATOS!$C$80-2*AJ9)+MAX(DATOS!$C$67,INDEX(TABLAS!$C$52:$C$58,MIN(MATCH(DATOS!$C$68,TABLAS!$B$52:$B$58,0)+0,7))))/(INDEX(TABLAS!$C$52:$C$58,MIN(MATCH(DATOS!$C$68,TABLAS!$B$52:$B$58,0)+0,7))+MAX(DATOS!$C$67,INDEX(TABLAS!$C$52:$C$58,MIN(MATCH(DATOS!$C$68,TABLAS!$B$52:$B$58,0)+0,7))))))),INDEX(TABLAS!$B$52:$B$58,MIN(MATCH(DATOS!$C$68,TABLAS!$B$52:$B$58,0)+0,7)),IF(AND(CB9>=0,IF(MAX(DATOS!$C$71,CEILING(CB9/INDEX(TABLAS!$D$52:$D$58,MIN(MATCH(DATOS!$C$68,TABLAS!$B$52:$B$58,0)+1,7)),1))*INDEX(TABLAS!$D$52:$D$58,MIN(MATCH(DATOS!$C$68,TABLAS!$B$52:$B$58,0)+1,7))>=4/3*IF(BH9<=0,0,IF((1-2*BH9*1E5/(DATOS!$C$29*AH9*CA9^2*DATOS!$C$21))<0,-1,IF((1-SQRT((1-2*BH9*1E5/(DATOS!$C$29*AH9*CA9^2*DATOS!$C$21))))*DATOS!$C$21*AH9*CA9/DATOS!$C$14>DATOS!$C$99*AH9*CA9,-1,(1-SQRT((1-2*BH9*1E5/(DATOS!$C$29*AH9*CA9^2*DATOS!$C$21))))*DATOS!$C$21*AH9*CA9/DATOS!$C$14)))-0.0001,MAX(DATOS!$C$71,CEILING(CB9/INDEX(TABLAS!$D$52:$D$58,MIN(MATCH(DATOS!$C$68,TABLAS!$B$52:$B$58,0)+1,7)),1)),MAX(MAX(DATOS!$C$71,CEILING(CB9/INDEX(TABLAS!$D$52:$D$58,MIN(MATCH(DATOS!$C$68,TABLAS!$B$52:$B$58,0)+1,7)),1)),2))<=MIN(DATOS!$C$70,INT(((DATOS!$C$80-2*AJ9)+MAX(DATOS!$C$67,INDEX(TABLAS!$C$52:$C$58,MIN(MATCH(DATOS!$C$68,TABLAS!$B$52:$B$58,0)+1,7))))/(INDEX(TABLAS!$C$52:$C$58,MIN(MATCH(DATOS!$C$68,TABLAS!$B$52:$B$58,0)+1,7))+MAX(DATOS!$C$67,INDEX(TABLAS!$C$52:$C$58,MIN(MATCH(DATOS!$C$68,TABLAS!$B$52:$B$58,0)+1,7))))))),INDEX(TABLAS!$B$52:$B$58,MIN(MATCH(DATOS!$C$68,TABLAS!$B$52:$B$58,0)+1,7)),IF(AND(CB9>=0,IF(MAX(DATOS!$C$71,CEILING(CB9/INDEX(TABLAS!$D$52:$D$58,MIN(MATCH(DATOS!$C$68,TABLAS!$B$52:$B$58,0)+2,7)),1))*INDEX(TABLAS!$D$52:$D$58,MIN(MATCH(DATOS!$C$68,TABLAS!$B$52:$B$58,0)+2,7))>=4/3*IF(BH9<=0,0,IF((1-2*BH9*1E5/(DATOS!$C$29*AH9*CA9^2*DATOS!$C$21))<0,-1,IF((1-SQRT((1-2*BH9*1E5/(DATOS!$C$29*AH9*CA9^2*DATOS!$C$21))))*DATOS!$C$21*AH9*CA9/DATOS!$C$14>DATOS!$C$99*AH9*CA9,-1,(1-SQRT((1-2*BH9*1E5/(DATOS!$C$29*AH9*CA9^2*DATOS!$C$21))))*DATOS!$C$21*AH9*CA9/DATOS!$C$14)))-0.0001,MAX(DATOS!$C$71,CEILING(CB9/INDEX(TABLAS!$D$52:$D$58,MIN(MATCH(DATOS!$C$68,TABLAS!$B$52:$B$58,0)+2,7)),1)),MAX(MAX(DATOS!$C$71,CEILING(CB9/INDEX(TABLAS!$D$52:$D$58,MIN(MATCH(DATOS!$C$68,TABLAS!$B$52:$B$58,0)+2,7)),1)),2))<=MIN(DATOS!$C$70,INT(((DATOS!$C$80-2*AJ9)+MAX(DATOS!$C$67,INDEX(TABLAS!$C$52:$C$58,MIN(MATCH(DATOS!$C$68,TABLAS!$B$52:$B$58,0)+2,7))))/(INDEX(TABLAS!$C$52:$C$58,MIN(MATCH(DATOS!$C$68,TABLAS!$B$52:$B$58,0)+2,7))+MAX(DATOS!$C$67,INDEX(TABLAS!$C$52:$C$58,MIN(MATCH(DATOS!$C$68,TABLAS!$B$52:$B$58,0)+2,7))))))),INDEX(TABLAS!$B$52:$B$58,MIN(MATCH(DATOS!$C$68,TABLAS!$B$52:$B$58,0)+2,7)),IF(AND(CB9>=0,IF(MAX(DATOS!$C$71,CEILING(CB9/INDEX(TABLAS!$D$52:$D$58,MIN(MATCH(DATOS!$C$68,TABLAS!$B$52:$B$58,0)+3,7)),1))*INDEX(TABLAS!$D$52:$D$58,MIN(MATCH(DATOS!$C$68,TABLAS!$B$52:$B$58,0)+3,7))>=4/3*IF(BH9<=0,0,IF((1-2*BH9*1E5/(DATOS!$C$29*AH9*CA9^2*DATOS!$C$21))<0,-1,IF((1-SQRT((1-2*BH9*1E5/(DATOS!$C$29*AH9*CA9^2*DATOS!$C$21))))*DATOS!$C$21*AH9*CA9/DATOS!$C$14>DATOS!$C$99*AH9*CA9,-1,(1-SQRT((1-2*BH9*1E5/(DATOS!$C$29*AH9*CA9^2*DATOS!$C$21))))*DATOS!$C$21*AH9*CA9/DATOS!$C$14)))-0.0001,MAX(DATOS!$C$71,CEILING(CB9/INDEX(TABLAS!$D$52:$D$58,MIN(MATCH(DATOS!$C$68,TABLAS!$B$52:$B$58,0)+3,7)),1)),MAX(MAX(DATOS!$C$71,CEILING(CB9/INDEX(TABLAS!$D$52:$D$58,MIN(MATCH(DATOS!$C$68,TABLAS!$B$52:$B$58,0)+3,7)),1)),2))<=MIN(DATOS!$C$70,INT(((DATOS!$C$80-2*AJ9)+MAX(DATOS!$C$67,INDEX(TABLAS!$C$52:$C$58,MIN(MATCH(DATOS!$C$68,TABLAS!$B$52:$B$58,0)+3,7))))/(INDEX(TABLAS!$C$52:$C$58,MIN(MATCH(DATOS!$C$68,TABLAS!$B$52:$B$58,0)+3,7))+MAX(DATOS!$C$67,INDEX(TABLAS!$C$52:$C$58,MIN(MATCH(DATOS!$C$68,TABLAS!$B$52:$B$58,0)+3,7))))))),INDEX(TABLAS!$B$52:$B$58,MIN(MATCH(DATOS!$C$68,TABLAS!$B$52:$B$58,0)+3,7)),IF(AND(CB9>=0,IF(MAX(DATOS!$C$71,CEILING(CB9/INDEX(TABLAS!$D$52:$D$58,MIN(MATCH(DATOS!$C$68,TABLAS!$B$52:$B$58,0)+4,7)),1))*INDEX(TABLAS!$D$52:$D$58,MIN(MATCH(DATOS!$C$68,TABLAS!$B$52:$B$58,0)+4,7))>=4/3*IF(BH9<=0,0,IF((1-2*BH9*1E5/(DATOS!$C$29*AH9*CA9^2*DATOS!$C$21))<0,-1,IF((1-SQRT((1-2*BH9*1E5/(DATOS!$C$29*AH9*CA9^2*DATOS!$C$21))))*DATOS!$C$21*AH9*CA9/DATOS!$C$14>DATOS!$C$99*AH9*CA9,-1,(1-SQRT((1-2*BH9*1E5/(DATOS!$C$29*AH9*CA9^2*DATOS!$C$21))))*DATOS!$C$21*AH9*CA9/DATOS!$C$14)))-0.0001,MAX(DATOS!$C$71,CEILING(CB9/INDEX(TABLAS!$D$52:$D$58,MIN(MATCH(DATOS!$C$68,TABLAS!$B$52:$B$58,0)+4,7)),1)),MAX(MAX(DATOS!$C$71,CEILING(CB9/INDEX(TABLAS!$D$52:$D$58,MIN(MATCH(DATOS!$C$68,TABLAS!$B$52:$B$58,0)+4,7)),1)),2))<=MIN(DATOS!$C$70,INT(((DATOS!$C$80-2*AJ9)+MAX(DATOS!$C$67,INDEX(TABLAS!$C$52:$C$58,MIN(MATCH(DATOS!$C$68,TABLAS!$B$52:$B$58,0)+4,7))))/(INDEX(TABLAS!$C$52:$C$58,MIN(MATCH(DATOS!$C$68,TABLAS!$B$52:$B$58,0)+4,7))+MAX(DATOS!$C$67,INDEX(TABLAS!$C$52:$C$58,MIN(MATCH(DATOS!$C$68,TABLAS!$B$52:$B$58,0)+4,7))))))),INDEX(TABLAS!$B$52:$B$58,MIN(MATCH(DATOS!$C$68,TABLAS!$B$52:$B$58,0)+4,7)),INDEX(TABLAS!$B$52:$B$58,7))))))) -> 4 | CD9: =IF(U9<>"SÍ","",IF(CB9<0,0,IF(MAX(DATOS!$C$71,CEILING(MAX(CB9,0)/INDEX(TABLAS!$D$52:$D$58,MATCH(CC9,TABLAS!$B$52:$B$58,0)),1))*INDEX(TABLAS!$D$52:$D$58,MATCH(CC9,TABLAS!$B$52:$B$58,0))>=4/3*IF(BH9<=0,0,IF((1-2*BH9*1E5/(DATOS!$C$29*AH9*CA9^2*DATOS!$C$21))<0,-1,IF((1-SQRT((1-2*BH9*1E5/(DATOS!$C$29*AH9*CA9^2*DATOS!$C$21))))*DATOS!$C$21*AH9*CA9/DATOS!$C$14>DATOS!$C$99*AH9*CA9,-1,(1-SQRT((1-2*BH9*1E5/(DATOS!$C$29*AH9*CA9^2*DATOS!$C$21))))*DATOS!$C$21*AH9*CA9/DATOS!$C$14)))-0.0001,MAX(DATOS!$C$71,CEILING(MAX(CB9,0)/INDEX(TABLAS!$D$52:$D$58,MATCH(CC9,TABLAS!$B$52:$B$58,0)),1)),MAX(MAX(DATOS!$C$71,CEILING(MAX(CB9,0)/INDEX(TABLAS!$D$52:$D$58,MATCH(CC9,TABLAS!$B$52:$B$58,0)),1)),2)))) -> 1 | CE9: =IF(U9<>"SÍ","",DATOS!$C$82-AJ9-INDEX(TABLAS!$C$52:$C$58,MATCH(BM9,TABLAS!$B$52:$B$58,0))-INDEX(TABLAS!$C$52:$C$58,MATCH(CC9,TABLAS!$B$52:$B$58,0))/2) -> 19.095 | CF9: =IF(U9<>"SÍ","",IF(CD9=0,0,DATOS!$C$29*CD9*INDEX(TABLAS!$D$52:$D$58,MATCH(CC9,TABLAS!$B$52:$B$58,0))*DATOS!$C$14*(CE9-CD9*INDEX(TABLAS!$D$52:$D$58,MATCH(CC9,TABLAS!$B$52:$B$58,0))*DATOS!$C$14/(DATOS!$C$21*AH9)/2)/1E5)) -> 0.90806738 | CG9: =IF(U9<>"SÍ","",IF(CB9<0,9.99,IF(CF9>0,BH9/CF9,0))) -> 0.028886486 | CH9: =IF(U9<>"SÍ","",IF(CD9=0,"—",0.003*(CE9-(CD9*INDEX(TABLAS!$D$52:$D$58,MATCH(CC9,TABLAS!$B$52:$B$58,0))*DATOS!$C$14/(DATOS!$C$21*AH9)/DATOS!$C$22))/(CD9*INDEX(TABLAS!$D$52:$D$58,MATCH(CC9,TABLAS!$B$52:$B$58,0))*DATOS!$C$14/(DATOS!$C$21*AH9)/DATOS!$C$22))) -> 0.13278875 | CI9: =IF(U9<>"SÍ","",((DATOS!$C$82-AL9-2*DATOS!$C$94-INDEX(TABLAS!$C$52:$C$58,MATCH(DATOS!$C$69,TABLAS!$B$52:$B$58,0))-INDEX(TABLAS!$C$52:$C$58,MATCH(DATOS!$C$69,TABLAS!$B$52:$B$58,0))/2)-IF(AND((DATOS!$C$82-AL9-2*DATOS!$C$94-INDEX(TABLAS!$C$52:$C$58,MATCH(DATOS!$C$69,TABLAS!$B$52:$B$58,0))-INDEX(TABLAS!$C$52:$C$58,MATCH(DATOS!$C$69,TABLAS!$B$52:$B$58,0))/2)<=20,DATOS!$C$62<>"SÍ"),2,0))) -> 17.951 | CJ9: =IF(U9<>"SÍ","",IF(IF(BI9<=0,0,IF((1-2*BI9*1E5/(DATOS!$C$29*AF9*CI9^2*DATOS!$C$21))<0,-1,IF((1-SQRT((1-2*BI9*1E5/(DATOS!$C$29*AF9*CI9^2*DATOS!$C$21))))*DATOS!$C$21*AF9*CI9/DATOS!$C$14>DATOS!$C$99*AF9*CI9,-1,(1-SQRT((1-2*BI9*1E5/(DATOS!$C$29*AF9*CI9^2*DATOS!$C$21))))*DATOS!$C$21*AF9*CI9/DATOS!$C$14)))<0,-1,MAX(IF(BI9<=0,0,IF((1-2*BI9*1E5/(DATOS!$C$29*AF9*CI9^2*DATOS!$C$21))<0,-1,IF((1-SQRT((1-2*BI9*1E5/(DATOS!$C$29*AF9*CI9^2*DATOS!$C$21))))*DATOS!$C$21*AF9*CI9/DATOS!$C$14>DATOS!$C$99*AF9*CI9,-1,(1-SQRT((1-2*BI9*1E5/(DATOS!$C$29*AF9*CI9^2*DATOS!$C$21))))*DATOS!$C$21*AF9*CI9/DATOS!$C$14))),MIN(DATOS!$C$100*DATOS!$C$80*CI9,4/3*IF(BI9<=0,0,IF((1-2*BI9*1E5/(DATOS!$C$29*AF9*CI9^2*DATOS!$C$21))<0,-1,IF((1-SQRT((1-2*BI9*1E5/(DATOS!$C$29*AF9*CI9^2*DATOS!$C$21))))*DATOS!$C$21*AF9*CI9/DATOS!$C$14>DATOS!$C$99*AF9*CI9,-1,(1-SQRT((1-2*BI9*1E5/(DATOS!$C$29*AF9*CI9^2*DATOS!$C$21))))*DATOS!$C$21*AF9*CI9/DATOS!$C$14))))))) -> 0.18865865 | CK9: =IF(U9<>"SÍ","",IF(AND(CJ9>=0,IF(MAX(DATOS!$C$71,CEILING(CJ9/INDEX(TABLAS!$D$52:$D$58,MIN(MATCH(DATOS!$C$69,TABLAS!$B$52:$B$58,0)+0,7)),1))*INDEX(TABLAS!$D$52:$D$58,MIN(MATCH(DATOS!$C$69,TABLAS!$B$52:$B$58,0)+0,7))>=4/3*IF(BI9<=0,0,IF((1-2*BI9*1E5/(DATOS!$C$29*AF9*CI9^2*DATOS!$C$21))<0,-1,IF((1-SQRT((1-2*BI9*1E5/(DATOS!$C$29*AF9*CI9^2*DATOS!$C$21))))*DATOS!$C$21*AF9*CI9/DATOS!$C$14>DATOS!$C$99*AF9*CI9,-1,(1-SQRT((1-2*BI9*1E5/(DATOS!$C$29*AF9*CI9^2*DATOS!$C$21))))*DATOS!$C$21*AF9*CI9/DATOS!$C$14)))-0.0001,MAX(DATOS!$C$71,CEILING(CJ9/INDEX(TABLAS!$D$52:$D$58,MIN(MATCH(DATOS!$C$69,TABLAS!$B$52:$B$58,0)+0,7)),1)),MAX(MAX(DATOS!$C$71,CEILING(CJ9/INDEX(TABLAS!$D$52:$D$58,MIN(MATCH(DATOS!$C$69,TABLAS!$B$52:$B$58,0)+0,7)),1)),2))<=MIN(DATOS!$C$70,INT(((DATOS!$C$80-2*AK9)+MAX(DATOS!$C$67,INDEX(TABLAS!$C$52:$C$58,MIN(MATCH(DATOS!$C$69,TABLAS!$B$52:$B$58,0)+0,7))))/(INDEX(TABLAS!$C$52:$C$58,MIN(MATCH(DATOS!$C$69,TABLAS!$B$52:$B$58,0)+0,7))+MAX(DATOS!$C$67,INDEX(TABLAS!$C$52:$C$58,MIN(MATCH(DATOS!$C$69,TABLAS!$B$52:$B$58,0)+0,7))))))),INDEX(TABLAS!$B$52:$B$58,MIN(MATCH(DATOS!$C$69,TABLAS!$B$52:$B$58,0)+0,7)),IF(AND(CJ9>=0,IF(MAX(DATOS!$C$71,CEILING(CJ9/INDEX(TABLAS!$D$52:$D$58,MIN(MATCH(DATOS!$C$69,TABLAS!$B$52:$B$58,0)+1,7)),1))*INDEX(TABLAS!$D$52:$D$58,MIN(MATCH(DATOS!$C$69,TABLAS!$B$52:$B$58,0)+1,7))>=4/3*IF(BI9<=0,0,IF((1-2*BI9*1E5/(DATOS!$C$29*AF9*CI9^2*DATOS!$C$21))<0,-1,IF((1-SQRT((1-2*BI9*1E5/(DATOS!$C$29*AF9*CI9^2*DATOS!$C$21))))*DATOS!$C$21*AF9*CI9/DATOS!$C$14>DATOS!$C$99*AF9*CI9,-1,(1-SQRT((1-2*BI9*1E5/(DATOS!$C$29*AF9*CI9^2*DATOS!$C$21))))*DATOS!$C$21*AF9*CI9/DATOS!$C$14)))-0.0001,MAX(DATOS!$C$71,CEILING(CJ9/INDEX(TABLAS!$D$52:$D$58,MIN(MATCH(DATOS!$C$69,TABLAS!$B$52:$B$58,0)+1,7)),1)),MAX(MAX(DATOS!$C$71,CEILING(CJ9/INDEX(TABLAS!$D$52:$D$58,MIN(MATCH(DATOS!$C$69,TABLAS!$B$52:$B$58,0)+1,7)),1)),2))<=MIN(DATOS!$C$70,INT(((DATOS!$C$80-2*AK9)+MAX(DATOS!$C$67,INDEX(TABLAS!$C$52:$C$58,MIN(MATCH(DATOS!$C$69,TABLAS!$B$52:$B$58,0)+1,7))))/(INDEX(TABLAS!$C$52:$C$58,MIN(MATCH(DATOS!$C$69,TABLAS!$B$52:$B$58,0)+1,7))+MAX(DATOS!$C$67,INDEX(TABLAS!$C$52:$C$58,MIN(MATCH(DATOS!$C$69,TABLAS!$B$52:$B$58,0)+1,7))))))),INDEX(TABLAS!$B$52:$B$58,MIN(MATCH(DATOS!$C$69,TABLAS!$B$52:$B$58,0)+1,7)),IF(AND(CJ9>=0,IF(MAX(DATOS!$C$71,CEILING(CJ9/INDEX(TABLAS!$D$52:$D$58,MIN(MATCH(DATOS!$C$69,TABLAS!$B$52:$B$58,0)+2,7)),1))*INDEX(TABLAS!$D$52:$D$58,MIN(MATCH(DATOS!$C$69,TABLAS!$B$52:$B$58,0)+2,7))>=4/3*IF(BI9<=0,0,IF((1-2*BI9*1E5/(DATOS!$C$29*AF9*CI9^2*DATOS!$C$21))<0,-1,IF((1-SQRT((1-2*BI9*1E5/(DATOS!$C$29*AF9*CI9^2*DATOS!$C$21))))*DATOS!$C$21*AF9*CI9/DATOS!$C$14>DATOS!$C$99*AF9*CI9,-1,(1-SQRT((1-2*BI9*1E5/(DATOS!$C$29*AF9*CI9^2*DATOS!$C$21))))*DATOS!$C$21*AF9*CI9/DATOS!$C$14)))-0.0001,MAX(DATOS!$C$71,CEILING(CJ9/INDEX(TABLAS!$D$52:$D$58,MIN(MATCH(DATOS!$C$69,TABLAS!$B$52:$B$58,0)+2,7)),1)),MAX(MAX(DATOS!$C$71,CEILING(CJ9/INDEX(TABLAS!$D$52:$D$58,MIN(MATCH(DATOS!$C$69,TABLAS!$B$52:$B$58,0)+2,7)),1)),2))<=MIN(DATOS!$C$70,INT(((DATOS!$C$80-2*AK9)+MAX(DATOS!$C$67,INDEX(TABLAS!$C$52:$C$58,MIN(MATCH(DATOS!$C$69,TABLAS!$B$52:$B$58,0)+2,7))))/(INDEX(TABLAS!$C$52:$C$58,MIN(MATCH(DATOS!$C$69,TABLAS!$B$52:$B$58,0)+2,7))+MAX(DATOS!$C$67,INDEX(TABLAS!$C$52:$C$58,MIN(MATCH(DATOS!$C$69,TABLAS!$B$52:$B$58,0)+2,7))))))),INDEX(TABLAS!$B$52:$B$58,MIN(MATCH(DATOS!$C$69,TABLAS!$B$52:$B$58,0)+2,7)),IF(AND(CJ9>=0,IF(MAX(DATOS!$C$71,CEILING(CJ9/INDEX(TABLAS!$D$52:$D$58,MIN(MATCH(DATOS!$C$69,TABLAS!$B$52:$B$58,0)+3,7)),1))*INDEX(TABLAS!$D$52:$D$58,MIN(MATCH(DATOS!$C$69,TABLAS!$B$52:$B$58,0)+3,7))>=4/3*IF(BI9<=0,0,IF((1-2*BI9*1E5/(DATOS!$C$29*AF9*CI9^2*DATOS!$C$21))<0,-1,IF((1-SQRT((1-2*BI9*1E5/(DATOS!$C$29*AF9*CI9^2*DATOS!$C$21))))*DATOS!$C$21*AF9*CI9/DATOS!$C$14>DATOS!$C$99*AF9*CI9,-1,(1-SQRT((1-2*BI9*1E5/(DATOS!$C$29*AF9*CI9^2*DATOS!$C$21))))*DATOS!$C$21*AF9*CI9/DATOS!$C$14)))-0.0001,MAX(DATOS!$C$71,CEILING(CJ9/INDEX(TABLAS!$D$52:$D$58,MIN(MATCH(DATOS!$C$69,TABLAS!$B$52:$B$58,0)+3,7)),1)),MAX(MAX(DATOS!$C$71,CEILING(CJ9/INDEX(TABLAS!$D$52:$D$58,MIN(MATCH(DATOS!$C$69,TABLAS!$B$52:$B$58,0)+3,7)),1)),2))<=MIN(DATOS!$C$70,INT(((DATOS!$C$80-2*AK9)+MAX(DATOS!$C$67,INDEX(TABLAS!$C$52:$C$58,MIN(MATCH(DATOS!$C$69,TABLAS!$B$52:$B$58,0)+3,7))))/(INDEX(TABLAS!$C$52:$C$58,MIN(MATCH(DATOS!$C$69,TABLAS!$B$52:$B$58,0)+3,7))+MAX(DATOS!$C$67,INDEX(TABLAS!$C$52:$C$58,MIN(MATCH(DATOS!$C$69,TABLAS!$B$52:$B$58,0)+3,7))))))),INDEX(TABLAS!$B$52:$B$58,MIN(MATCH(DATOS!$C$69,TABLAS!$B$52:$B$58,0)+3,7)),IF(AND(CJ9>=0,IF(MAX(DATOS!$C$71,CEILING(CJ9/INDEX(TABLAS!$D$52:$D$58,MIN(MATCH(DATOS!$C$69,TABLAS!$B$52:$B$58,0)+4,7)),1))*INDEX(TABLAS!$D$52:$D$58,MIN(MATCH(DATOS!$C$69,TABLAS!$B$52:$B$58,0)+4,7))>=4/3*IF(BI9<=0,0,IF((1-2*BI9*1E5/(DATOS!$C$29*AF9*CI9^2*DATOS!$C$21))<0,-1,IF((1-SQRT((1-2*BI9*1E5/(DATOS!$C$29*AF9*CI9^2*DATOS!$C$21))))*DATOS!$C$21*AF9*CI9/DATOS!$C$14>DATOS!$C$99*AF9*CI9,-1,(1-SQRT((1-2*BI9*1E5/(DATOS!$C$29*AF9*CI9^2*DATOS!$C$21))))*DATOS!$C$21*AF9*CI9/DATOS!$C$14)))-0.0001,MAX(DATOS!$C$71,CEILING(CJ9/INDEX(TABLAS!$D$52:$D$58,MIN(MATCH(DATOS!$C$69,TABLAS!$B$52:$B$58,0)+4,7)),1)),MAX(MAX(DATOS!$C$71,CEILING(CJ9/INDEX(TABLAS!$D$52:$D$58,MIN(MATCH(DATOS!$C$69,TABLAS!$B$52:$B$58,0)+4,7)),1)),2))<=MIN(DATOS!$C$70,INT(((DATOS!$C$80-2*AK9)+MAX(DATOS!$C$67,INDEX(TABLAS!$C$52:$C$58,MIN(MATCH(DATOS!$C$69,TABLAS!$B$52:$B$58,0)+4,7))))/(INDEX(TABLAS!$C$52:$C$58,MIN(MATCH(DATOS!$C$69,TABLAS!$B$52:$B$58,0)+4,7))+MAX(DATOS!$C$67,INDEX(TABLAS!$C$52:$C$58,MIN(MATCH(DATOS!$C$69,TABLAS!$B$52:$B$58,0)+4,7))))))),INDEX(TABLAS!$B$52:$B$58,MIN(MATCH(DATOS!$C$69,TABLAS!$B$52:$B$58,0)+4,7)),INDEX(TABLAS!$B$52:$B$58,7))))))) -> 4 | CL9: =IF(U9<>"SÍ","",IF(CJ9<0,0,IF(MAX(DATOS!$C$71,CEILING(MAX(CJ9,0)/INDEX(TABLAS!$D$52:$D$58,MATCH(CK9,TABLAS!$B$52:$B$58,0)),1))*INDEX(TABLAS!$D$52:$D$58,MATCH(CK9,TABLAS!$B$52:$B$58,0))>=4/3*IF(BI9<=0,0,IF((1-2*BI9*1E5/(DATOS!$C$29*AF9*CI9^2*DATOS!$C$21))<0,-1,IF((1-SQRT((1-2*BI9*1E5/(DATOS!$C$29*AF9*CI9^2*DATOS!$C$21))))*DATOS!$C$21*AF9*CI9/DATOS!$C$14>DATOS!$C$99*AF9*CI9,-1,(1-SQRT((1-2*BI9*1E5/(DATOS!$C$29*AF9*CI9^2*DATOS!$C$21))))*DATOS!$C$21*AF9*CI9/DATOS!$C$14)))-0.0001,MAX(DATOS!$C$71,CEILING(MAX(CJ9,0)/INDEX(TABLAS!$D$52:$D$58,MATCH(CK9,TABLAS!$B$52:$B$58,0)),1)),MAX(MAX(DATOS!$C$71,CEILING(MAX(CJ9,0)/INDEX(TABLAS!$D$52:$D$58,MATCH(CK9,TABLAS!$B$52:$B$58,0)),1)),2)))) -> 1 | CM9: =IF(U9<>"SÍ","",((DATOS!$C$82-AL9-2*DATOS!$C$94-INDEX(TABLAS!$C$52:$C$58,MATCH(BU9,TABLAS!$B$52:$B$58,0))-INDEX(TABLAS!$C$52:$C$58,MATCH(CK9,TABLAS!$B$52:$B$58,0))/2)-IF(AND((DATOS!$C$82-AL9-2*DATOS!$C$94-INDEX(TABLAS!$C$52:$C$58,MATCH(BU9,TABLAS!$B$52:$B$58,0))-INDEX(TABLAS!$C$52:$C$58,MATCH(CK9,TABLAS!$B$52:$B$58,0))/2)<=20,DATOS!$C$62<>"SÍ"),2,0))) -> 17.951 | CN9: =IF(U9<>"SÍ","",IF(CL9=0,0,DATOS!$C$29*CL9*INDEX(TABLAS!$D$52:$D$58,MATCH(CK9,TABLAS!$B$52:$B$58,0))*DATOS!$C$14*(CM9-CL9*INDEX(TABLAS!$D$52:$D$58,MATCH(CK9,TABLAS!$B$52:$B$58,0))*DATOS!$C$14/(DATOS!$C$21*AF9)/2)/1E5)) -> 0.80150535 | CO9: =IF(U9<>"SÍ","",IF(CJ9<0,9.99,IF(CN9>0,BI9/CN9,0))) -> 0.11885455 | CP9: =IF(U9<>"SÍ","",IF(CL9=0,"—",0.003*(CM9-(CL9*INDEX(TABLAS!$D$52:$D$58,MATCH(CK9,TABLAS!$B$52:$B$58,0))*DATOS!$C$14/(DATOS!$C$21*AF9)/DATOS!$C$22))/(CL9*INDEX(TABLAS!$D$52:$D$58,MATCH(CK9,TABLAS!$B$52:$B$58,0))*DATOS!$C$14/(DATOS!$C$21*AF9)/DATOS!$C$22))) -> 0.015236217 | CQ9: =IF(U9<>"SÍ","",IF(C9="PERIMETRAL",MAX(0,(AA9/2-BW9)/100)*(0.95-0.5*Z9)*AQ9*IF(AND(AR9>0,AR9<4),DATOS!$C$33,1)*DATOS!$C$83/100/1000,(AQ9*MAX(0,AA9-BW9)/100+DATOS!$C$26*N(O9))*DATOS!$C$83/100/1000+BE9)) -> 0.25150476 | CR9: =IF(U9<>"SÍ","",DATOS!$C$30*2*MIN(1,SQRT(2/(1+0.04*BW9)))*(BV9*INDEX(TABLAS!$D$52:$D$58,MATCH(BU9,TABLAS!$B$52:$B$58,0))/(AE9*BW9))^(1/3)*SQRT(DATOS!$C$13)*AE9*BW9*IF(AI9="SÍ",DATOS!$C$32,1)/1000) -> 0.85542083 | CS9: =IF(U9<>"SÍ","",IF(CQ9<=CR9,0,CEILING(MAX(0,IF(C9="VOLADO",(AA9-((CR9-BE9)*1E5/DATOS!$C$83-DATOS!$C$26*N(O9))*100/AQ9),IF(CR9<=0,AA9,AA9/2-CR9/MAX(CQ9,1E-9)*(AA9/2-BW9)))-IF(INT((X9*100-DATOS!$C$84+DATOS!$C$80)/DATOS!$C$83)>0,(X9*100-DATOS!$C$84-(INT((X9*100-DATOS!$C$84+DATOS!$C$80)/DATOS!$C$83)*DATOS!$C$78+(INT((X9*100-DATOS!$C$84+DATOS!$C$80)/DATOS!$C$83)-1)*DATOS!$C$80))/2,X9*100/2))/DATOS!$C$83,1))) -> 0 | CT9: =IF(U9<>"SÍ","",IF(CQ9<=CR9,"CUMPLE",IF(CS9<=0,"CUMPLE (basta el macizo de orilla)",IF(CS9*DATOS!$C$83*IF(C9="VOLADO",1,2)>=X9*100-DATOS!$C$84,"NO CUMPLE: no alcanza ni macizando todo","MACIZAR "&CS9&" hilera(s)")))) -> CUMPLE | CU9: =IF(U9<>"SÍ","",(DATOS!$C$83*DATOS!$C$81^2/2+AC9*DATOS!$C$79*(DATOS!$C$81+DATOS!$C$79/2))/(DATOS!$C$83*DATOS!$C$81+AC9*DATOS!$C$79)) -> 6.8934426 | CV9: =IF(U9<>"SÍ","",DATOS!$C$83*DATOS!$C$81^3/12+DATOS!$C$83*DATOS!$C$81*(CU9-DATOS!$C$81/2)^2+AC9*DATOS!$C$79^3/12+AC9*DATOS!$C$79*(DATOS!$C$81+DATOS!$C$79/2-CU9)^2) -> 27416.407 | CW9: =IF(U9<>"SÍ","",(12*CV9/DATOS!$C$83)^(1/3)) -> 16.750634 | CX9: =IF(U9<>"SÍ","",IF(C9="PERIMETRAL",IF(ISNUMBER(R9),R9,DATOS!$C$101),0)) -> 99 | CY9: =IF(U9<>"SÍ","",IF(C9="PERIMETRAL",IF(CX9>2,MAX(9,AB9*(0.8+DATOS!$C$14/14000)/(36+9*(AB9/MAX(AA9,1)))),IF(CX9>0.2,MAX(13,AB9*(0.8+DATOS!$C$14/14000)/(36+5*(AB9/MAX(AA9,1))*(CX9-0.2))),MAX(13,AB9/IF(AR9>0,30,33))))*IF(AND(CX9>0.2,AR9>0,DATOS!$C$102="NO"),1.1,1),X9*100/8)) -> 9 | CZ9: =IF(U9<>"SÍ","",IF(IF(C9="VOLADO",DATOS!$C$82,CW9)>=CY9,"CUMPLE",IF(C9="VOLADO","NO CUMPLE","CALCULAR FLECHA"))) -> CUMPLE | DA9: =IF(U9<>"SÍ","",IF(DATOS!$C$81>=IF(IF(C9="VOLADO",X9,Y9)>=6,6,5),"CUMPLE","CAPA ≥ 6 cm")) -> CUMPLE | DB9: =IF(U9<>"SÍ","",IF(C9="VOLADO",MIN(CEILING(IF(ISNUMBER(P9),P9,X9)*100,5),CEILING(MAX(IF((0.5*(0.9*DATOS!$C$87*DATOS!$C$83/100/1000)*IF(ISNUMBER(P9),P9,X9)+BG9/IF(ISNUMBER(P9),P9,X9))^2-4*(0.5*(0.9*DATOS!$C$87*DATOS!$C$83/100/1000))*BG9<0,IF(ISNUMBER(P9),P9,X9),MIN(IF(ISNUMBER(P9),P9,X9),((0.5*(0.9*DATOS!$C$87*DATOS!$C$83/100/1000)*IF(ISNUMBER(P9),P9,X9)+BG9/IF(ISNUMBER(P9),P9,X9))-SQRT((0.5*(0.9*DATOS!$C$87*DATOS!$C$83/100/1000)*IF(ISNUMBER(P9),P9,X9)+BG9/IF(ISNUMBER(P9),P9,X9))^2-4*(0.5*(0.9*DATOS!$C$87*DATOS!$C$83/100/1000))*BG9))/(2*(0.5*(0.9*DATOS!$C$87*DATOS!$C$83/100/1000)))))*100+MAX(BW9,12*INDEX(TABLAS!$C$52:$C$58,MATCH(BU9,TABLAS!$B$52:$B$58,0)),IF(ISNUMBER(P9),P9,X9)*100/16),IF(OR(AK9<INDEX(TABLAS!$C$52:$C$58,MATCH(BU9,TABLAS!$B$52:$B$58,0)),AND(BV9>=2,(AC9-2*AK9-BV9*INDEX(TABLAS!$C$52:$C$58,MATCH(BU9,TABLAS!$B$52:$B$58,0)))/MAX(BV9-1,1)<2*INDEX(TABLAS!$C$52:$C$58,MATCH(BU9,TABLAS!$B$52:$B$58,0)))),INDEX(TABLAS!$I$52:$I$58,MATCH(BU9,TABLAS!$B$52:$B$58,0)),INDEX(TABLAS!$F$52:$F$58,MATCH(BU9,TABLAS!$B$52:$B$58,0)))),5)),IF(((4*((BB9*AQ9*X9^2*1E-4*DATOS!$C$83/100/1000)+((MAX(AX9,AZ9)*AQ9*X9^2*1E-4*DATOS!$C$83/100/1000)+(IF(AND(AX9>0,AZ9>0),MIN(AX9,AZ9),MAX(AX9,AZ9))*AQ9*X9^2*1E-4*DATOS!$C$83/100/1000))/2)+BG9-(IF(AND(AX9>0,AZ9>0),MIN(AX9,AZ9),MAX(AX9,AZ9))*AQ9*X9^2*1E-4*DATOS!$C$83/100/1000))^2-16*((BB9*AQ9*X9^2*1E-4*DATOS!$C$83/100/1000)+((MAX(AX9,AZ9)*AQ9*X9^2*1E-4*DATOS!$C$83/100/1000)+(IF(AND(AX9>0,AZ9>0),MIN(AX9,AZ9),MAX(AX9,AZ9))*AQ9*X9^2*1E-4*DATOS!$C$83/100/1000))/2)*BG9)<0,CEILING(AA9,5),CEILING(MAX(AA9*((4*((BB9*AQ9*X9^2*1E-4*DATOS!$C$83/100/1000)+((MAX(AX9,AZ9)*AQ9*X9^2*1E-4*DATOS!$C$83/100/1000)+(IF(AND(AX9>0,AZ9>0),MIN(AX9,AZ9),MAX(AX9,AZ9))*AQ9*X9^2*1E-4*DATOS!$C$83/100/1000))/2)+BG9-(IF(AND(AX9>0,AZ9>0),MIN(AX9,AZ9),MAX(AX9,AZ9))*AQ9*X9^2*1E-4*DATOS!$C$83/100/1000))-SQRT(MAX(0,((4*((BB9*AQ9*X9^2*1E-4*DATOS!$C$83/100/1000)+((MAX(AX9,AZ9)*AQ9*X9^2*1E-4*DATOS!$C$83/100/1000)+(IF(AND(AX9>0,AZ9>0),MIN(AX9,AZ9),MAX(AX9,AZ9))*AQ9*X9^2*1E-4*DATOS!$C$83/100/1000))/2)+BG9-(IF(AND(AX9>0,AZ9>0),MIN(AX9,AZ9),MAX(AX9,AZ9))*AQ9*X9^2*1E-4*DATOS!$C$83/100/1000))^2-16*((BB9*AQ9*X9^2*1E-4*DATOS!$C$83/100/1000)+((MAX(AX9,AZ9)*AQ9*X9^2*1E-4*DATOS!$C$83/100/1000)+(IF(AND(AX9>0,AZ9>0),MIN(AX9,AZ9),MAX(AX9,AZ9))*AQ9*X9^2*1E-4*DATOS!$C$83/100/1000))/2)*BG9))))/(8*MAX(((BB9*AQ9*X9^2*1E-4*DATOS!$C$83/100/1000)+((MAX(AX9,AZ9)*AQ9*X9^2*1E-4*DATOS!$C$83/100/1000)+(IF(AND(AX9>0,AZ9>0),MIN(AX9,AZ9),MAX(AX9,AZ9))*AQ9*X9^2*1E-4*DATOS!$C$83/100/1000))/2),1E-9))+MAX(BW9,12*INDEX(TABLAS!$C$52:$C$58,MATCH(BU9,TABLAS!$B$52:$B$58,0)),AA9/16),IF(OR(AK9<INDEX(TABLAS!$C$52:$C$58,MATCH(BU9,TABLAS!$B$52:$B$58,0)),AND(BV9>=2,(AC9-2*AK9-BV9*INDEX(TABLAS!$C$52:$C$58,MATCH(BU9,TABLAS!$B$52:$B$58,0)))/MAX(BV9-1,1)<2*INDEX(TABLAS!$C$52:$C$58,MATCH(BU9,TABLAS!$B$52:$B$58,0)))),INDEX(TABLAS!$I$52:$I$58,MATCH(BU9,TABLAS!$B$52:$B$58,0)),INDEX(TABLAS!$F$52:$F$58,MATCH(BU9,TABLAS!$B$52:$B$58,0)))),5)))) -> 60 | DC9: =IF(U9<>"SÍ","",IF(C9="VOLADO",0,IF(((4*((BC9*AQ9*X9^2*1E-4*DATOS!$C$83/100/1000)+((MAX(AY9,BA9)*AQ9*X9^2*1E-4*DATOS!$C$83/100/1000)+(IF(AND(AY9>0,BA9>0),MIN(AY9,BA9),MAX(AY9,BA9))*AQ9*X9^2*1E-4*DATOS!$C$83/100/1000))/2)+BI9-(IF(AND(AY9>0,BA9>0),MIN(AY9,BA9),MAX(AY9,BA9))*AQ9*X9^2*1E-4*DATOS!$C$83/100/1000))^2-16*((BC9*AQ9*X9^2*1E-4*DATOS!$C$83/100/1000)+((MAX(AY9,BA9)*AQ9*X9^2*1E-4*DATOS!$C$83/100/1000)+(IF(AND(AY9>0,BA9>0),MIN(AY9,BA9),MAX(AY9,BA9))*AQ9*X9^2*1E-4*DATOS!$C$83/100/1000))/2)*BI9)<0,CEILING(AB9,5),CEILING(MAX(AB9*((4*((BC9*AQ9*X9^2*1E-4*DATOS!$C$83/100/1000)+((MAX(AY9,BA9)*AQ9*X9^2*1E-4*DATOS!$C$83/100/1000)+(IF(AND(AY9>0,BA9>0),MIN(AY9,BA9),MAX(AY9,BA9))*AQ9*X9^2*1E-4*DATOS!$C$83/100/1000))/2)+BI9-(IF(AND(AY9>0,BA9>0),MIN(AY9,BA9),MAX(AY9,BA9))*AQ9*X9^2*1E-4*DATOS!$C$83/100/1000))-SQRT(MAX(0,((4*((BC9*AQ9*X9^2*1E-4*DATOS!$C$83/100/1000)+((MAX(AY9,BA9)*AQ9*X9^2*1E-4*DATOS!$C$83/100/1000)+(IF(AND(AY9>0,BA9>0),MIN(AY9,BA9),MAX(AY9,BA9))*AQ9*X9^2*1E-4*DATOS!$C$83/100/1000))/2)+BI9-(IF(AND(AY9>0,BA9>0),MIN(AY9,BA9),MAX(AY9,BA9))*AQ9*X9^2*1E-4*DATOS!$C$83/100/1000))^2-16*((BC9*AQ9*X9^2*1E-4*DATOS!$C$83/100/1000)+((MAX(AY9,BA9)*AQ9*X9^2*1E-4*DATOS!$C$83/100/1000)+(IF(AND(AY9>0,BA9>0),MIN(AY9,BA9),MAX(AY9,BA9))*AQ9*X9^2*1E-4*DATOS!$C$83/100/1000))/2)*BI9))))/(8*MAX(((BC9*AQ9*X9^2*1E-4*DATOS!$C$83/100/1000)+((MAX(AY9,BA9)*AQ9*X9^2*1E-4*DATOS!$C$83/100/1000)+(IF(AND(AY9>0,BA9>0),MIN(AY9,BA9),MAX(AY9,BA9))*AQ9*X9^2*1E-4*DATOS!$C$83/100/1000))/2),1E-9))+MAX(CM9,12*INDEX(TABLAS!$C$52:$C$58,MATCH(CK9,TABLAS!$B$52:$B$58,0)),AB9/16),IF(OR(AK9<INDEX(TABLAS!$C$52:$C$58,MATCH(CK9,TABLAS!$B$52:$B$58,0)),AND(CL9>=2,(DATOS!$C$80-2*AK9-CL9*INDEX(TABLAS!$C$52:$C$58,MATCH(CK9,TABLAS!$B$52:$B$58,0)))/MAX(CL9-1,1)<2*INDEX(TABLAS!$C$52:$C$58,MATCH(CK9,TABLAS!$B$52:$B$58,0)))),INDEX(TABLAS!$I$52:$I$58,MATCH(CK9,TABLAS!$B$52:$B$58,0)),INDEX(TABLAS!$F$52:$F$58,MATCH(CK9,TABLAS!$B$52:$B$58,0)))),5)))) -> 100 | DD9: =IF(U9<>"SÍ","",IF(AND(C9="PERIMETRAL",BV9>=2,AR9-AS9>0,AZ9*AQ9*X9^2*1E-4*DATOS!$C$83/100/1000>DATOS!$C$29*INDEX(TABLAS!$D$52:$D$58,MATCH(BU9,TABLAS!$B$52:$B$58,0))*DATOS!$C$14*(BW9-INDEX(TABLAS!$D$52:$D$58,MATCH(BU9,TABLAS!$B$52:$B$58,0))*DATOS!$C$14/(DATOS!$C$21*AE9)/2)/1E5),"SÍ","NO")) -> NO | DE9: =IF(U9<>"SÍ","",IF(AND(C9="PERIMETRAL",CL9>=2,AS9>0,BA9*AQ9*X9^2*1E-4*DATOS!$C$83/100/1000>DATOS!$C$29*INDEX(TABLAS!$D$52:$D$58,MATCH(CK9,TABLAS!$B$52:$B$58,0))*DATOS!$C$14*(CM9-INDEX(TABLAS!$D$52:$D$58,MATCH(CK9,TABLAS!$B$52:$B$58,0))*DATOS!$C$14/(DATOS!$C$21*AF9)/2)/1E5),"SÍ","NO")) -> NO | DF9: =IF(U9<>"SÍ","",IF(OR(C9="VOLADO",AR9=0),"—",IF(AND(AND(1.25*INDEX(TABLAS!$G$52:$G$58,MATCH(MAX(BM9,CC9),TABLAS!$B$52:$B$58,0))<=(DATOS!$C$72-DATOS!$C$60),(DATOS!$C$72-DATOS!$C$60)>=15,INDEX(TABLAS!$G$52:$G$58,MATCH(MAX(BU9,CK9),TABLAS!$B$52:$B$58,0))<=(DATOS!$C$72-DATOS!$C$60)),8*INDEX(TABLAS!$C$52:$C$58,MATCH(MAX(MAX(BM9,CC9),MAX(BU9,CK9)),TABLAS!$B$52:$B$58,0))<=DATOS!$C$73-2*DATOS!$C$60),"CUMPLE (gancho de 180°)",IF(AND(1.25*INDEX(TABLAS!$G$52:$G$58,MATCH(MAX(BM9,CC9),TABLAS!$B$52:$B$58,0))<=(DATOS!$C$72-DATOS!$C$60),(DATOS!$C$72-DATOS!$C$60)>=15,INDEX(TABLAS!$G$52:$G$58,MATCH(MAX(BU9,CK9),TABLAS!$B$52:$B$58,0))<=(DATOS!$C$72-DATOS!$C$60)),"NO CUMPLE: el gancho de 180° (8·d_b) no cabe en el peralte de la dala de borde","NO CUMPLE: dala de borde ≥ "&TEXT(CEILING(MAX(1.25*INDEX(TABLAS!$G$52:$G$58,MATCH(MAX(BM9,CC9),TABLAS!$B$52:$B$58,0)),15,INDEX(TABLAS!$G$52:$G$58,MATCH(MAX(BU9,CK9),TABLAS!$B$52:$B$58,0)))+DATOS!$C$60,5),"0")&" cm de ancho"&IF(8*INDEX(TABLAS!$C$52:$C$58,MATCH(MAX(MAX(BM9,CC9),MAX(BU9,CK9)),TABLAS!$B$52:$B$58,0))<=DATOS!$C$73-2*DATOS!$C$60,""," y más peralte para el gancho"))))) -> — | DG9: =IF(U9<>"SÍ","",MAX(0,INT((E9*100-DATOS!$C$84+DATOS!$C$83-IF(W9="X",DATOS!$C$78,AD9))/DATOS!$C$83))) -> 4 | DH9: =IF(U9<>"SÍ","",MAX(0,INT((F9*100-DATOS!$C$84+DATOS!$C$83-IF(W9="Y",DATOS!$C$78,AD9))/DATOS!$C$83))) -> 2 | DI9: =IF(U9<>"SÍ","",IF(DG9>0,(E9*100-DATOS!$C$84-(DG9*IF(W9="X",DATOS!$C$78,AD9)+(DG9-1)*(DATOS!$C$83-IF(W9="X",DATOS!$C$78,AD9))))/2,E9*100/2)) -> 8.95 | DJ9: =IF(U9<>"SÍ","",IF(DH9>0,(F9*100-DATOS!$C$84-(DH9*IF(W9="Y",DATOS!$C$78,AD9)+(DH9-1)*(DATOS!$C$83-IF(W9="Y",DATOS!$C$78,AD9))))/2,F9*100/2)) -> 7.5 | DK9: =IF(U9<>"SÍ","",IF(NOT(AND(C9="VOLADO",AC9>DATOS!$C$80)),0,IF(INDEX(TABLAS!$C$52:$C$58,MATCH(BU9,TABLAS!$B$52:$B$58,0))<=DATOS!$C$80-2*DATOS!$C$60,1,0))) -> 0 | DL9: =IF(U9<>"SÍ","",IF(NOT(AND(C9="VOLADO",AC9>DATOS!$C$80)),0,((DATOS!$C$82-MAX(DATOS!$C$60,(DATOS!$C$81-2*DATOS!$C$94)/2)-2*DATOS!$C$94-INDEX(TABLAS!$C$52:$C$58,MATCH(BU9,TABLAS!$B$52:$B$58,0))/2)-IF(AND((DATOS!$C$82-MAX(DATOS!$C$60,(DATOS!$C$81-2*DATOS!$C$94)/2)-2*DATOS!$C$94-INDEX(TABLAS!$C$52:$C$58,MATCH(BU9,TABLAS!$B$52:$B$58,0))/2)<=20,DATOS!$C$62<>"SÍ"),2,0)))) -> 0 | DM9: =IF(U9<>"SÍ","",IF(OR(NOT(AND(C9="VOLADO",AC9>DATOS!$C$80)),DK9<1),0,IF(0.003*(DL9-((DK9*INDEX(TABLAS!$D$52:$D$58,MATCH(BU9,TABLAS!$B$52:$B$58,0)))*DATOS!$C$14/(DATOS!$C$21*AF9)/DATOS!$C$22))/((DK9*INDEX(TABLAS!$D$52:$D$58,MATCH(BU9,TABLAS!$B$52:$B$58,0)))*DATOS!$C$14/(DATOS!$C$21*AF9)/DATOS!$C$22)<0.005,0,DATOS!$C$29*(DK9*INDEX(TABLAS!$D$52:$D$58,MATCH(BU9,TABLAS!$B$52:$B$58,0)))*DATOS!$C$14*(DL9-(DK9*INDEX(TABLAS!$D$52:$D$58,MATCH(BU9,TABLAS!$B$52:$B$58,0)))*DATOS!$C$14/(DATOS!$C$21*AF9)/2)/1E5))) -> 0 | DN9: =IF(U9<>"SÍ","",IF(OR(NOT(AND(C9="VOLADO",AC9>DATOS!$C$80)),DK9<1),0,DATOS!$C$30*2*MIN(1,SQRT(2/(1+0.04*DL9)))*((DK9*INDEX(TABLAS!$D$52:$D$58,MATCH(BU9,TABLAS!$B$52:$B$58,0)))/(AF9*DL9))^(1/3)*SQRT(DATOS!$C$13)*AF9*DL9/1000)) -> 0 | DO9: =IF(U9<>"SÍ","",IF(NOT(AND(C9="VOLADO",AC9>DATOS!$C$80)),0,IF((BG9-DM9)<=0,0,IF(DM9<=0,IF(ISNUMBER(P9),P9,X9),IF(((0.9*DATOS!$C$87*DATOS!$C$83/100/1000)*IF(ISNUMBER(P9),P9,X9)/2+BG9/IF(ISNUMBER(P9),P9,X9))^2-4*((0.9*DATOS!$C$87*DATOS!$C$83/100/1000)/2)*(BG9-DM9)<0,IF(ISNUMBER(P9),P9,X9),MIN(IF(ISNUMBER(P9),P9,X9),(((0.9*DATOS!$C$87*DATOS!$C$83/100/1000)*IF(ISNUMBER(P9),P9,X9)/2+BG9/IF(ISNUMBER(P9),P9,X9))-SQRT(((0.9*DATOS!$C$87*DATOS!$C$83/100/1000)*IF(ISNUMBER(P9),P9,X9)/2+BG9/IF(ISNUMBER(P9),P9,X9))^2-4*((0.9*DATOS!$C$87*DATOS!$C$83/100/1000)/2)*(BG9-DM9)))/(2*((0.9*DATOS!$C$87*DATOS!$C$83/100/1000)/2)))))))) -> 0 | DP9: =IF(U9<>"SÍ","",IF(NOT(AND(C9="VOLADO",AC9>DATOS!$C$80)),0,MIN(IF(ISNUMBER(P9),P9,X9),MAX(0,IF(ISNUMBER(P9),P9,X9)/2+BG9/IF(ISNUMBER(P9),P9,X9)/(AQ9*DATOS!$C$83/100/1000)-DN9/(AQ9*DATOS!$C$83/100/1000))))) -> 0 | DQ9: =IF(U9<>"SÍ","",IF(NOT(AND(C9="VOLADO",AC9>DATOS!$C$80)),0,BG9/IF(ISNUMBER(P9),P9,X9)+(AQ9*DATOS!$C$83/100/1000)*MAX(0,IF(ISNUMBER(P9),P9,X9)/2-BW9/100))) -> 0 | DR9: =IF(U9<>"SÍ","",IF(NOT(AND(C9="VOLADO",AC9>DATOS!$C$80)),0,CEILING(100*MIN(IF(ISNUMBER(P9),P9,X9),MAX(IF(DO9>0,DO9+IF(BV9>=2,MAX(DL9,12*INDEX(TABLAS!$C$52:$C$58,MATCH(BU9,TABLAS!$B$52:$B$58,0)))/100,0),0),DP9,IF(BV9>=2,INDEX(TABLAS!$F$52:$F$58,MATCH(BU9,TABLAS!$B$52:$B$58,0))/100,0))),5))) -> 0 | DS9: =IF(U9<>"SÍ","",IF(NOT(AND(C9="VOLADO",AC9>DATOS!$C$80)),0,IF(DR9<=0,0,CEILING(DR9/DATOS!$C$83,1)))) -> 0 | DT9: =IF(U9<>"SÍ","",IF(C9<>"VOLADO","—",IF(AC9<=DATOS!$C$80,"— (mismo b_w que el respaldo)",IF(DQ9>CR9,"NO CUMPLE: cortante de la nervadura ancha junto al apoyo ("&TEXT(DQ9,"0.00")&" > "&TEXT(CR9,"0.00")&" t)",IF(DR9>=100*IF(ISNUMBER(P9),P9,X9),"CUMPLE — todas las nervaduras del respaldo ‖ al volado con b_w = "&AC9&" cm","CUMPLE — "&DS9&" hilera(s) del respaldo con nervaduras de b_w = "&AC9&" cm (casetón "&AD9&" cm), hasta "&TEXT(DR9/100,"0.00")&" m del paño"))))) -> — | DU9: =IF(U9<>"SÍ","",IF(BN9=0,"NO ALCANZA",BN9&" No. "&BM9&IF(BN9>1," corridas"," corrida"))) -> 1 No. 4 corrida | DV9: =IF(U9<>"SÍ","",IF(BV9=0,"NO ALCANZA",IF(AND(C9="VOLADO",AC9>DATOS!$C$80,BV9>=2),"1 No. "&BU9&" corrida de la orilla al respaldo ("&IF(DB9>=100*IF(ISNUMBER(P9),P9,X9),"hasta su apoyo lejano, con gancho","entra "&TEXT(DB9/100,"0.00")&" m desde el paño")&") + "&(BV9-1)&" bastón No. "&BU9&" hasta "&TEXT(DR9/100,"0.00")&" m del paño (fin de la nervadura ancha)",IF(C9="VOLADO",BV9&" No. "&BU9&" de la orilla al respaldo ("&IF(DB9>=100*IF(ISNUMBER(P9),P9,X9),"hasta su apoyo lejano, con gancho","entran "&TEXT(DB9/100,"0.00")&" m desde el paño")&")","1 No. "&BU9&" corrida"&IF(BV9>1," + "&(BV9-1)&" bastón No. "&BU9&" L = "&TEXT(DB9/100,"0.00")&" m desde el paño",""))))) -> 1 No. 4 corrida | DW9: =IF(U9<>"SÍ","",IF(CD9=0,"NO ALCANZA",CD9&" No. "&CC9&IF(CD9>1," corridas"," corrida"))) -> 1 No. 4 corrida | DX9: =IF(U9<>"SÍ","",IF(CL9=0,"NO ALCANZA",IF(C9="VOLADO","1 No. "&CK9&" corrida (repartición)","1 No. "&CK9&" corrida"&IF(CL9>1," + "&(CL9-1)&" bastón No. "&CK9&" L = "&TEXT(DC9/100,"0.00")&" m desde el paño","")))) -> 1 No. 4 corrida | DY9: =IF(B9="","",IF(U9<>"SÍ","FALTAN DATOS: tipo, a_x, a_y y destino",IF(L9="NO MONOLÍTICO (caso II)","FUERA DE ALCANCE: caso II no transcrito",IF(AND(C9="VOLADO",V9="?"),"REVISAR: el volado lleva UN solo borde CONTINUO (el empotrado)",IF(AND(MAX(BQ9,BY9,CG9,CO9)<=1,NOT(OR(BN9>MIN(DATOS!$C$70,INT(((AC9-2*AJ9)+MAX(DATOS!$C$67,INDEX(TABLAS!$C$52:$C$58,MATCH(BM9,TABLAS!$B$52:$B$58,0))))/(INDEX(TABLAS!$C$52:$C$58,MATCH(BM9,TABLAS!$B$52:$B$58,0))+MAX(DATOS!$C$67,INDEX(TABLAS!$C$52:$C$58,MATCH(BM9,TABLAS!$B$52:$B$58,0)))))),BV9>MIN(DATOS!$C$70,INT(((AC9-2*AK9)+MAX(DATOS!$C$67,INDEX(TABLAS!$C$52:$C$58,MATCH(BU9,TABLAS!$B$52:$B$58,0))))/(INDEX(TABLAS!$C$52:$C$58,MATCH(BU9,TABLAS!$B$52:$B$58,0))+MAX(DATOS!$C$67,INDEX(TABLAS!$C$52:$C$58,MATCH(BU9,TABLAS!$B$52:$B$58,0)))))),CD9>MIN(DATOS!$C$70,INT(((DATOS!$C$80-2*AJ9)+MAX(DATOS!$C$67,INDEX(TABLAS!$C$52:$C$58,MATCH(CC9,TABLAS!$B$52:$B$58,0))))/(INDEX(TABLAS!$C$52:$C$58,MATCH(CC9,TABLAS!$B$52:$B$58,0))+MAX(DATOS!$C$67,INDEX(TABLAS!$C$52:$C$58,MATCH(CC9,TABLAS!$B$52:$B$58,0)))))),CL9>MIN(DATOS!$C$70,INT(((DATOS!$C$80-2*AK9)+MAX(DATOS!$C$67,INDEX(TABLAS!$C$52:$C$58,MATCH(CK9,TABLAS!$B$52:$B$58,0))))/(INDEX(TABLAS!$C$52:$C$58,MATCH(CK9,TABLAS!$B$52:$B$58,0))+MAX(DATOS!$C$67,INDEX(TABLAS!$C$52:$C$58,MATCH(CK9,TABLAS!$B$52:$B$58,0)))))))),NOT(OR(AND(ISNUMBER(BR9),BR9<0.005),AND(ISNUMBER(BZ9),BZ9<0.005),AND(ISNUMBER(CH9),CH9<0.005),AND(ISNUMBER(CP9),CP9<0.005))),NOT(LEFT(DT9,2)="NO"),CZ9="CUMPLE",DA9="CUMPLE",LEFT(CT9,2)<>"NO"),IF(LEFT(CT9,6)="CUMPLE","CUMPLE","CUMPLE — "&CT9)&IF(LEFT(BJ9,5)="FUERA"," · fuera de 3.4.2.1 c)","")&IF(LEFT(DF9,2)="NO"," · REVISAR anclaje en borde discontinuo","")&IF(DS9>0," · respaldo: "&DS9&" hilera(s) de b_w "&AC9&" cm",""),IF(AND(MAX(BQ9,BY9,CG9,CO9)<=1,NOT(OR(BN9>MIN(DATOS!$C$70,INT(((AC9-2*AJ9)+MAX(DATOS!$C$67,INDEX(TABLAS!$C$52:$C$58,MATCH(BM9,TABLAS!$B$52:$B$58,0))))/(INDEX(TABLAS!$C$52:$C$58,MATCH(BM9,TABLAS!$B$52:$B$58,0))+MAX(DATOS!$C$67,INDEX(TABLAS!$C$52:$C$58,MATCH(BM9,TABLAS!$B$52:$B$58,0)))))),BV9>MIN(DATOS!$C$70,INT(((AC9-2*AK9)+MAX(DATOS!$C$67,INDEX(TABLAS!$C$52:$C$58,MATCH(BU9,TABLAS!$B$52:$B$58,0))))/(INDEX(TABLAS!$C$52:$C$58,MATCH(BU9,TABLAS!$B$52:$B$58,0))+MAX(DATOS!$C$67,INDEX(TABLAS!$C$52:$C$58,MATCH(BU9,TABLAS!$B$52:$B$58,0)))))),CD9>MIN(DATOS!$C$70,INT(((DATOS!$C$80-2*AJ9)+MAX(DATOS!$C$67,INDEX(TABLAS!$C$52:$C$58,MATCH(CC9,TABLAS!$B$52:$B$58,0))))/(INDEX(TABLAS!$C$52:$C$58,MATCH(CC9,TABLAS!$B$52:$B$58,0))+MAX(DATOS!$C$67,INDEX(TABLAS!$C$52:$C$58,MATCH(CC9,TABLAS!$B$52:$B$58,0)))))),CL9>MIN(DATOS!$C$70,INT(((DATOS!$C$80-2*AK9)+MAX(DATOS!$C$67,INDEX(TABLAS!$C$52:$C$58,MATCH(CK9,TABLAS!$B$52:$B$58,0))))/(INDEX(TABLAS!$C$52:$C$58,MATCH(CK9,TABLAS!$B$52:$B$58,0))+MAX(DATOS!$C$67,INDEX(TABLAS!$C$52:$C$58,MATCH(CK9,TABLAS!$B$52:$B$58,0)))))))),NOT(OR(AND(ISNUMBER(BR9),BR9<0.005),AND(ISNUMBER(BZ9),BZ9<0.005),AND(ISNUMBER(CH9),CH9<0.005),AND(ISNUMBER(CP9),CP9<0.005))),NOT(LEFT(DT9,2)="NO"),CZ9="CALCULAR FLECHA",LEFT(CT9,2)<>"NO"),"REVISAR: calcular flecha (h_eq < h mín.)"&IF(LEFT(BJ9,5)="FUERA"," · fuera de 3.4.2.1 c)","")&IF(LEFT(DF9,2)="NO"," · REVISAR anclaje en borde discontinuo","")&IF(DS9>0," · respaldo: "&DS9&" hilera(s) de b_w "&AC9&" cm",""),"NO CUMPLE: "&IF(MAX(BQ9,BY9,CG9,CO9)>1,"flexión ","")&IF(OR(BN9>MIN(DATOS!$C$70,INT(((AC9-2*AJ9)+MAX(DATOS!$C$67,INDEX(TABLAS!$C$52:$C$58,MATCH(BM9,TABLAS!$B$52:$B$58,0))))/(INDEX(TABLAS!$C$52:$C$58,MATCH(BM9,TABLAS!$B$52:$B$58,0))+MAX(DATOS!$C$67,INDEX(TABLAS!$C$52:$C$58,MATCH(BM9,TABLAS!$B$52:$B$58,0)))))),BV9>MIN(DATOS!$C$70,INT(((AC9-2*AK9)+MAX(DATOS!$C$67,INDEX(TABLAS!$C$52:$C$58,MATCH(BU9,TABLAS!$B$52:$B$58,0))))/(INDEX(TABLAS!$C$52:$C$58,MATCH(BU9,TABLAS!$B$52:$B$58,0))+MAX(DATOS!$C$67,INDEX(TABLAS!$C$52:$C$58,MATCH(BU9,TABLAS!$B$52:$B$58,0)))))),CD9>MIN(DATOS!$C$70,INT(((DATOS!$C$80-2*AJ9)+MAX(DATOS!$C$67,INDEX(TABLAS!$C$52:$C$58,MATCH(CC9,TABLAS!$B$52:$B$58,0))))/(INDEX(TABLAS!$C$52:$C$58,MATCH(CC9,TABLAS!$B$52:$B$58,0))+MAX(DATOS!$C$67,INDEX(TABLAS!$C$52:$C$58,MATCH(CC9,TABLAS!$B$52:$B$58,0)))))),CL9>MIN(DATOS!$C$70,INT(((DATOS!$C$80-2*AK9)+MAX(DATOS!$C$67,INDEX(TABLAS!$C$52:$C$58,MATCH(CK9,TABLAS!$B$52:$B$58,0))))/(INDEX(TABLAS!$C$52:$C$58,MATCH(CK9,TABLAS!$B$52:$B$58,0))+MAX(DATOS!$C$67,INDEX(TABLAS!$C$52:$C$58,MATCH(CK9,TABLAS!$B$52:$B$58,0))))))),"no caben ","")&IF(OR(AND(ISNUMBER(BR9),BR9<0.005),AND(ISNUMBER(BZ9),BZ9<0.005),AND(ISNUMBER(CH9),CH9<0.005),AND(ISNUMBER(CP9),CP9<0.005)),"ε_t < 0.005 ","")&IF(LEFT(CT9,2)="NO","cortante ","")&IF(CZ9="NO CUMPLE","peralte ","")&IF(DA9<>"CUMPLE","capa < 6 cm ","")&IF(LEFT(DT9,2)="NO","respaldo del volado",""))))))) -> CUMPLE | DZ9: =IF(U9<>"SÍ","",IF(LEFT(B9,7)="EJEMPLO","EJEMPLO de la hoja de Casa Rocha: bórralo o sobrescríbelo. ","")&IF(AND(C9="PERIMETRAL",MIN(DG9,DH9)=0),"No cabe un casetón en el claro corto: es un tablero macizo, diséñalo en MACIZAS. ","")&IF(AND(AI9="NO",C9="PERIMETRAL"),"No cumple 6.7.8.1.4 (a_c = "&MAX(DATOS!$C$78,AD9)&" cm > claro corto/6 = "&TEXT(X9*100/6,"0")&" cm): se diseña como losa apoyada en vigas (6.7.8.1.9): r de viga = "&DATOS!$C$60&" cm y V_cR sin ×1.1. Para que cuente como encasetonada: casetón de "&TEXT(FLOOR(MIN(80,X9*100/6),1),"0")&" cm o menor. ","")&IF(C9="VOLADO","Volado de "&TEXT(X9,"0.00")&" m empotrado en el borde "&LOWER(V9)&IF(N(O9)>0,", con "&TEXT(O9,"0.0")&" kg/m en la orilla","")&". Lecho inferior con r_ext. Si la orilla carga pretil u otro elemento frágil, calcula la flecha (13.4). El acero superior entra al respaldo de "&TEXT(IF(ISNUMBER(P9),P9,X9),"0.00")&" m"&IF(ISNUMBER(P9),""," (L_b no capturado: se tomó igual al volado)")&" hasta pasar M = 0 con 0.9·PP sin carga viva; si ahí no se anula, llega al apoyo lejano y se ancla con gancho (NTC-Criterios 3.4.1 c y 5.1.2.2). "&IF(AC9>DATOS!$C$80,"Respaldo: "&DT9&". ",""),"")&IF(LEFT(BJ9,5)="FUERA","El M⁻ del vecino difiere más de 50 % (3.4.2.1 c): distribuye el desequilibrio (3.4.3.1) o confirma con un modelo; se arma con el mayor. ","")&IF(OR(DD9="SÍ",DE9="SÍ"),"El M⁻ del borde discontinuo pide bastón también ahí (con gancho). ","")&IF(LEFT(DF9,2)="NO","Anclaje: "&DF9&" (6.7.8.1.7). ","")&IF(OR(AZ9>0,BA9>0),"Esquinas exteriores sobre muro: refuerzo de esquina arriba y abajo en L_largo/5 (6.7.7.3.1). ","")) -> EJEMPLO de la hoja de Casa Rocha: bórralo o sobrescríbelo. No cumple 6.7.8.1.4 (a_c = 60 cm > claro corto/6 = 27 cm): se diseña como losa apoyada en vigas (6.7.8.1.9): r de viga = 4 cm y V_cR sin ×1.1. Para que cuente como encasetonada: casetón de 26 cm o menor.
A10: =IF(B10="",0,1)+A9 -> 2 | B10: EJEMPLO F80016 (de borde) | C10: PERIMETRAL | D10: HABITACIÓN | E10: 4.426 | F10: 4 | G10: CONTINUO | H10: CONTINUO | I10: DISCONTINUO | J10: CONTINUO | K10: AUTO | L10: MONOLÍTICO (caso I) | M10: 160 | U10: =IF(B10="","",IF(AND(OR(C10="PERIMETRAL",C10="VOLADO"),ISNUMBER(E10),ISNUMBER(F10),E10>0,F10>0,OR(ISNUMBER(N10),ISNUMBER(MATCH(D10,DATOS!$B$46:$B$55,0)))),"SÍ","NO")) -> SÍ | V10: =IF(U10<>"SÍ","",IF(C10<>"VOLADO","—",IF(COUNTIF(G10:J10,"CONTINUO")<>1,"?",IF(G10="CONTINUO","INFERIOR",IF(H10="CONTINUO","SUPERIOR",IF(I10="CONTINUO","IZQUIERDO","DERECHO")))))) -> — | W10: =IF(U10<>"SÍ","",IF(C10="VOLADO",IF(OR(V10="IZQUIERDO",V10="DERECHO"),"X","Y"),IF(E10<=F10,"X","Y"))) -> Y | X10: =IF(U10<>"SÍ","",IF(C10="VOLADO",IF(W10="X",E10,F10),MIN(E10,F10))) -> 4 | Y10: =IF(U10<>"SÍ","",IF(C10="VOLADO",IF(W10="X",F10,E10),MAX(E10,F10))) -> 4.426 | Z10: =IF(U10<>"SÍ","",MIN(X10,Y10)/MAX(X10,Y10)) -> 0.90375056 | AA10: =IF(U10<>"SÍ","",MAX(1,X10*100-IF(C10="VOLADO",DATOS!$C$84/2,DATOS!$C$84))) -> 385 | AB10: =IF(U10<>"SÍ","",MAX(1,Y10*100-DATOS!$C$84)) -> 427.6 | AC10: =IF(U10<>"SÍ","",IF(ISNUMBER(Q10),Q10,DATOS!$C$80)) -> 10 | AD10: =IF(U10<>"SÍ","",MAX(0,DATOS!$C$83-AC10)) -> 60 | AE10: =IF(U10<>"SÍ","",IF(OR(DATOS!$C$62="SÍ",AC10>=20),AC10,AC10-2)) -> 10 | AF10: =IF(U10<>"SÍ","",IF(OR(DATOS!$C$62="SÍ",DATOS!$C$80>=20),DATOS!$C$80,DATOS!$C$80-2)) -> 10 | AG10: =IF(U10<>"SÍ","",MIN(DATOS!$C$83,AC10+2*MIN(8*DATOS!$C$81,AD10/2,AA10/8))) -> 70 | AH10: =IF(U10<>"SÍ","",MIN(DATOS!$C$83,DATOS!$C$80+2*MIN(8*DATOS!$C$81,DATOS!$C$78/2,AB10/8))) -> 70 | AI10: =IF(U10<>"SÍ","",IF(AND(C10="PERIMETRAL",X10*100>=6*MAX(DATOS!$C$78,AD10),MAX(DATOS!$C$78,AD10)<=80,MIN(DATOS!$C$80,AC10)>=10,DATOS!$C$82<=3.5*MIN(DATOS!$C$80,AC10),DATOS!$C$81>=MAX(MAX(DATOS!$C$78,AD10)/13,5)),"SÍ","NO")) -> SÍ | AJ10: =IF(U10<>"SÍ","",IF(C10="VOLADO",DATOS!$C$61,IF(AI10="NO",DATOS!$C$60,DATOS!$C$59))) -> 2 | AK10: =IF(U10<>"SÍ","",IF(OR(AND(AM10="SÍ",DATOS!$C$63="SÍ"),AND(C10="VOLADO",DATOS!$C$64="SÍ")),DATOS!$C$61,IF(AI10="NO",DATOS!$C$60,DATOS!$C$59))) -> 2 | AL10: =IF(U10<>"SÍ","",MAX(AK10,(DATOS!$C$81-2*DATOS!$C$94)/2)) -> 2.428 | AM10: =IF(U10<>"SÍ","",IFERROR(INDEX(DATOS!$D$46:$D$55,MATCH(D10,DATOS!$B$46:$B$55,0)),"NO")) -> NO | AN10: =IF(U10<>"SÍ","",IF(ISNUMBER(N10),N10,IFERROR(INDEX(DATOS!$C$46:$C$55,MATCH(D10,DATOS!$B$46:$B$55,0)),0))) -> 190 | AO10: =IF(U10<>"SÍ","",(DATOS!$C$82/100-(AD10*DATOS!$C$78/DATOS!$C$83^2)*DATOS!$C$79/100)*DATOS!$C$16*1000+(AD10*DATOS!$C$78/DATOS!$C$83^2)*DATOS!$C$79/100*DATOS!$C$17*1000+DATOS!$C$37+DATOS!$C$38) -> 307.07347 | AP10: =IF(U10<>"SÍ","",AO10+N(M10)) -> 467.07347 | AQ10: =IF(U10<>"SÍ","",MAX(DATOS!$C$26*AP10+DATOS!$C$27*AN10,IF(AM10="SÍ",DATOS!$C$28*(AP10+DATOS!$C$41),0))) -> 892.19551 | AR10: =IF(U10<>"SÍ","",(G10="DISCONTINUO")+(H10="DISCONTINUO")+(I10="DISCONTINUO")+(J10="DISCONTINUO")) -> 1 | AS10: =IF(U10<>"SÍ","",IF(W10="X",(G10="DISCONTINUO")+(H10="DISCONTINUO"),(I10="DISCONTINUO")+(J10="DISCONTINUO"))) -> 1 | AT10: =IF(U10<>"SÍ","",IF(AR10=0,"INTERIOR",IF(AR10=1,IF(AS10=1,"BORDE-CORTO","BORDE-LARGO"),IF(AR10=2,IF(AS10=1,"ESQUINA",IF(AS10=2,"EXTREMO-LARGO","EXTREMO-CORTO")),IF(AR10=3,IF(AS10=2,"EXTREMO-LARGO","EXTREMO-CORTO"),"AISLADO"))))) -> BORDE-CORTO | AU10: =IF(U10<>"SÍ","",IF(OR(K10="",K10="AUTO"),AT10,K10)) -> BORDE-CORTO | AV10: =IF(U10<>"SÍ","",MATCH(Z10,TABLAS!$D$5:$J$5,1)) -> 6 | AW10: =IF(U10<>"SÍ","",IF(AV10>=7,0,(Z10-INDEX(TABLAS!$D$5:$J$5,AV10))/(INDEX(TABLAS!$D$5:$J$5,AV10+1)-INDEX(TABLAS!$D$5:$J$5,AV10)))) -> 0.037505648 | AX10: =IF(U10<>"SÍ","",INDEX(TABLAS!$D$6:$J$47,MATCH(AU10&"|NIC",TABLAS!$B$6:$B$47,0),AV10)+AW10*(INDEX(TABLAS!$D$6:$J$47,MATCH(AU10&"|NIC",TABLAS!$B$6:$B$47,0),MIN(AV10+1,7))-INDEX(TABLAS!$D$6:$J$47,MATCH(AU10&"|NIC",TABLAS!$B$6:$B$47,0),AV10))) -> 542.77451 | AY10: =IF(U10<>"SÍ","",INDEX(TABLAS!$D$6:$J$47,MATCH(AU10&"|NIL",TABLAS!$B$6:$B$47,0),AV10)+AW10*(INDEX(TABLAS!$D$6:$J$47,MATCH(AU10&"|NIL",TABLAS!$B$6:$B$47,0),MIN(AV10+1,7))-INDEX(TABLAS!$D$6:$J$47,MATCH(AU10&"|NIL",TABLAS!$B$6:$B$47,0),AV10))) -> 439.28739 | AZ10: =IF(U10<>"SÍ","",INDEX(TABLAS!$D$6:$J$47,MATCH(AU10&"|NDC",TABLAS!$B$6:$B$47,0),AV10)+AW10*(INDEX(TABLAS!$D$6:$J$47,MATCH(AU10&"|NDC",TABLAS!$B$6:$B$47,0),MIN(AV10+1,7))-INDEX(TABLAS!$D$6:$J$47,MATCH(AU10&"|NDC",TABLAS!$B$6:$B$47,0),AV10))) -> 0 | BA10: =IF(U10<>"SÍ","",INDEX(TABLAS!$D$6:$J$47,MATCH(AU10&"|NDL",TABLAS!$B$6:$B$47,0),AV10)+AW10*(INDEX(TABLAS!$D$6:$J$47,MATCH(AU10&"|NDL",TABLAS!$B$6:$B$47,0),MIN(AV10+1,7))-INDEX(TABLAS!$D$6:$J$47,MATCH(AU10&"|NDL",TABLAS!$B$6:$B$47,0),AV10))) -> 205.39991 | BB10: =IF(U10<>"SÍ","",INDEX(TABLAS!$D$6:$J$47,MATCH(AU10&"|PC",TABLAS!$B$6:$B$47,0),AV10)+AW10*(INDEX(TABLAS!$D$6:$J$47,MATCH(AU10&"|PC",TABLAS!$B$6:$B$47,0),MIN(AV10+1,7))-INDEX(TABLAS!$D$6:$J$47,MATCH(AU10&"|PC",TABLAS!$B$6:$B$47,0),AV10))) -> 274.57479 | BC10: =IF(U10<>"SÍ","",INDEX(TABLAS!$D$6:$J$47,MATCH(AU10&"|PL",TABLAS!$B$6:$B$47,0),AV10)+AW10*(INDEX(TABLAS!$D$6:$J$47,MATCH(AU10&"|PL",TABLAS!$B$6:$B$47,0),MIN(AV10+1,7))-INDEX(TABLAS!$D$6:$J$47,MATCH(AU10&"|PL",TABLAS!$B$6:$B$47,0),AV10))) -> 263.86263 | BD10: =IF(U10<>"SÍ","",IF(C10<>"VOLADO",0,DATOS!$C$26*DATOS!$C$16*DATOS!$C$83/100*(((AD10*DATOS!$C$78/DATOS!$C$83^2)*DATOS!$C$79/100)*(IF(W10="X",DI10,DJ10)+DATOS!$C$84/2)/100*(AA10-(IF(W10="X",DI10,DJ10)+DATOS!$C$84/2)/2)/100+((AD10*DATOS!$C$78/DATOS!$C$83^2)*DATOS!$C$79/100)*IF(W10="X",DI10,DJ10)/100*IF(W10="X",DI10,DJ10)/200))) -> 0 | BE10: =IF(U10<>"SÍ","",IF(C10<>"VOLADO",0,DATOS!$C$26*DATOS!$C$16*DATOS!$C$83/100*((AD10*DATOS!$C$78/DATOS!$C$83^2)*DATOS!$C$79/100)*(IF(W10="X",DI10,DJ10)+DATOS!$C$84/2)/100)) -> 0 | BF10: =IF(U10<>"SÍ","",IF(C10="PERIMETRAL",BB10*AQ10*X10^2*1E-4*DATOS!$C$83/100/1000,0)) -> 0.27437132 | BG10: =IF(U10<>"SÍ","",IF(C10="PERIMETRAL",MAX(MAX(AX10,AZ10)*AQ10*X10^2*1E-4*DATOS!$C$83/100/1000,N(S10)),(AQ10*(AA10/100)^2/2+DATOS!$C$26*N(O10)*AA10/100)*DATOS!$C$83/100/1000+BD10)) -> 0.5423723 | BH10: =IF(U10<>"SÍ","",IF(C10="PERIMETRAL",BC10*AQ10*X10^2*1E-4*DATOS!$C$83/100/1000,0)) -> 0.2636671 | BI10: =IF(U10<>"SÍ","",IF(C10="PERIMETRAL",MAX(MAX(AY10,BA10)*AQ10*X10^2*1E-4*DATOS!$C$83/100/1000,N(T10)),0)) -> 0.43896187 | BJ10: =IF(U10<>"SÍ","",IF(C10<>"PERIMETRAL","—",IF(AND(N(S10)=0,N(T10)=0),"— (sin M⁻ del vecino)",IF(OR(AND(N(S10)>0,ABS(MAX(AX10,AZ10)*AQ10*X10^2*1E-4*DATOS!$C$83/100/1000-N(S10))>0.5*MIN(MAX(AX10,AZ10)*AQ10*X10^2*1E-4*DATOS!$C$83/100/1000,N(S10))),AND(N(T10)>0,ABS(MAX(AY10,BA10)*AQ10*X10^2*1E-4*DATOS!$C$83/100/1000-N(T10))>0.5*MIN(MAX(AY10,BA10)*AQ10*X10^2*1E-4*DATOS!$C$83/100/1000,N(T10)))),"FUERA: difieren > 50 %"&IF(AND(N(S10)>0,ABS(MAX(AX10,AZ10)*AQ10*X10^2*1E-4*DATOS!$C$83/100/1000-N(S10))>0.5*MIN(MAX(AX10,AZ10)*AQ10*X10^2*1E-4*DATOS!$C$83/100/1000,N(S10)))," ‖ corto","")&IF(AND(N(T10)>0,ABS(MAX(AY10,BA10)*AQ10*X10^2*1E-4*DATOS!$C$83/100/1000-N(T10))>0.5*MIN(MAX(AY10,BA10)*AQ10*X10^2*1E-4*DATOS!$C$83/100/1000,N(T10)))," ‖ largo",""),"CUMPLE")))) -> — (sin M⁻ del vecino) | BK10: =IF(U10<>"SÍ","",(DATOS!$C$82-AJ10-INDEX(TABLAS!$C$52:$C$58,MATCH(DATOS!$C$68,TABLAS!$B$52:$B$58,0))/2)) -> 22.365 | BL10: =IF(U10<>"SÍ","",IF(IF(BF10<=0,0,IF((1-2*BF10*1E5/(DATOS!$C$29*AG10*BK10^2*DATOS!$C$21))<0,-1,IF((1-SQRT((1-2*BF10*1E5/(DATOS!$C$29*AG10*BK10^2*DATOS!$C$21))))*DATOS!$C$21*AG10*BK10/DATOS!$C$14>DATOS!$C$99*AG10*BK10,-1,(1-SQRT((1-2*BF10*1E5/(DATOS!$C$29*AG10*BK10^2*DATOS!$C$21))))*DATOS!$C$21*AG10*BK10/DATOS!$C$14)))<0,-1,MAX(IF(BF10<=0,0,IF((1-2*BF10*1E5/(DATOS!$C$29*AG10*BK10^2*DATOS!$C$21))<0,-1,IF((1-SQRT((1-2*BF10*1E5/(DATOS!$C$29*AG10*BK10^2*DATOS!$C$21))))*DATOS!$C$21*AG10*BK10/DATOS!$C$14>DATOS!$C$99*AG10*BK10,-1,(1-SQRT((1-2*BF10*1E5/(DATOS!$C$29*AG10*BK10^2*DATOS!$C$21))))*DATOS!$C$21*AG10*BK10/DATOS!$C$14))),MIN(DATOS!$C$100*AC10*BK10,4/3*IF(BF10<=0,0,IF((1-2*BF10*1E5/(DATOS!$C$29*AG10*BK10^2*DATOS!$C$21))<0,-1,IF((1-SQRT((1-2*BF10*1E5/(DATOS!$C$29*AG10*BK10^2*DATOS!$C$21))))*DATOS!$C$21*AG10*BK10/DATOS!$C$14>DATOS!$C$99*AG10*BK10,-1,(1-SQRT((1-2*BF10*1E5/(DATOS!$C$29*AG10*BK10^2*DATOS!$C$21))))*DATOS!$C$21*AG10*BK10/DATOS!$C$14))))))) -> 0.43361991 | BM10: =IF(U10<>"SÍ","",IF(AND(BL10>=0,IF(MAX(DATOS!$C$71,CEILING(BL10/INDEX(TABLAS!$D$52:$D$58,MIN(MATCH(DATOS!$C$68,TABLAS!$B$52:$B$58,0)+0,7)),1))*INDEX(TABLAS!$D$52:$D$58,MIN(MATCH(DATOS!$C$68,TABLAS!$B$52:$B$58,0)+0,7))>=4/3*IF(BF10<=0,0,IF((1-2*BF10*1E5/(DATOS!$C$29*AG10*BK10^2*DATOS!$C$21))<0,-1,IF((1-SQRT((1-2*BF10*1E5/(DATOS!$C$29*AG10*BK10^2*DATOS!$C$21))))*DATOS!$C$21*AG10*BK10/DATOS!$C$14>DATOS!$C$99*AG10*BK10,-1,(1-SQRT((1-2*BF10*1E5/(DATOS!$C$29*AG10*BK10^2*DATOS!$C$21))))*DATOS!$C$21*AG10*BK10/DATOS!$C$14)))-0.0001,MAX(DATOS!$C$71,CEILING(BL10/INDEX(TABLAS!$D$52:$D$58,MIN(MATCH(DATOS!$C$68,TABLAS!$B$52:$B$58,0)+0,7)),1)),MAX(MAX(DATOS!$C$71,CEILING(BL10/INDEX(TABLAS!$D$52:$D$58,MIN(MATCH(DATOS!$C$68,TABLAS!$B$52:$B$58,0)+0,7)),1)),2))<=MIN(DATOS!$C$70,INT(((AC10-2*AJ10)+MAX(DATOS!$C$67,INDEX(TABLAS!$C$52:$C$58,MIN(MATCH(DATOS!$C$68,TABLAS!$B$52:$B$58,0)+0,7))))/(INDEX(TABLAS!$C$52:$C$58,MIN(MATCH(DATOS!$C$68,TABLAS!$B$52:$B$58,0)+0,7))+MAX(DATOS!$C$67,INDEX(TABLAS!$C$52:$C$58,MIN(MATCH(DATOS!$C$68,TABLAS!$B$52:$B$58,0)+0,7))))))),INDEX(TABLAS!$B$52:$B$58,MIN(MATCH(DATOS!$C$68,TABLAS!$B$52:$B$58,0)+0,7)),IF(AND(BL10>=0,IF(MAX(DATOS!$C$71,CEILING(BL10/INDEX(TABLAS!$D$52:$D$58,MIN(MATCH(DATOS!$C$68,TABLAS!$B$52:$B$58,0)+1,7)),1))*INDEX(TABLAS!$D$52:$D$58,MIN(MATCH(DATOS!$C$68,TABLAS!$B$52:$B$58,0)+1,7))>=4/3*IF(BF10<=0,0,IF((1-2*BF10*1E5/(DATOS!$C$29*AG10*BK10^2*DATOS!$C$21))<0,-1,IF((1-SQRT((1-2*BF10*1E5/(DATOS!$C$29*AG10*BK10^2*DATOS!$C$21))))*DATOS!$C$21*AG10*BK10/DATOS!$C$14>DATOS!$C$99*AG10*BK10,-1,(1-SQRT((1-2*BF10*1E5/(DATOS!$C$29*AG10*BK10^2*DATOS!$C$21))))*DATOS!$C$21*AG10*BK10/DATOS!$C$14)))-0.0001,MAX(DATOS!$C$71,CEILING(BL10/INDEX(TABLAS!$D$52:$D$58,MIN(MATCH(DATOS!$C$68,TABLAS!$B$52:$B$58,0)+1,7)),1)),MAX(MAX(DATOS!$C$71,CEILING(BL10/INDEX(TABLAS!$D$52:$D$58,MIN(MATCH(DATOS!$C$68,TABLAS!$B$52:$B$58,0)+1,7)),1)),2))<=MIN(DATOS!$C$70,INT(((AC10-2*AJ10)+MAX(DATOS!$C$67,INDEX(TABLAS!$C$52:$C$58,MIN(MATCH(DATOS!$C$68,TABLAS!$B$52:$B$58,0)+1,7))))/(INDEX(TABLAS!$C$52:$C$58,MIN(MATCH(DATOS!$C$68,TABLAS!$B$52:$B$58,0)+1,7))+MAX(DATOS!$C$67,INDEX(TABLAS!$C$52:$C$58,MIN(MATCH(DATOS!$C$68,TABLAS!$B$52:$B$58,0)+1,7))))))),INDEX(TABLAS!$B$52:$B$58,MIN(MATCH(DATOS!$C$68,TABLAS!$B$52:$B$58,0)+1,7)),IF(AND(BL10>=0,IF(MAX(DATOS!$C$71,CEILING(BL10/INDEX(TABLAS!$D$52:$D$58,MIN(MATCH(DATOS!$C$68,TABLAS!$B$52:$B$58,0)+2,7)),1))*INDEX(TABLAS!$D$52:$D$58,MIN(MATCH(DATOS!$C$68,TABLAS!$B$52:$B$58,0)+2,7))>=4/3*IF(BF10<=0,0,IF((1-2*BF10*1E5/(DATOS!$C$29*AG10*BK10^2*DATOS!$C$21))<0,-1,IF((1-SQRT((1-2*BF10*1E5/(DATOS!$C$29*AG10*BK10^2*DATOS!$C$21))))*DATOS!$C$21*AG10*BK10/DATOS!$C$14>DATOS!$C$99*AG10*BK10,-1,(1-SQRT((1-2*BF10*1E5/(DATOS!$C$29*AG10*BK10^2*DATOS!$C$21))))*DATOS!$C$21*AG10*BK10/DATOS!$C$14)))-0.0001,MAX(DATOS!$C$71,CEILING(BL10/INDEX(TABLAS!$D$52:$D$58,MIN(MATCH(DATOS!$C$68,TABLAS!$B$52:$B$58,0)+2,7)),1)),MAX(MAX(DATOS!$C$71,CEILING(BL10/INDEX(TABLAS!$D$52:$D$58,MIN(MATCH(DATOS!$C$68,TABLAS!$B$52:$B$58,0)+2,7)),1)),2))<=MIN(DATOS!$C$70,INT(((AC10-2*AJ10)+MAX(DATOS!$C$67,INDEX(TABLAS!$C$52:$C$58,MIN(MATCH(DATOS!$C$68,TABLAS!$B$52:$B$58,0)+2,7))))/(INDEX(TABLAS!$C$52:$C$58,MIN(MATCH(DATOS!$C$68,TABLAS!$B$52:$B$58,0)+2,7))+MAX(DATOS!$C$67,INDEX(TABLAS!$C$52:$C$58,MIN(MATCH(DATOS!$C$68,TABLAS!$B$52:$B$58,0)+2,7))))))),INDEX(TABLAS!$B$52:$B$58,MIN(MATCH(DATOS!$C$68,TABLAS!$B$52:$B$58,0)+2,7)),IF(AND(BL10>=0,IF(MAX(DATOS!$C$71,CEILING(BL10/INDEX(TABLAS!$D$52:$D$58,MIN(MATCH(DATOS!$C$68,TABLAS!$B$52:$B$58,0)+3,7)),1))*INDEX(TABLAS!$D$52:$D$58,MIN(MATCH(DATOS!$C$68,TABLAS!$B$52:$B$58,0)+3,7))>=4/3*IF(BF10<=0,0,IF((1-2*BF10*1E5/(DATOS!$C$29*AG10*BK10^2*DATOS!$C$21))<0,-1,IF((1-SQRT((1-2*BF10*1E5/(DATOS!$C$29*AG10*BK10^2*DATOS!$C$21))))*DATOS!$C$21*AG10*BK10/DATOS!$C$14>DATOS!$C$99*AG10*BK10,-1,(1-SQRT((1-2*BF10*1E5/(DATOS!$C$29*AG10*BK10^2*DATOS!$C$21))))*DATOS!$C$21*AG10*BK10/DATOS!$C$14)))-0.0001,MAX(DATOS!$C$71,CEILING(BL10/INDEX(TABLAS!$D$52:$D$58,MIN(MATCH(DATOS!$C$68,TABLAS!$B$52:$B$58,0)+3,7)),1)),MAX(MAX(DATOS!$C$71,CEILING(BL10/INDEX(TABLAS!$D$52:$D$58,MIN(MATCH(DATOS!$C$68,TABLAS!$B$52:$B$58,0)+3,7)),1)),2))<=MIN(DATOS!$C$70,INT(((AC10-2*AJ10)+MAX(DATOS!$C$67,INDEX(TABLAS!$C$52:$C$58,MIN(MATCH(DATOS!$C$68,TABLAS!$B$52:$B$58,0)+3,7))))/(INDEX(TABLAS!$C$52:$C$58,MIN(MATCH(DATOS!$C$68,TABLAS!$B$52:$B$58,0)+3,7))+MAX(DATOS!$C$67,INDEX(TABLAS!$C$52:$C$58,MIN(MATCH(DATOS!$C$68,TABLAS!$B$52:$B$58,0)+3,7))))))),INDEX(TABLAS!$B$52:$B$58,MIN(MATCH(DATOS!$C$68,TABLAS!$B$52:$B$58,0)+3,7)),IF(AND(BL10>=0,IF(MAX(DATOS!$C$71,CEILING(BL10/INDEX(TABLAS!$D$52:$D$58,MIN(MATCH(DATOS!$C$68,TABLAS!$B$52:$B$58,0)+4,7)),1))*INDEX(TABLAS!$D$52:$D$58,MIN(MATCH(DATOS!$C$68,TABLAS!$B$52:$B$58,0)+4,7))>=4/3*IF(BF10<=0,0,IF((1-2*BF10*1E5/(DATOS!$C$29*AG10*BK10^2*DATOS!$C$21))<0,-1,IF((1-SQRT((1-2*BF10*1E5/(DATOS!$C$29*AG10*BK10^2*DATOS!$C$21))))*DATOS!$C$21*AG10*BK10/DATOS!$C$14>DATOS!$C$99*AG10*BK10,-1,(1-SQRT((1-2*BF10*1E5/(DATOS!$C$29*AG10*BK10^2*DATOS!$C$21))))*DATOS!$C$21*AG10*BK10/DATOS!$C$14)))-0.0001,MAX(DATOS!$C$71,CEILING(BL10/INDEX(TABLAS!$D$52:$D$58,MIN(MATCH(DATOS!$C$68,TABLAS!$B$52:$B$58,0)+4,7)),1)),MAX(MAX(DATOS!$C$71,CEILING(BL10/INDEX(TABLAS!$D$52:$D$58,MIN(MATCH(DATOS!$C$68,TABLAS!$B$52:$B$58,0)+4,7)),1)),2))<=MIN(DATOS!$C$70,INT(((AC10-2*AJ10)+MAX(DATOS!$C$67,INDEX(TABLAS!$C$52:$C$58,MIN(MATCH(DATOS!$C$68,TABLAS!$B$52:$B$58,0)+4,7))))/(INDEX(TABLAS!$C$52:$C$58,MIN(MATCH(DATOS!$C$68,TABLAS!$B$52:$B$58,0)+4,7))+MAX(DATOS!$C$67,INDEX(TABLAS!$C$52:$C$58,MIN(MATCH(DATOS!$C$68,TABLAS!$B$52:$B$58,0)+4,7))))))),INDEX(TABLAS!$B$52:$B$58,MIN(MATCH(DATOS!$C$68,TABLAS!$B$52:$B$58,0)+4,7)),INDEX(TABLAS!$B$52:$B$58,7))))))) -> 4 | BN10: =IF(U10<>"SÍ","",IF(BL10<0,0,IF(MAX(DATOS!$C$71,CEILING(MAX(BL10,0)/INDEX(TABLAS!$D$52:$D$58,MATCH(BM10,TABLAS!$B$52:$B$58,0)),1))*INDEX(TABLAS!$D$52:$D$58,MATCH(BM10,TABLAS!$B$52:$B$58,0))>=4/3*IF(BF10<=0,0,IF((1-2*BF10*1E5/(DATOS!$C$29*AG10*BK10^2*DATOS!$C$21))<0,-1,IF((1-SQRT((1-2*BF10*1E5/(DATOS!$C$29*AG10*BK10^2*DATOS!$C$21))))*DATOS!$C$21*AG10*BK10/DATOS!$C$14>DATOS!$C$99*AG10*BK10,-1,(1-SQRT((1-2*BF10*1E5/(DATOS!$C$29*AG10*BK10^2*DATOS!$C$21))))*DATOS!$C$21*AG10*BK10/DATOS!$C$14)))-0.0001,MAX(DATOS!$C$71,CEILING(MAX(BL10,0)/INDEX(TABLAS!$D$52:$D$58,MATCH(BM10,TABLAS!$B$52:$B$58,0)),1)),MAX(MAX(DATOS!$C$71,CEILING(MAX(BL10,0)/INDEX(TABLAS!$D$52:$D$58,MATCH(BM10,TABLAS!$B$52:$B$58,0)),1)),2)))) -> 1 | BO10: =IF(U10<>"SÍ","",DATOS!$C$82-AJ10-INDEX(TABLAS!$C$52:$C$58,MATCH(BM10,TABLAS!$B$52:$B$58,0))/2) -> 22.365 | BP10: =IF(U10<>"SÍ","",IF(BN10=0,0,DATOS!$C$29*BN10*INDEX(TABLAS!$D$52:$D$58,MATCH(BM10,TABLAS!$B$52:$B$58,0))*DATOS!$C$14*(BO10-BN10*INDEX(TABLAS!$D$52:$D$58,MATCH(BM10,TABLAS!$B$52:$B$58,0))*DATOS!$C$14/(DATOS!$C$21*AG10)/2)/1E5)) -> 1.065047 | BQ10: =IF(U10<>"SÍ","",IF(BL10<0,9.99,IF(BP10>0,BF10/BP10,0))) -> 0.25761428 | BR10: =IF(U10<>"SÍ","",IF(BN10=0,"—",0.003*(BO10-(BN10*INDEX(TABLAS!$D$52:$D$58,MATCH(BM10,TABLAS!$B$52:$B$58,0))*DATOS!$C$14/(DATOS!$C$21*AG10)/DATOS!$C$22))/(BN10*INDEX(TABLAS!$D$52:$D$58,MATCH(BM10,TABLAS!$B$52:$B$58,0))*DATOS!$C$14/(DATOS!$C$21*AG10)/DATOS!$C$22))) -> 0.15604245 | BS10: =IF(U10<>"SÍ","",((DATOS!$C$82-AL10-2*DATOS!$C$94-INDEX(TABLAS!$C$52:$C$58,MATCH(DATOS!$C$69,TABLAS!$B$52:$B$58,0))/2)-IF(AND((DATOS!$C$82-AL10-2*DATOS!$C$94-INDEX(TABLAS!$C$52:$C$58,MATCH(DATOS!$C$69,TABLAS!$B$52:$B$58,0))/2)<=20,DATOS!$C$62<>"SÍ"),2,0))) -> 20.793 | BT10: =IF(U10<>"SÍ","",IF(IF(BG10<=0,0,IF((1-2*BG10*1E5/(DATOS!$C$29*AE10*BS10^2*DATOS!$C$21))<0,-1,IF((1-SQRT((1-2*BG10*1E5/(DATOS!$C$29*AE10*BS10^2*DATOS!$C$21))))*DATOS!$C$21*AE10*BS10/DATOS!$C$14>DATOS!$C$99*AE10*BS10,-1,(1-SQRT((1-2*BG10*1E5/(DATOS!$C$29*AE10*BS10^2*DATOS!$C$21))))*DATOS!$C$21*AE10*BS10/DATOS!$C$14)))<0,-1,MAX(IF(BG10<=0,0,IF((1-2*BG10*1E5/(DATOS!$C$29*AE10*BS10^2*DATOS!$C$21))<0,-1,IF((1-SQRT((1-2*BG10*1E5/(DATOS!$C$29*AE10*BS10^2*DATOS!$C$21))))*DATOS!$C$21*AE10*BS10/DATOS!$C$14>DATOS!$C$99*AE10*BS10,-1,(1-SQRT((1-2*BG10*1E5/(DATOS!$C$29*AE10*BS10^2*DATOS!$C$21))))*DATOS!$C$21*AE10*BS10/DATOS!$C$14))),MIN(DATOS!$C$100*IF(C10="VOLADO",MIN(AG10,2*AC10),AC10)*BS10,4/3*IF(BG10<=0,0,IF((1-2*BG10*1E5/(DATOS!$C$29*AE10*BS10^2*DATOS!$C$21))<0,-1,IF((1-SQRT((1-2*BG10*1E5/(DATOS!$C$29*AE10*BS10^2*DATOS!$C$21))))*DATOS!$C$21*AE10*BS10/DATOS!$C$14>DATOS!$C$99*AE10*BS10,-1,(1-SQRT((1-2*BG10*1E5/(DATOS!$C$29*AE10*BS10^2*DATOS!$C$21))))*DATOS!$C$21*AE10*BS10/DATOS!$C$14))))))) -> 0.71431319 | BU10: =IF(U10<>"SÍ","",IF(AND(BT10>=0,IF(MAX(DATOS!$C$71,CEILING(BT10/INDEX(TABLAS!$D$52:$D$58,MIN(MATCH(DATOS!$C$69,TABLAS!$B$52:$B$58,0)+0,7)),1))*INDEX(TABLAS!$D$52:$D$58,MIN(MATCH(DATOS!$C$69,TABLAS!$B$52:$B$58,0)+0,7))>=4/3*IF(BG10<=0,0,IF((1-2*BG10*1E5/(DATOS!$C$29*AE10*BS10^2*DATOS!$C$21))<0,-1,IF((1-SQRT((1-2*BG10*1E5/(DATOS!$C$29*AE10*BS10^2*DATOS!$C$21))))*DATOS!$C$21*AE10*BS10/DATOS!$C$14>DATOS!$C$99*AE10*BS10,-1,(1-SQRT((1-2*BG10*1E5/(DATOS!$C$29*AE10*BS10^2*DATOS!$C$21))))*DATOS!$C$21*AE10*BS10/DATOS!$C$14)))-0.0001,MAX(DATOS!$C$71,CEILING(BT10/INDEX(TABLAS!$D$52:$D$58,MIN(MATCH(DATOS!$C$69,TABLAS!$B$52:$B$58,0)+0,7)),1)),MAX(MAX(DATOS!$C$71,CEILING(BT10/INDEX(TABLAS!$D$52:$D$58,MIN(MATCH(DATOS!$C$69,TABLAS!$B$52:$B$58,0)+0,7)),1)),2))<=MIN(DATOS!$C$70,INT(((AC10-2*AK10)+MAX(DATOS!$C$67,INDEX(TABLAS!$C$52:$C$58,MIN(MATCH(DATOS!$C$69,TABLAS!$B$52:$B$58,0)+0,7))))/(INDEX(TABLAS!$C$52:$C$58,MIN(MATCH(DATOS!$C$69,TABLAS!$B$52:$B$58,0)+0,7))+MAX(DATOS!$C$67,INDEX(TABLAS!$C$52:$C$58,MIN(MATCH(DATOS!$C$69,TABLAS!$B$52:$B$58,0)+0,7))))))),INDEX(TABLAS!$B$52:$B$58,MIN(MATCH(DATOS!$C$69,TABLAS!$B$52:$B$58,0)+0,7)),IF(AND(BT10>=0,IF(MAX(DATOS!$C$71,CEILING(BT10/INDEX(TABLAS!$D$52:$D$58,MIN(MATCH(DATOS!$C$69,TABLAS!$B$52:$B$58,0)+1,7)),1))*INDEX(TABLAS!$D$52:$D$58,MIN(MATCH(DATOS!$C$69,TABLAS!$B$52:$B$58,0)+1,7))>=4/3*IF(BG10<=0,0,IF((1-2*BG10*1E5/(DATOS!$C$29*AE10*BS10^2*DATOS!$C$21))<0,-1,IF((1-SQRT((1-2*BG10*1E5/(DATOS!$C$29*AE10*BS10^2*DATOS!$C$21))))*DATOS!$C$21*AE10*BS10/DATOS!$C$14>DATOS!$C$99*AE10*BS10,-1,(1-SQRT((1-2*BG10*1E5/(DATOS!$C$29*AE10*BS10^2*DATOS!$C$21))))*DATOS!$C$21*AE10*BS10/DATOS!$C$14)))-0.0001,MAX(DATOS!$C$71,CEILING(BT10/INDEX(TABLAS!$D$52:$D$58,MIN(MATCH(DATOS!$C$69,TABLAS!$B$52:$B$58,0)+1,7)),1)),MAX(MAX(DATOS!$C$71,CEILING(BT10/INDEX(TABLAS!$D$52:$D$58,MIN(MATCH(DATOS!$C$69,TABLAS!$B$52:$B$58,0)+1,7)),1)),2))<=MIN(DATOS!$C$70,INT(((AC10-2*AK10)+MAX(DATOS!$C$67,INDEX(TABLAS!$C$52:$C$58,MIN(MATCH(DATOS!$C$69,TABLAS!$B$52:$B$58,0)+1,7))))/(INDEX(TABLAS!$C$52:$C$58,MIN(MATCH(DATOS!$C$69,TABLAS!$B$52:$B$58,0)+1,7))+MAX(DATOS!$C$67,INDEX(TABLAS!$C$52:$C$58,MIN(MATCH(DATOS!$C$69,TABLAS!$B$52:$B$58,0)+1,7))))))),INDEX(TABLAS!$B$52:$B$58,MIN(MATCH(DATOS!$C$69,TABLAS!$B$52:$B$58,0)+1,7)),IF(AND(BT10>=0,IF(MAX(DATOS!$C$71,CEILING(BT10/INDEX(TABLAS!$D$52:$D$58,MIN(MATCH(DATOS!$C$69,TABLAS!$B$52:$B$58,0)+2,7)),1))*INDEX(TABLAS!$D$52:$D$58,MIN(MATCH(DATOS!$C$69,TABLAS!$B$52:$B$58,0)+2,7))>=4/3*IF(BG10<=0,0,IF((1-2*BG10*1E5/(DATOS!$C$29*AE10*BS10^2*DATOS!$C$21))<0,-1,IF((1-SQRT((1-2*BG10*1E5/(DATOS!$C$29*AE10*BS10^2*DATOS!$C$21))))*DATOS!$C$21*AE10*BS10/DATOS!$C$14>DATOS!$C$99*AE10*BS10,-1,(1-SQRT((1-2*BG10*1E5/(DATOS!$C$29*AE10*BS10^2*DATOS!$C$21))))*DATOS!$C$21*AE10*BS10/DATOS!$C$14)))-0.0001,MAX(DATOS!$C$71,CEILING(BT10/INDEX(TABLAS!$D$52:$D$58,MIN(MATCH(DATOS!$C$69,TABLAS!$B$52:$B$58,0)+2,7)),1)),MAX(MAX(DATOS!$C$71,CEILING(BT10/INDEX(TABLAS!$D$52:$D$58,MIN(MATCH(DATOS!$C$69,TABLAS!$B$52:$B$58,0)+2,7)),1)),2))<=MIN(DATOS!$C$70,INT(((AC10-2*AK10)+MAX(DATOS!$C$67,INDEX(TABLAS!$C$52:$C$58,MIN(MATCH(DATOS!$C$69,TABLAS!$B$52:$B$58,0)+2,7))))/(INDEX(TABLAS!$C$52:$C$58,MIN(MATCH(DATOS!$C$69,TABLAS!$B$52:$B$58,0)+2,7))+MAX(DATOS!$C$67,INDEX(TABLAS!$C$52:$C$58,MIN(MATCH(DATOS!$C$69,TABLAS!$B$52:$B$58,0)+2,7))))))),INDEX(TABLAS!$B$52:$B$58,MIN(MATCH(DATOS!$C$69,TABLAS!$B$52:$B$58,0)+2,7)),IF(AND(BT10>=0,IF(MAX(DATOS!$C$71,CEILING(BT10/INDEX(TABLAS!$D$52:$D$58,MIN(MATCH(DATOS!$C$69,TABLAS!$B$52:$B$58,0)+3,7)),1))*INDEX(TABLAS!$D$52:$D$58,MIN(MATCH(DATOS!$C$69,TABLAS!$B$52:$B$58,0)+3,7))>=4/3*IF(BG10<=0,0,IF((1-2*BG10*1E5/(DATOS!$C$29*AE10*BS10^2*DATOS!$C$21))<0,-1,IF((1-SQRT((1-2*BG10*1E5/(DATOS!$C$29*AE10*BS10^2*DATOS!$C$21))))*DATOS!$C$21*AE10*BS10/DATOS!$C$14>DATOS!$C$99*AE10*BS10,-1,(1-SQRT((1-2*BG10*1E5/(DATOS!$C$29*AE10*BS10^2*DATOS!$C$21))))*DATOS!$C$21*AE10*BS10/DATOS!$C$14)))-0.0001,MAX(DATOS!$C$71,CEILING(BT10/INDEX(TABLAS!$D$52:$D$58,MIN(MATCH(DATOS!$C$69,TABLAS!$B$52:$B$58,0)+3,7)),1)),MAX(MAX(DATOS!$C$71,CEILING(BT10/INDEX(TABLAS!$D$52:$D$58,MIN(MATCH(DATOS!$C$69,TABLAS!$B$52:$B$58,0)+3,7)),1)),2))<=MIN(DATOS!$C$70,INT(((AC10-2*AK10)+MAX(DATOS!$C$67,INDEX(TABLAS!$C$52:$C$58,MIN(MATCH(DATOS!$C$69,TABLAS!$B$52:$B$58,0)+3,7))))/(INDEX(TABLAS!$C$52:$C$58,MIN(MATCH(DATOS!$C$69,TABLAS!$B$52:$B$58,0)+3,7))+MAX(DATOS!$C$67,INDEX(TABLAS!$C$52:$C$58,MIN(MATCH(DATOS!$C$69,TABLAS!$B$52:$B$58,0)+3,7))))))),INDEX(TABLAS!$B$52:$B$58,MIN(MATCH(DATOS!$C$69,TABLAS!$B$52:$B$58,0)+3,7)),IF(AND(BT10>=0,IF(MAX(DATOS!$C$71,CEILING(BT10/INDEX(TABLAS!$D$52:$D$58,MIN(MATCH(DATOS!$C$69,TABLAS!$B$52:$B$58,0)+4,7)),1))*INDEX(TABLAS!$D$52:$D$58,MIN(MATCH(DATOS!$C$69,TABLAS!$B$52:$B$58,0)+4,7))>=4/3*IF(BG10<=0,0,IF((1-2*BG10*1E5/(DATOS!$C$29*AE10*BS10^2*DATOS!$C$21))<0,-1,IF((1-SQRT((1-2*BG10*1E5/(DATOS!$C$29*AE10*BS10^2*DATOS!$C$21))))*DATOS!$C$21*AE10*BS10/DATOS!$C$14>DATOS!$C$99*AE10*BS10,-1,(1-SQRT((1-2*BG10*1E5/(DATOS!$C$29*AE10*BS10^2*DATOS!$C$21))))*DATOS!$C$21*AE10*BS10/DATOS!$C$14)))-0.0001,MAX(DATOS!$C$71,CEILING(BT10/INDEX(TABLAS!$D$52:$D$58,MIN(MATCH(DATOS!$C$69,TABLAS!$B$52:$B$58,0)+4,7)),1)),MAX(MAX(DATOS!$C$71,CEILING(BT10/INDEX(TABLAS!$D$52:$D$58,MIN(MATCH(DATOS!$C$69,TABLAS!$B$52:$B$58,0)+4,7)),1)),2))<=MIN(DATOS!$C$70,INT(((AC10-2*AK10)+MAX(DATOS!$C$67,INDEX(TABLAS!$C$52:$C$58,MIN(MATCH(DATOS!$C$69,TABLAS!$B$52:$B$58,0)+4,7))))/(INDEX(TABLAS!$C$52:$C$58,MIN(MATCH(DATOS!$C$69,TABLAS!$B$52:$B$58,0)+4,7))+MAX(DATOS!$C$67,INDEX(TABLAS!$C$52:$C$58,MIN(MATCH(DATOS!$C$69,TABLAS!$B$52:$B$58,0)+4,7))))))),INDEX(TABLAS!$B$52:$B$58,MIN(MATCH(DATOS!$C$69,TABLAS!$B$52:$B$58,0)+4,7)),INDEX(TABLAS!$B$52:$B$58,7))))))) -> 4 | BV10: =IF(U10<>"SÍ","",IF(BT10<0,0,IF(MAX(DATOS!$C$71,CEILING(MAX(BT10,0)/INDEX(TABLAS!$D$52:$D$58,MATCH(BU10,TABLAS!$B$52:$B$58,0)),1))*INDEX(TABLAS!$D$52:$D$58,MATCH(BU10,TABLAS!$B$52:$B$58,0))>=4/3*IF(BG10<=0,0,IF((1-2*BG10*1E5/(DATOS!$C$29*AE10*BS10^2*DATOS!$C$21))<0,-1,IF((1-SQRT((1-2*BG10*1E5/(DATOS!$C$29*AE10*BS10^2*DATOS!$C$21))))*DATOS!$C$21*AE10*BS10/DATOS!$C$14>DATOS!$C$99*AE10*BS10,-1,(1-SQRT((1-2*BG10*1E5/(DATOS!$C$29*AE10*BS10^2*DATOS!$C$21))))*DATOS!$C$21*AE10*BS10/DATOS!$C$14)))-0.0001,MAX(DATOS!$C$71,CEILING(MAX(BT10,0)/INDEX(TABLAS!$D$52:$D$58,MATCH(BU10,TABLAS!$B$52:$B$58,0)),1)),MAX(MAX(DATOS!$C$71,CEILING(MAX(BT10,0)/INDEX(TABLAS!$D$52:$D$58,MATCH(BU10,TABLAS!$B$52:$B$58,0)),1)),2)))) -> 1 | BW10: =IF(U10<>"SÍ","",((DATOS!$C$82-AL10-2*DATOS!$C$94-INDEX(TABLAS!$C$52:$C$58,MATCH(BU10,TABLAS!$B$52:$B$58,0))/2)-IF(AND((DATOS!$C$82-AL10-2*DATOS!$C$94-INDEX(TABLAS!$C$52:$C$58,MATCH(BU10,TABLAS!$B$52:$B$58,0))/2)<=20,DATOS!$C$62<>"SÍ"),2,0))) -> 20.793 | BX10: =IF(U10<>"SÍ","",IF(BV10=0,0,DATOS!$C$29*BV10*INDEX(TABLAS!$D$52:$D$58,MATCH(BU10,TABLAS!$B$52:$B$58,0))*DATOS!$C$14*(BW10-BV10*INDEX(TABLAS!$D$52:$D$58,MATCH(BU10,TABLAS!$B$52:$B$58,0))*DATOS!$C$14/(DATOS!$C$21*AE10)/2)/1E5)) -> 0.9379384 | BY10: =IF(U10<>"SÍ","",IF(BT10<0,9.99,IF(BX10>0,BG10/BX10,0))) -> 0.57826004 | BZ10: =IF(U10<>"SÍ","",IF(BV10=0,"—",0.003*(BW10-(BV10*INDEX(TABLAS!$D$52:$D$58,MATCH(BU10,TABLAS!$B$52:$B$58,0))*DATOS!$C$14/(DATOS!$C$21*AE10)/DATOS!$C$22))/(BV10*INDEX(TABLAS!$D$52:$D$58,MATCH(BU10,TABLAS!$B$52:$B$58,0))*DATOS!$C$14/(DATOS!$C$21*AE10)/DATOS!$C$22))) -> 0.018123372 | CA10: =IF(U10<>"SÍ","",(DATOS!$C$82-AJ10-INDEX(TABLAS!$C$52:$C$58,MATCH(DATOS!$C$68,TABLAS!$B$52:$B$58,0))-INDEX(TABLAS!$C$52:$C$58,MATCH(DATOS!$C$68,TABLAS!$B$52:$B$58,0))/2)) -> 21.095 | CB10: =IF(U10<>"SÍ","",IF(IF(BH10<=0,0,IF((1-2*BH10*1E5/(DATOS!$C$29*AH10*CA10^2*DATOS!$C$21))<0,-1,IF((1-SQRT((1-2*BH10*1E5/(DATOS!$C$29*AH10*CA10^2*DATOS!$C$21))))*DATOS!$C$21*AH10*CA10/DATOS!$C$14>DATOS!$C$99*AH10*CA10,-1,(1-SQRT((1-2*BH10*1E5/(DATOS!$C$29*AH10*CA10^2*DATOS!$C$21))))*DATOS!$C$21*AH10*CA10/DATOS!$C$14)))<0,-1,MAX(IF(BH10<=0,0,IF((1-2*BH10*1E5/(DATOS!$C$29*AH10*CA10^2*DATOS!$C$21))<0,-1,IF((1-SQRT((1-2*BH10*1E5/(DATOS!$C$29*AH10*CA10^2*DATOS!$C$21))))*DATOS!$C$21*AH10*CA10/DATOS!$C$14>DATOS!$C$99*AH10*CA10,-1,(1-SQRT((1-2*BH10*1E5/(DATOS!$C$29*AH10*CA10^2*DATOS!$C$21))))*DATOS!$C$21*AH10*CA10/DATOS!$C$14))),MIN(DATOS!$C$100*DATOS!$C$80*CA10,4/3*IF(BH10<=0,0,IF((1-2*BH10*1E5/(DATOS!$C$29*AH10*CA10^2*DATOS!$C$21))<0,-1,IF((1-SQRT((1-2*BH10*1E5/(DATOS!$C$29*AH10*CA10^2*DATOS!$C$21))))*DATOS!$C$21*AH10*CA10/DATOS!$C$14>DATOS!$C$99*AH10*CA10,-1,(1-SQRT((1-2*BH10*1E5/(DATOS!$C$29*AH10*CA10^2*DATOS!$C$21))))*DATOS!$C$21*AH10*CA10/DATOS!$C$14))))))) -> 0.44186298 | CC10: =IF(U10<>"SÍ","",IF(AND(CB10>=0,IF(MAX(DATOS!$C$71,CEILING(CB10/INDEX(TABLAS!$D$52:$D$58,MIN(MATCH(DATOS!$C$68,TABLAS!$B$52:$B$58,0)+0,7)),1))*INDEX(TABLAS!$D$52:$D$58,MIN(MATCH(DATOS!$C$68,TABLAS!$B$52:$B$58,0)+0,7))>=4/3*IF(BH10<=0,0,IF((1-2*BH10*1E5/(DATOS!$C$29*AH10*CA10^2*DATOS!$C$21))<0,-1,IF((1-SQRT((1-2*BH10*1E5/(DATOS!$C$29*AH10*CA10^2*DATOS!$C$21))))*DATOS!$C$21*AH10*CA10/DATOS!$C$14>DATOS!$C$99*AH10*CA10,-1,(1-SQRT((1-2*BH10*1E5/(DATOS!$C$29*AH10*CA10^2*DATOS!$C$21))))*DATOS!$C$21*AH10*CA10/DATOS!$C$14)))-0.0001,MAX(DATOS!$C$71,CEILING(CB10/INDEX(TABLAS!$D$52:$D$58,MIN(MATCH(DATOS!$C$68,TABLAS!$B$52:$B$58,0)+0,7)),1)),MAX(MAX(DATOS!$C$71,CEILING(CB10/INDEX(TABLAS!$D$52:$D$58,MIN(MATCH(DATOS!$C$68,TABLAS!$B$52:$B$58,0)+0,7)),1)),2))<=MIN(DATOS!$C$70,INT(((DATOS!$C$80-2*AJ10)+MAX(DATOS!$C$67,INDEX(TABLAS!$C$52:$C$58,MIN(MATCH(DATOS!$C$68,TABLAS!$B$52:$B$58,0)+0,7))))/(INDEX(TABLAS!$C$52:$C$58,MIN(MATCH(DATOS!$C$68,TABLAS!$B$52:$B$58,0)+0,7))+MAX(DATOS!$C$67,INDEX(TABLAS!$C$52:$C$58,MIN(MATCH(DATOS!$C$68,TABLAS!$B$52:$B$58,0)+0,7))))))),INDEX(TABLAS!$B$52:$B$58,MIN(MATCH(DATOS!$C$68,TABLAS!$B$52:$B$58,0)+0,7)),IF(AND(CB10>=0,IF(MAX(DATOS!$C$71,CEILING(CB10/INDEX(TABLAS!$D$52:$D$58,MIN(MATCH(DATOS!$C$68,TABLAS!$B$52:$B$58,0)+1,7)),1))*INDEX(TABLAS!$D$52:$D$58,MIN(MATCH(DATOS!$C$68,TABLAS!$B$52:$B$58,0)+1,7))>=4/3*IF(BH10<=0,0,IF((1-2*BH10*1E5/(DATOS!$C$29*AH10*CA10^2*DATOS!$C$21))<0,-1,IF((1-SQRT((1-2*BH10*1E5/(DATOS!$C$29*AH10*CA10^2*DATOS!$C$21))))*DATOS!$C$21*AH10*CA10/DATOS!$C$14>DATOS!$C$99*AH10*CA10,-1,(1-SQRT((1-2*BH10*1E5/(DATOS!$C$29*AH10*CA10^2*DATOS!$C$21))))*DATOS!$C$21*AH10*CA10/DATOS!$C$14)))-0.0001,MAX(DATOS!$C$71,CEILING(CB10/INDEX(TABLAS!$D$52:$D$58,MIN(MATCH(DATOS!$C$68,TABLAS!$B$52:$B$58,0)+1,7)),1)),MAX(MAX(DATOS!$C$71,CEILING(CB10/INDEX(TABLAS!$D$52:$D$58,MIN(MATCH(DATOS!$C$68,TABLAS!$B$52:$B$58,0)+1,7)),1)),2))<=MIN(DATOS!$C$70,INT(((DATOS!$C$80-2*AJ10)+MAX(DATOS!$C$67,INDEX(TABLAS!$C$52:$C$58,MIN(MATCH(DATOS!$C$68,TABLAS!$B$52:$B$58,0)+1,7))))/(INDEX(TABLAS!$C$52:$C$58,MIN(MATCH(DATOS!$C$68,TABLAS!$B$52:$B$58,0)+1,7))+MAX(DATOS!$C$67,INDEX(TABLAS!$C$52:$C$58,MIN(MATCH(DATOS!$C$68,TABLAS!$B$52:$B$58,0)+1,7))))))),INDEX(TABLAS!$B$52:$B$58,MIN(MATCH(DATOS!$C$68,TABLAS!$B$52:$B$58,0)+1,7)),IF(AND(CB10>=0,IF(MAX(DATOS!$C$71,CEILING(CB10/INDEX(TABLAS!$D$52:$D$58,MIN(MATCH(DATOS!$C$68,TABLAS!$B$52:$B$58,0)+2,7)),1))*INDEX(TABLAS!$D$52:$D$58,MIN(MATCH(DATOS!$C$68,TABLAS!$B$52:$B$58,0)+2,7))>=4/3*IF(BH10<=0,0,IF((1-2*BH10*1E5/(DATOS!$C$29*AH10*CA10^2*DATOS!$C$21))<0,-1,IF((1-SQRT((1-2*BH10*1E5/(DATOS!$C$29*AH10*CA10^2*DATOS!$C$21))))*DATOS!$C$21*AH10*CA10/DATOS!$C$14>DATOS!$C$99*AH10*CA10,-1,(1-SQRT((1-2*BH10*1E5/(DATOS!$C$29*AH10*CA10^2*DATOS!$C$21))))*DATOS!$C$21*AH10*CA10/DATOS!$C$14)))-0.0001,MAX(DATOS!$C$71,CEILING(CB10/INDEX(TABLAS!$D$52:$D$58,MIN(MATCH(DATOS!$C$68,TABLAS!$B$52:$B$58,0)+2,7)),1)),MAX(MAX(DATOS!$C$71,CEILING(CB10/INDEX(TABLAS!$D$52:$D$58,MIN(MATCH(DATOS!$C$68,TABLAS!$B$52:$B$58,0)+2,7)),1)),2))<=MIN(DATOS!$C$70,INT(((DATOS!$C$80-2*AJ10)+MAX(DATOS!$C$67,INDEX(TABLAS!$C$52:$C$58,MIN(MATCH(DATOS!$C$68,TABLAS!$B$52:$B$58,0)+2,7))))/(INDEX(TABLAS!$C$52:$C$58,MIN(MATCH(DATOS!$C$68,TABLAS!$B$52:$B$58,0)+2,7))+MAX(DATOS!$C$67,INDEX(TABLAS!$C$52:$C$58,MIN(MATCH(DATOS!$C$68,TABLAS!$B$52:$B$58,0)+2,7))))))),INDEX(TABLAS!$B$52:$B$58,MIN(MATCH(DATOS!$C$68,TABLAS!$B$52:$B$58,0)+2,7)),IF(AND(CB10>=0,IF(MAX(DATOS!$C$71,CEILING(CB10/INDEX(TABLAS!$D$52:$D$58,MIN(MATCH(DATOS!$C$68,TABLAS!$B$52:$B$58,0)+3,7)),1))*INDEX(TABLAS!$D$52:$D$58,MIN(MATCH(DATOS!$C$68,TABLAS!$B$52:$B$58,0)+3,7))>=4/3*IF(BH10<=0,0,IF((1-2*BH10*1E5/(DATOS!$C$29*AH10*CA10^2*DATOS!$C$21))<0,-1,IF((1-SQRT((1-2*BH10*1E5/(DATOS!$C$29*AH10*CA10^2*DATOS!$C$21))))*DATOS!$C$21*AH10*CA10/DATOS!$C$14>DATOS!$C$99*AH10*CA10,-1,(1-SQRT((1-2*BH10*1E5/(DATOS!$C$29*AH10*CA10^2*DATOS!$C$21))))*DATOS!$C$21*AH10*CA10/DATOS!$C$14)))-0.0001,MAX(DATOS!$C$71,CEILING(CB10/INDEX(TABLAS!$D$52:$D$58,MIN(MATCH(DATOS!$C$68,TABLAS!$B$52:$B$58,0)+3,7)),1)),MAX(MAX(DATOS!$C$71,CEILING(CB10/INDEX(TABLAS!$D$52:$D$58,MIN(MATCH(DATOS!$C$68,TABLAS!$B$52:$B$58,0)+3,7)),1)),2))<=MIN(DATOS!$C$70,INT(((DATOS!$C$80-2*AJ10)+MAX(DATOS!$C$67,INDEX(TABLAS!$C$52:$C$58,MIN(MATCH(DATOS!$C$68,TABLAS!$B$52:$B$58,0)+3,7))))/(INDEX(TABLAS!$C$52:$C$58,MIN(MATCH(DATOS!$C$68,TABLAS!$B$52:$B$58,0)+3,7))+MAX(DATOS!$C$67,INDEX(TABLAS!$C$52:$C$58,MIN(MATCH(DATOS!$C$68,TABLAS!$B$52:$B$58,0)+3,7))))))),INDEX(TABLAS!$B$52:$B$58,MIN(MATCH(DATOS!$C$68,TABLAS!$B$52:$B$58,0)+3,7)),IF(AND(CB10>=0,IF(MAX(DATOS!$C$71,CEILING(CB10/INDEX(TABLAS!$D$52:$D$58,MIN(MATCH(DATOS!$C$68,TABLAS!$B$52:$B$58,0)+4,7)),1))*INDEX(TABLAS!$D$52:$D$58,MIN(MATCH(DATOS!$C$68,TABLAS!$B$52:$B$58,0)+4,7))>=4/3*IF(BH10<=0,0,IF((1-2*BH10*1E5/(DATOS!$C$29*AH10*CA10^2*DATOS!$C$21))<0,-1,IF((1-SQRT((1-2*BH10*1E5/(DATOS!$C$29*AH10*CA10^2*DATOS!$C$21))))*DATOS!$C$21*AH10*CA10/DATOS!$C$14>DATOS!$C$99*AH10*CA10,-1,(1-SQRT((1-2*BH10*1E5/(DATOS!$C$29*AH10*CA10^2*DATOS!$C$21))))*DATOS!$C$21*AH10*CA10/DATOS!$C$14)))-0.0001,MAX(DATOS!$C$71,CEILING(CB10/INDEX(TABLAS!$D$52:$D$58,MIN(MATCH(DATOS!$C$68,TABLAS!$B$52:$B$58,0)+4,7)),1)),MAX(MAX(DATOS!$C$71,CEILING(CB10/INDEX(TABLAS!$D$52:$D$58,MIN(MATCH(DATOS!$C$68,TABLAS!$B$52:$B$58,0)+4,7)),1)),2))<=MIN(DATOS!$C$70,INT(((DATOS!$C$80-2*AJ10)+MAX(DATOS!$C$67,INDEX(TABLAS!$C$52:$C$58,MIN(MATCH(DATOS!$C$68,TABLAS!$B$52:$B$58,0)+4,7))))/(INDEX(TABLAS!$C$52:$C$58,MIN(MATCH(DATOS!$C$68,TABLAS!$B$52:$B$58,0)+4,7))+MAX(DATOS!$C$67,INDEX(TABLAS!$C$52:$C$58,MIN(MATCH(DATOS!$C$68,TABLAS!$B$52:$B$58,0)+4,7))))))),INDEX(TABLAS!$B$52:$B$58,MIN(MATCH(DATOS!$C$68,TABLAS!$B$52:$B$58,0)+4,7)),INDEX(TABLAS!$B$52:$B$58,7))))))) -> 4 | CD10: =IF(U10<>"SÍ","",IF(CB10<0,0,IF(MAX(DATOS!$C$71,CEILING(MAX(CB10,0)/INDEX(TABLAS!$D$52:$D$58,MATCH(CC10,TABLAS!$B$52:$B$58,0)),1))*INDEX(TABLAS!$D$52:$D$58,MATCH(CC10,TABLAS!$B$52:$B$58,0))>=4/3*IF(BH10<=0,0,IF((1-2*BH10*1E5/(DATOS!$C$29*AH10*CA10^2*DATOS!$C$21))<0,-1,IF((1-SQRT((1-2*BH10*1E5/(DATOS!$C$29*AH10*CA10^2*DATOS!$C$21))))*DATOS!$C$21*AH10*CA10/DATOS!$C$14>DATOS!$C$99*AH10*CA10,-1,(1-SQRT((1-2*BH10*1E5/(DATOS!$C$29*AH10*CA10^2*DATOS!$C$21))))*DATOS!$C$21*AH10*CA10/DATOS!$C$14)))-0.0001,MAX(DATOS!$C$71,CEILING(MAX(CB10,0)/INDEX(TABLAS!$D$52:$D$58,MATCH(CC10,TABLAS!$B$52:$B$58,0)),1)),MAX(MAX(DATOS!$C$71,CEILING(MAX(CB10,0)/INDEX(TABLAS!$D$52:$D$58,MATCH(CC10,TABLAS!$B$52:$B$58,0)),1)),2)))) -> 1 | CE10: =IF(U10<>"SÍ","",DATOS!$C$82-AJ10-INDEX(TABLAS!$C$52:$C$58,MATCH(BM10,TABLAS!$B$52:$B$58,0))-INDEX(TABLAS!$C$52:$C$58,MATCH(CC10,TABLAS!$B$52:$B$58,0))/2) -> 21.095 | CF10: =IF(U10<>"SÍ","",IF(CD10=0,0,DATOS!$C$29*CD10*INDEX(TABLAS!$D$52:$D$58,MATCH(CC10,TABLAS!$B$52:$B$58,0))*DATOS!$C$14*(CE10-CD10*INDEX(TABLAS!$D$52:$D$58,MATCH(CC10,TABLAS!$B$52:$B$58,0))*DATOS!$C$14/(DATOS!$C$21*AH10)/2)/1E5)) -> 1.0040794 | CG10: =IF(U10<>"SÍ","",IF(CB10<0,9.99,IF(CF10>0,BH10/CF10,0))) -> 0.26259587 | CH10: =IF(U10<>"SÍ","",IF(CD10=0,"—",0.003*(CE10-(CD10*INDEX(TABLAS!$D$52:$D$58,MATCH(CC10,TABLAS!$B$52:$B$58,0))*DATOS!$C$14/(DATOS!$C$21*AH10)/DATOS!$C$22))/(CD10*INDEX(TABLAS!$D$52:$D$58,MATCH(CC10,TABLAS!$B$52:$B$58,0))*DATOS!$C$14/(DATOS!$C$21*AH10)/DATOS!$C$22))) -> 0.1470112 | CI10: =IF(U10<>"SÍ","",((DATOS!$C$82-AL10-2*DATOS!$C$94-INDEX(TABLAS!$C$52:$C$58,MATCH(DATOS!$C$69,TABLAS!$B$52:$B$58,0))-INDEX(TABLAS!$C$52:$C$58,MATCH(DATOS!$C$69,TABLAS!$B$52:$B$58,0))/2)-IF(AND((DATOS!$C$82-AL10-2*DATOS!$C$94-INDEX(TABLAS!$C$52:$C$58,MATCH(DATOS!$C$69,TABLAS!$B$52:$B$58,0))-INDEX(TABLAS!$C$52:$C$58,MATCH(DATOS!$C$69,TABLAS!$B$52:$B$58,0))/2)<=20,DATOS!$C$62<>"SÍ"),2,0))) -> 19.523 | CJ10: =IF(U10<>"SÍ","",IF(IF(BI10<=0,0,IF((1-2*BI10*1E5/(DATOS!$C$29*AF10*CI10^2*DATOS!$C$21))<0,-1,IF((1-SQRT((1-2*BI10*1E5/(DATOS!$C$29*AF10*CI10^2*DATOS!$C$21))))*DATOS!$C$21*AF10*CI10/DATOS!$C$14>DATOS!$C$99*AF10*CI10,-1,(1-SQRT((1-2*BI10*1E5/(DATOS!$C$29*AF10*CI10^2*DATOS!$C$21))))*DATOS!$C$21*AF10*CI10/DATOS!$C$14)))<0,-1,MAX(IF(BI10<=0,0,IF((1-2*BI10*1E5/(DATOS!$C$29*AF10*CI10^2*DATOS!$C$21))<0,-1,IF((1-SQRT((1-2*BI10*1E5/(DATOS!$C$29*AF10*CI10^2*DATOS!$C$21))))*DATOS!$C$21*AF10*CI10/DATOS!$C$14>DATOS!$C$99*AF10*CI10,-1,(1-SQRT((1-2*BI10*1E5/(DATOS!$C$29*AF10*CI10^2*DATOS!$C$21))))*DATOS!$C$21*AF10*CI10/DATOS!$C$14))),MIN(DATOS!$C$100*DATOS!$C$80*CI10,4/3*IF(BI10<=0,0,IF((1-2*BI10*1E5/(DATOS!$C$29*AF10*CI10^2*DATOS!$C$21))<0,-1,IF((1-SQRT((1-2*BI10*1E5/(DATOS!$C$29*AF10*CI10^2*DATOS!$C$21))))*DATOS!$C$21*AF10*CI10/DATOS!$C$14>DATOS!$C$99*AF10*CI10,-1,(1-SQRT((1-2*BI10*1E5/(DATOS!$C$29*AF10*CI10^2*DATOS!$C$21))))*DATOS!$C$21*AF10*CI10/DATOS!$C$14))))))) -> 0.65076667 | CK10: =IF(U10<>"SÍ","",IF(AND(CJ10>=0,IF(MAX(DATOS!$C$71,CEILING(CJ10/INDEX(TABLAS!$D$52:$D$58,MIN(MATCH(DATOS!$C$69,TABLAS!$B$52:$B$58,0)+0,7)),1))*INDEX(TABLAS!$D$52:$D$58,MIN(MATCH(DATOS!$C$69,TABLAS!$B$52:$B$58,0)+0,7))>=4/3*IF(BI10<=0,0,IF((1-2*BI10*1E5/(DATOS!$C$29*AF10*CI10^2*DATOS!$C$21))<0,-1,IF((1-SQRT((1-2*BI10*1E5/(DATOS!$C$29*AF10*CI10^2*DATOS!$C$21))))*DATOS!$C$21*AF10*CI10/DATOS!$C$14>DATOS!$C$99*AF10*CI10,-1,(1-SQRT((1-2*BI10*1E5/(DATOS!$C$29*AF10*CI10^2*DATOS!$C$21))))*DATOS!$C$21*AF10*CI10/DATOS!$C$14)))-0.0001,MAX(DATOS!$C$71,CEILING(CJ10/INDEX(TABLAS!$D$52:$D$58,MIN(MATCH(DATOS!$C$69,TABLAS!$B$52:$B$58,0)+0,7)),1)),MAX(MAX(DATOS!$C$71,CEILING(CJ10/INDEX(TABLAS!$D$52:$D$58,MIN(MATCH(DATOS!$C$69,TABLAS!$B$52:$B$58,0)+0,7)),1)),2))<=MIN(DATOS!$C$70,INT(((DATOS!$C$80-2*AK10)+MAX(DATOS!$C$67,INDEX(TABLAS!$C$52:$C$58,MIN(MATCH(DATOS!$C$69,TABLAS!$B$52:$B$58,0)+0,7))))/(INDEX(TABLAS!$C$52:$C$58,MIN(MATCH(DATOS!$C$69,TABLAS!$B$52:$B$58,0)+0,7))+MAX(DATOS!$C$67,INDEX(TABLAS!$C$52:$C$58,MIN(MATCH(DATOS!$C$69,TABLAS!$B$52:$B$58,0)+0,7))))))),INDEX(TABLAS!$B$52:$B$58,MIN(MATCH(DATOS!$C$69,TABLAS!$B$52:$B$58,0)+0,7)),IF(AND(CJ10>=0,IF(MAX(DATOS!$C$71,CEILING(CJ10/INDEX(TABLAS!$D$52:$D$58,MIN(MATCH(DATOS!$C$69,TABLAS!$B$52:$B$58,0)+1,7)),1))*INDEX(TABLAS!$D$52:$D$58,MIN(MATCH(DATOS!$C$69,TABLAS!$B$52:$B$58,0)+1,7))>=4/3*IF(BI10<=0,0,IF((1-2*BI10*1E5/(DATOS!$C$29*AF10*CI10^2*DATOS!$C$21))<0,-1,IF((1-SQRT((1-2*BI10*1E5/(DATOS!$C$29*AF10*CI10^2*DATOS!$C$21))))*DATOS!$C$21*AF10*CI10/DATOS!$C$14>DATOS!$C$99*AF10*CI10,-1,(1-SQRT((1-2*BI10*1E5/(DATOS!$C$29*AF10*CI10^2*DATOS!$C$21))))*DATOS!$C$21*AF10*CI10/DATOS!$C$14)))-0.0001,MAX(DATOS!$C$71,CEILING(CJ10/INDEX(TABLAS!$D$52:$D$58,MIN(MATCH(DATOS!$C$69,TABLAS!$B$52:$B$58,0)+1,7)),1)),MAX(MAX(DATOS!$C$71,CEILING(CJ10/INDEX(TABLAS!$D$52:$D$58,MIN(MATCH(DATOS!$C$69,TABLAS!$B$52:$B$58,0)+1,7)),1)),2))<=MIN(DATOS!$C$70,INT(((DATOS!$C$80-2*AK10)+MAX(DATOS!$C$67,INDEX(TABLAS!$C$52:$C$58,MIN(MATCH(DATOS!$C$69,TABLAS!$B$52:$B$58,0)+1,7))))/(INDEX(TABLAS!$C$52:$C$58,MIN(MATCH(DATOS!$C$69,TABLAS!$B$52:$B$58,0)+1,7))+MAX(DATOS!$C$67,INDEX(TABLAS!$C$52:$C$58,MIN(MATCH(DATOS!$C$69,TABLAS!$B$52:$B$58,0)+1,7))))))),INDEX(TABLAS!$B$52:$B$58,MIN(MATCH(DATOS!$C$69,TABLAS!$B$52:$B$58,0)+1,7)),IF(AND(CJ10>=0,IF(MAX(DATOS!$C$71,CEILING(CJ10/INDEX(TABLAS!$D$52:$D$58,MIN(MATCH(DATOS!$C$69,TABLAS!$B$52:$B$58,0)+2,7)),1))*INDEX(TABLAS!$D$52:$D$58,MIN(MATCH(DATOS!$C$69,TABLAS!$B$52:$B$58,0)+2,7))>=4/3*IF(BI10<=0,0,IF((1-2*BI10*1E5/(DATOS!$C$29*AF10*CI10^2*DATOS!$C$21))<0,-1,IF((1-SQRT((1-2*BI10*1E5/(DATOS!$C$29*AF10*CI10^2*DATOS!$C$21))))*DATOS!$C$21*AF10*CI10/DATOS!$C$14>DATOS!$C$99*AF10*CI10,-1,(1-SQRT((1-2*BI10*1E5/(DATOS!$C$29*AF10*CI10^2*DATOS!$C$21))))*DATOS!$C$21*AF10*CI10/DATOS!$C$14)))-0.0001,MAX(DATOS!$C$71,CEILING(CJ10/INDEX(TABLAS!$D$52:$D$58,MIN(MATCH(DATOS!$C$69,TABLAS!$B$52:$B$58,0)+2,7)),1)),MAX(MAX(DATOS!$C$71,CEILING(CJ10/INDEX(TABLAS!$D$52:$D$58,MIN(MATCH(DATOS!$C$69,TABLAS!$B$52:$B$58,0)+2,7)),1)),2))<=MIN(DATOS!$C$70,INT(((DATOS!$C$80-2*AK10)+MAX(DATOS!$C$67,INDEX(TABLAS!$C$52:$C$58,MIN(MATCH(DATOS!$C$69,TABLAS!$B$52:$B$58,0)+2,7))))/(INDEX(TABLAS!$C$52:$C$58,MIN(MATCH(DATOS!$C$69,TABLAS!$B$52:$B$58,0)+2,7))+MAX(DATOS!$C$67,INDEX(TABLAS!$C$52:$C$58,MIN(MATCH(DATOS!$C$69,TABLAS!$B$52:$B$58,0)+2,7))))))),INDEX(TABLAS!$B$52:$B$58,MIN(MATCH(DATOS!$C$69,TABLAS!$B$52:$B$58,0)+2,7)),IF(AND(CJ10>=0,IF(MAX(DATOS!$C$71,CEILING(CJ10/INDEX(TABLAS!$D$52:$D$58,MIN(MATCH(DATOS!$C$69,TABLAS!$B$52:$B$58,0)+3,7)),1))*INDEX(TABLAS!$D$52:$D$58,MIN(MATCH(DATOS!$C$69,TABLAS!$B$52:$B$58,0)+3,7))>=4/3*IF(BI10<=0,0,IF((1-2*BI10*1E5/(DATOS!$C$29*AF10*CI10^2*DATOS!$C$21))<0,-1,IF((1-SQRT((1-2*BI10*1E5/(DATOS!$C$29*AF10*CI10^2*DATOS!$C$21))))*DATOS!$C$21*AF10*CI10/DATOS!$C$14>DATOS!$C$99*AF10*CI10,-1,(1-SQRT((1-2*BI10*1E5/(DATOS!$C$29*AF10*CI10^2*DATOS!$C$21))))*DATOS!$C$21*AF10*CI10/DATOS!$C$14)))-0.0001,MAX(DATOS!$C$71,CEILING(CJ10/INDEX(TABLAS!$D$52:$D$58,MIN(MATCH(DATOS!$C$69,TABLAS!$B$52:$B$58,0)+3,7)),1)),MAX(MAX(DATOS!$C$71,CEILING(CJ10/INDEX(TABLAS!$D$52:$D$58,MIN(MATCH(DATOS!$C$69,TABLAS!$B$52:$B$58,0)+3,7)),1)),2))<=MIN(DATOS!$C$70,INT(((DATOS!$C$80-2*AK10)+MAX(DATOS!$C$67,INDEX(TABLAS!$C$52:$C$58,MIN(MATCH(DATOS!$C$69,TABLAS!$B$52:$B$58,0)+3,7))))/(INDEX(TABLAS!$C$52:$C$58,MIN(MATCH(DATOS!$C$69,TABLAS!$B$52:$B$58,0)+3,7))+MAX(DATOS!$C$67,INDEX(TABLAS!$C$52:$C$58,MIN(MATCH(DATOS!$C$69,TABLAS!$B$52:$B$58,0)+3,7))))))),INDEX(TABLAS!$B$52:$B$58,MIN(MATCH(DATOS!$C$69,TABLAS!$B$52:$B$58,0)+3,7)),IF(AND(CJ10>=0,IF(MAX(DATOS!$C$71,CEILING(CJ10/INDEX(TABLAS!$D$52:$D$58,MIN(MATCH(DATOS!$C$69,TABLAS!$B$52:$B$58,0)+4,7)),1))*INDEX(TABLAS!$D$52:$D$58,MIN(MATCH(DATOS!$C$69,TABLAS!$B$52:$B$58,0)+4,7))>=4/3*IF(BI10<=0,0,IF((1-2*BI10*1E5/(DATOS!$C$29*AF10*CI10^2*DATOS!$C$21))<0,-1,IF((1-SQRT((1-2*BI10*1E5/(DATOS!$C$29*AF10*CI10^2*DATOS!$C$21))))*DATOS!$C$21*AF10*CI10/DATOS!$C$14>DATOS!$C$99*AF10*CI10,-1,(1-SQRT((1-2*BI10*1E5/(DATOS!$C$29*AF10*CI10^2*DATOS!$C$21))))*DATOS!$C$21*AF10*CI10/DATOS!$C$14)))-0.0001,MAX(DATOS!$C$71,CEILING(CJ10/INDEX(TABLAS!$D$52:$D$58,MIN(MATCH(DATOS!$C$69,TABLAS!$B$52:$B$58,0)+4,7)),1)),MAX(MAX(DATOS!$C$71,CEILING(CJ10/INDEX(TABLAS!$D$52:$D$58,MIN(MATCH(DATOS!$C$69,TABLAS!$B$52:$B$58,0)+4,7)),1)),2))<=MIN(DATOS!$C$70,INT(((DATOS!$C$80-2*AK10)+MAX(DATOS!$C$67,INDEX(TABLAS!$C$52:$C$58,MIN(MATCH(DATOS!$C$69,TABLAS!$B$52:$B$58,0)+4,7))))/(INDEX(TABLAS!$C$52:$C$58,MIN(MATCH(DATOS!$C$69,TABLAS!$B$52:$B$58,0)+4,7))+MAX(DATOS!$C$67,INDEX(TABLAS!$C$52:$C$58,MIN(MATCH(DATOS!$C$69,TABLAS!$B$52:$B$58,0)+4,7))))))),INDEX(TABLAS!$B$52:$B$58,MIN(MATCH(DATOS!$C$69,TABLAS!$B$52:$B$58,0)+4,7)),INDEX(TABLAS!$B$52:$B$58,7))))))) -> 4 | CL10: =IF(U10<>"SÍ","",IF(CJ10<0,0,IF(MAX(DATOS!$C$71,CEILING(MAX(CJ10,0)/INDEX(TABLAS!$D$52:$D$58,MATCH(CK10,TABLAS!$B$52:$B$58,0)),1))*INDEX(TABLAS!$D$52:$D$58,MATCH(CK10,TABLAS!$B$52:$B$58,0))>=4/3*IF(BI10<=0,0,IF((1-2*BI10*1E5/(DATOS!$C$29*AF10*CI10^2*DATOS!$C$21))<0,-1,IF((1-SQRT((1-2*BI10*1E5/(DATOS!$C$29*AF10*CI10^2*DATOS!$C$21))))*DATOS!$C$21*AF10*CI10/DATOS!$C$14>DATOS!$C$99*AF10*CI10,-1,(1-SQRT((1-2*BI10*1E5/(DATOS!$C$29*AF10*CI10^2*DATOS!$C$21))))*DATOS!$C$21*AF10*CI10/DATOS!$C$14)))-0.0001,MAX(DATOS!$C$71,CEILING(MAX(CJ10,0)/INDEX(TABLAS!$D$52:$D$58,MATCH(CK10,TABLAS!$B$52:$B$58,0)),1)),MAX(MAX(DATOS!$C$71,CEILING(MAX(CJ10,0)/INDEX(TABLAS!$D$52:$D$58,MATCH(CK10,TABLAS!$B$52:$B$58,0)),1)),2)))) -> 1 | CM10: =IF(U10<>"SÍ","",((DATOS!$C$82-AL10-2*DATOS!$C$94-INDEX(TABLAS!$C$52:$C$58,MATCH(BU10,TABLAS!$B$52:$B$58,0))-INDEX(TABLAS!$C$52:$C$58,MATCH(CK10,TABLAS!$B$52:$B$58,0))/2)-IF(AND((DATOS!$C$82-AL10-2*DATOS!$C$94-INDEX(TABLAS!$C$52:$C$58,MATCH(BU10,TABLAS!$B$52:$B$58,0))-INDEX(TABLAS!$C$52:$C$58,MATCH(CK10,TABLAS!$B$52:$B$58,0))/2)<=20,DATOS!$C$62<>"SÍ"),2,0))) -> 19.523 | CN10: =IF(U10<>"SÍ","",IF(CL10=0,0,DATOS!$C$29*CL10*INDEX(TABLAS!$D$52:$D$58,MATCH(CK10,TABLAS!$B$52:$B$58,0))*DATOS!$C$14*(CM10-CL10*INDEX(TABLAS!$D$52:$D$58,MATCH(CK10,TABLAS!$B$52:$B$58,0))*DATOS!$C$14/(DATOS!$C$21*AF10)/2)/1E5)) -> 0.87697078 | CO10: =IF(U10<>"SÍ","",IF(CJ10<0,9.99,IF(CN10>0,BI10/CN10,0))) -> 0.50054332 | CP10: =IF(U10<>"SÍ","",IF(CL10=0,"—",0.003*(CM10-(CL10*INDEX(TABLAS!$D$52:$D$58,MATCH(CK10,TABLAS!$B$52:$B$58,0))*DATOS!$C$14/(DATOS!$C$21*AF10)/DATOS!$C$22))/(CL10*INDEX(TABLAS!$D$52:$D$58,MATCH(CK10,TABLAS!$B$52:$B$58,0))*DATOS!$C$14/(DATOS!$C$21*AF10)/DATOS!$C$22))) -> 0.016833194 | CQ10: =IF(U10<>"SÍ","",IF(C10="PERIMETRAL",MAX(0,(AA10/2-BW10)/100)*(0.95-0.5*Z10)*AQ10*IF(AND(AR10>0,AR10<4),DATOS!$C$33,1)*DATOS!$C$83/100/1000,(AQ10*MAX(0,AA10-BW10)/100+DATOS!$C$26*N(O10))*DATOS!$C$83/100/1000+BE10)) -> 0.61430211 | CR10: =IF(U10<>"SÍ","",DATOS!$C$30*2*MIN(1,SQRT(2/(1+0.04*BW10)))*(BV10*INDEX(TABLAS!$D$52:$D$58,MATCH(BU10,TABLAS!$B$52:$B$58,0))/(AE10*BW10))^(1/3)*SQRT(DATOS!$C$13)*AE10*BW10*IF(AI10="SÍ",DATOS!$C$32,1)/1000) -> 0.99159263 | CS10: =IF(U10<>"SÍ","",IF(CQ10<=CR10,0,CEILING(MAX(0,IF(C10="VOLADO",(AA10-((CR10-BE10)*1E5/DATOS!$C$83-DATOS!$C$26*N(O10))*100/AQ10),IF(CR10<=0,AA10,AA10/2-CR10/MAX(CQ10,1E-9)*(AA10/2-BW10)))-IF(INT((X10*100-DATOS!$C$84+DATOS!$C$80)/DATOS!$C$83)>0,(X10*100-DATOS!$C$84-(INT((X10*100-DATOS!$C$84+DATOS!$C$80)/DATOS!$C$83)*DATOS!$C$78+(INT((X10*100-DATOS!$C$84+DATOS!$C$80)/DATOS!$C$83)-1)*DATOS!$C$80))/2,X10*100/2))/DATOS!$C$83,1))) -> 0 | CT10: =IF(U10<>"SÍ","",IF(CQ10<=CR10,"CUMPLE",IF(CS10<=0,"CUMPLE (basta el macizo de orilla)",IF(CS10*DATOS!$C$83*IF(C10="VOLADO",1,2)>=X10*100-DATOS!$C$84,"NO CUMPLE: no alcanza ni macizando todo","MACIZAR "&CS10&" hilera(s)")))) -> CUMPLE | CU10: =IF(U10<>"SÍ","",(DATOS!$C$83*DATOS!$C$81^2/2+AC10*DATOS!$C$79*(DATOS!$C$81+DATOS!$C$79/2))/(DATOS!$C$83*DATOS!$C$81+AC10*DATOS!$C$79)) -> 6.8934426 | CV10: =IF(U10<>"SÍ","",DATOS!$C$83*DATOS!$C$81^3/12+DATOS!$C$83*DATOS!$C$81*(CU10-DATOS!$C$81/2)^2+AC10*DATOS!$C$79^3/12+AC10*DATOS!$C$79*(DATOS!$C$81+DATOS!$C$79/2-CU10)^2) -> 27416.407 | CW10: =IF(U10<>"SÍ","",(12*CV10/DATOS!$C$83)^(1/3)) -> 16.750634 | CX10: =IF(U10<>"SÍ","",IF(C10="PERIMETRAL",IF(ISNUMBER(R10),R10,DATOS!$C$101),0)) -> 99 | CY10: =IF(U10<>"SÍ","",IF(C10="PERIMETRAL",IF(CX10>2,MAX(9,AB10*(0.8+DATOS!$C$14/14000)/(36+9*(AB10/MAX(AA10,1)))),IF(CX10>0.2,MAX(13,AB10*(0.8+DATOS!$C$14/14000)/(36+5*(AB10/MAX(AA10,1))*(CX10-0.2))),MAX(13,AB10/IF(AR10>0,30,33))))*IF(AND(CX10>0.2,AR10>0,DATOS!$C$102="NO"),1.1,1),X10*100/8)) -> 10.226141 | CZ10: =IF(U10<>"SÍ","",IF(IF(C10="VOLADO",DATOS!$C$82,CW10)>=CY10,"CUMPLE",IF(C10="VOLADO","NO CUMPLE","CALCULAR FLECHA"))) -> CUMPLE | DA10: =IF(U10<>"SÍ","",IF(DATOS!$C$81>=IF(IF(C10="VOLADO",X10,Y10)>=6,6,5),"CUMPLE","CAPA ≥ 6 cm")) -> CUMPLE | DB10: =IF(U10<>"SÍ","",IF(C10="VOLADO",MIN(CEILING(IF(ISNUMBER(P10),P10,X10)*100,5),CEILING(MAX(IF((0.5*(0.9*DATOS!$C$87*DATOS!$C$83/100/1000)*IF(ISNUMBER(P10),P10,X10)+BG10/IF(ISNUMBER(P10),P10,X10))^2-4*(0.5*(0.9*DATOS!$C$87*DATOS!$C$83/100/1000))*BG10<0,IF(ISNUMBER(P10),P10,X10),MIN(IF(ISNUMBER(P10),P10,X10),((0.5*(0.9*DATOS!$C$87*DATOS!$C$83/100/1000)*IF(ISNUMBER(P10),P10,X10)+BG10/IF(ISNUMBER(P10),P10,X10))-SQRT((0.5*(0.9*DATOS!$C$87*DATOS!$C$83/100/1000)*IF(ISNUMBER(P10),P10,X10)+BG10/IF(ISNUMBER(P10),P10,X10))^2-4*(0.5*(0.9*DATOS!$C$87*DATOS!$C$83/100/1000))*BG10))/(2*(0.5*(0.9*DATOS!$C$87*DATOS!$C$83/100/1000)))))*100+MAX(BW10,12*INDEX(TABLAS!$C$52:$C$58,MATCH(BU10,TABLAS!$B$52:$B$58,0)),IF(ISNUMBER(P10),P10,X10)*100/16),IF(OR(AK10<INDEX(TABLAS!$C$52:$C$58,MATCH(BU10,TABLAS!$B$52:$B$58,0)),AND(BV10>=2,(AC10-2*AK10-BV10*INDEX(TABLAS!$C$52:$C$58,MATCH(BU10,TABLAS!$B$52:$B$58,0)))/MAX(BV10-1,1)<2*INDEX(TABLAS!$C$52:$C$58,MATCH(BU10,TABLAS!$B$52:$B$58,0)))),INDEX(TABLAS!$I$52:$I$58,MATCH(BU10,TABLAS!$B$52:$B$58,0)),INDEX(TABLAS!$F$52:$F$58,MATCH(BU10,TABLAS!$B$52:$B$58,0)))),5)),IF(((4*((BB10*AQ10*X10^2*1E-4*DATOS!$C$83/100/1000)+((MAX(AX10,AZ10)*AQ10*X10^2*1E-4*DATOS!$C$83/100/1000)+(IF(AND(AX10>0,AZ10>0),MIN(AX10,AZ10),MAX(AX10,AZ10))*AQ10*X10^2*1E-4*DATOS!$C$83/100/1000))/2)+BG10-(IF(AND(AX10>0,AZ10>0),MIN(AX10,AZ10),MAX(AX10,AZ10))*AQ10*X10^2*1E-4*DATOS!$C$83/100/1000))^2-16*((BB10*AQ10*X10^2*1E-4*DATOS!$C$83/100/1000)+((MAX(AX10,AZ10)*AQ10*X10^2*1E-4*DATOS!$C$83/100/1000)+(IF(AND(AX10>0,AZ10>0),MIN(AX10,AZ10),MAX(AX10,AZ10))*AQ10*X10^2*1E-4*DATOS!$C$83/100/1000))/2)*BG10)<0,CEILING(AA10,5),CEILING(MAX(AA10*((4*((BB10*AQ10*X10^2*1E-4*DATOS!$C$83/100/1000)+((MAX(AX10,AZ10)*AQ10*X10^2*1E-4*DATOS!$C$83/100/1000)+(IF(AND(AX10>0,AZ10>0),MIN(AX10,AZ10),MAX(AX10,AZ10))*AQ10*X10^2*1E-4*DATOS!$C$83/100/1000))/2)+BG10-(IF(AND(AX10>0,AZ10>0),MIN(AX10,AZ10),MAX(AX10,AZ10))*AQ10*X10^2*1E-4*DATOS!$C$83/100/1000))-SQRT(MAX(0,((4*((BB10*AQ10*X10^2*1E-4*DATOS!$C$83/100/1000)+((MAX(AX10,AZ10)*AQ10*X10^2*1E-4*DATOS!$C$83/100/1000)+(IF(AND(AX10>0,AZ10>0),MIN(AX10,AZ10),MAX(AX10,AZ10))*AQ10*X10^2*1E-4*DATOS!$C$83/100/1000))/2)+BG10-(IF(AND(AX10>0,AZ10>0),MIN(AX10,AZ10),MAX(AX10,AZ10))*AQ10*X10^2*1E-4*DATOS!$C$83/100/1000))^2-16*((BB10*AQ10*X10^2*1E-4*DATOS!$C$83/100/1000)+((MAX(AX10,AZ10)*AQ10*X10^2*1E-4*DATOS!$C$83/100/1000)+(IF(AND(AX10>0,AZ10>0),MIN(AX10,AZ10),MAX(AX10,AZ10))*AQ10*X10^2*1E-4*DATOS!$C$83/100/1000))/2)*BG10))))/(8*MAX(((BB10*AQ10*X10^2*1E-4*DATOS!$C$83/100/1000)+((MAX(AX10,AZ10)*AQ10*X10^2*1E-4*DATOS!$C$83/100/1000)+(IF(AND(AX10>0,AZ10>0),MIN(AX10,AZ10),MAX(AX10,AZ10))*AQ10*X10^2*1E-4*DATOS!$C$83/100/1000))/2),1E-9))+MAX(BW10,12*INDEX(TABLAS!$C$52:$C$58,MATCH(BU10,TABLAS!$B$52:$B$58,0)),AA10/16),IF(OR(AK10<INDEX(TABLAS!$C$52:$C$58,MATCH(BU10,TABLAS!$B$52:$B$58,0)),AND(BV10>=2,(AC10-2*AK10-BV10*INDEX(TABLAS!$C$52:$C$58,MATCH(BU10,TABLAS!$B$52:$B$58,0)))/MAX(BV10-1,1)<2*INDEX(TABLAS!$C$52:$C$58,MATCH(BU10,TABLAS!$B$52:$B$58,0)))),INDEX(TABLAS!$I$52:$I$58,MATCH(BU10,TABLAS!$B$52:$B$58,0)),INDEX(TABLAS!$F$52:$F$58,MATCH(BU10,TABLAS!$B$52:$B$58,0)))),5)))) -> 105 | DC10: =IF(U10<>"SÍ","",IF(C10="VOLADO",0,IF(((4*((BC10*AQ10*X10^2*1E-4*DATOS!$C$83/100/1000)+((MAX(AY10,BA10)*AQ10*X10^2*1E-4*DATOS!$C$83/100/1000)+(IF(AND(AY10>0,BA10>0),MIN(AY10,BA10),MAX(AY10,BA10))*AQ10*X10^2*1E-4*DATOS!$C$83/100/1000))/2)+BI10-(IF(AND(AY10>0,BA10>0),MIN(AY10,BA10),MAX(AY10,BA10))*AQ10*X10^2*1E-4*DATOS!$C$83/100/1000))^2-16*((BC10*AQ10*X10^2*1E-4*DATOS!$C$83/100/1000)+((MAX(AY10,BA10)*AQ10*X10^2*1E-4*DATOS!$C$83/100/1000)+(IF(AND(AY10>0,BA10>0),MIN(AY10,BA10),MAX(AY10,BA10))*AQ10*X10^2*1E-4*DATOS!$C$83/100/1000))/2)*BI10)<0,CEILING(AB10,5),CEILING(MAX(AB10*((4*((BC10*AQ10*X10^2*1E-4*DATOS!$C$83/100/1000)+((MAX(AY10,BA10)*AQ10*X10^2*1E-4*DATOS!$C$83/100/1000)+(IF(AND(AY10>0,BA10>0),MIN(AY10,BA10),MAX(AY10,BA10))*AQ10*X10^2*1E-4*DATOS!$C$83/100/1000))/2)+BI10-(IF(AND(AY10>0,BA10>0),MIN(AY10,BA10),MAX(AY10,BA10))*AQ10*X10^2*1E-4*DATOS!$C$83/100/1000))-SQRT(MAX(0,((4*((BC10*AQ10*X10^2*1E-4*DATOS!$C$83/100/1000)+((MAX(AY10,BA10)*AQ10*X10^2*1E-4*DATOS!$C$83/100/1000)+(IF(AND(AY10>0,BA10>0),MIN(AY10,BA10),MAX(AY10,BA10))*AQ10*X10^2*1E-4*DATOS!$C$83/100/1000))/2)+BI10-(IF(AND(AY10>0,BA10>0),MIN(AY10,BA10),MAX(AY10,BA10))*AQ10*X10^2*1E-4*DATOS!$C$83/100/1000))^2-16*((BC10*AQ10*X10^2*1E-4*DATOS!$C$83/100/1000)+((MAX(AY10,BA10)*AQ10*X10^2*1E-4*DATOS!$C$83/100/1000)+(IF(AND(AY10>0,BA10>0),MIN(AY10,BA10),MAX(AY10,BA10))*AQ10*X10^2*1E-4*DATOS!$C$83/100/1000))/2)*BI10))))/(8*MAX(((BC10*AQ10*X10^2*1E-4*DATOS!$C$83/100/1000)+((MAX(AY10,BA10)*AQ10*X10^2*1E-4*DATOS!$C$83/100/1000)+(IF(AND(AY10>0,BA10>0),MIN(AY10,BA10),MAX(AY10,BA10))*AQ10*X10^2*1E-4*DATOS!$C$83/100/1000))/2),1E-9))+MAX(CM10,12*INDEX(TABLAS!$C$52:$C$58,MATCH(CK10,TABLAS!$B$52:$B$58,0)),AB10/16),IF(OR(AK10<INDEX(TABLAS!$C$52:$C$58,MATCH(CK10,TABLAS!$B$52:$B$58,0)),AND(CL10>=2,(DATOS!$C$80-2*AK10-CL10*INDEX(TABLAS!$C$52:$C$58,MATCH(CK10,TABLAS!$B$52:$B$58,0)))/MAX(CL10-1,1)<2*INDEX(TABLAS!$C$52:$C$58,MATCH(CK10,TABLAS!$B$52:$B$58,0)))),INDEX(TABLAS!$I$52:$I$58,MATCH(CK10,TABLAS!$B$52:$B$58,0)),INDEX(TABLAS!$F$52:$F$58,MATCH(CK10,TABLAS!$B$52:$B$58,0)))),5)))) -> 120 | DD10: =IF(U10<>"SÍ","",IF(AND(C10="PERIMETRAL",BV10>=2,AR10-AS10>0,AZ10*AQ10*X10^2*1E-4*DATOS!$C$83/100/1000>DATOS!$C$29*INDEX(TABLAS!$D$52:$D$58,MATCH(BU10,TABLAS!$B$52:$B$58,0))*DATOS!$C$14*(BW10-INDEX(TABLAS!$D$52:$D$58,MATCH(BU10,TABLAS!$B$52:$B$58,0))*DATOS!$C$14/(DATOS!$C$21*AE10)/2)/1E5),"SÍ","NO")) -> NO | DE10: =IF(U10<>"SÍ","",IF(AND(C10="PERIMETRAL",CL10>=2,AS10>0,BA10*AQ10*X10^2*1E-4*DATOS!$C$83/100/1000>DATOS!$C$29*INDEX(TABLAS!$D$52:$D$58,MATCH(CK10,TABLAS!$B$52:$B$58,0))*DATOS!$C$14*(CM10-INDEX(TABLAS!$D$52:$D$58,MATCH(CK10,TABLAS!$B$52:$B$58,0))*DATOS!$C$14/(DATOS!$C$21*AF10)/2)/1E5),"SÍ","NO")) -> NO | DF10: =IF(U10<>"SÍ","",IF(OR(C10="VOLADO",AR10=0),"—",IF(AND(AND(1.25*INDEX(TABLAS!$G$52:$G$58,MATCH(MAX(BM10,CC10),TABLAS!$B$52:$B$58,0))<=(DATOS!$C$72-DATOS!$C$60),(DATOS!$C$72-DATOS!$C$60)>=15,INDEX(TABLAS!$G$52:$G$58,MATCH(MAX(BU10,CK10),TABLAS!$B$52:$B$58,0))<=(DATOS!$C$72-DATOS!$C$60)),8*INDEX(TABLAS!$C$52:$C$58,MATCH(MAX(MAX(BM10,CC10),MAX(BU10,CK10)),TABLAS!$B$52:$B$58,0))<=DATOS!$C$73-2*DATOS!$C$60),"CUMPLE (gancho de 180°)",IF(AND(1.25*INDEX(TABLAS!$G$52:$G$58,MATCH(MAX(BM10,CC10),TABLAS!$B$52:$B$58,0))<=(DATOS!$C$72-DATOS!$C$60),(DATOS!$C$72-DATOS!$C$60)>=15,INDEX(TABLAS!$G$52:$G$58,MATCH(MAX(BU10,CK10),TABLAS!$B$52:$B$58,0))<=(DATOS!$C$72-DATOS!$C$60)),"NO CUMPLE: el gancho de 180° (8·d_b) no cabe en el peralte de la dala de borde","NO CUMPLE: dala de borde ≥ "&TEXT(CEILING(MAX(1.25*INDEX(TABLAS!$G$52:$G$58,MATCH(MAX(BM10,CC10),TABLAS!$B$52:$B$58,0)),15,INDEX(TABLAS!$G$52:$G$58,MATCH(MAX(BU10,CK10),TABLAS!$B$52:$B$58,0)))+DATOS!$C$60,5),"0")&" cm de ancho"&IF(8*INDEX(TABLAS!$C$52:$C$58,MATCH(MAX(MAX(BM10,CC10),MAX(BU10,CK10)),TABLAS!$B$52:$B$58,0))<=DATOS!$C$73-2*DATOS!$C$60,""," y más peralte para el gancho"))))) -> CUMPLE (gancho de 180°) | DG10: =IF(U10<>"SÍ","",MAX(0,INT((E10*100-DATOS!$C$84+DATOS!$C$83-IF(W10="X",DATOS!$C$78,AD10))/DATOS!$C$83))) -> 6 | DH10: =IF(U10<>"SÍ","",MAX(0,INT((F10*100-DATOS!$C$84+DATOS!$C$83-IF(W10="Y",DATOS!$C$78,AD10))/DATOS!$C$83))) -> 5 | DI10: =IF(U10<>"SÍ","",IF(DG10>0,(E10*100-DATOS!$C$84-(DG10*IF(W10="X",DATOS!$C$78,AD10)+(DG10-1)*(DATOS!$C$83-IF(W10="X",DATOS!$C$78,AD10))))/2,E10*100/2)) -> 8.8 | DJ10: =IF(U10<>"SÍ","",IF(DH10>0,(F10*100-DATOS!$C$84-(DH10*IF(W10="Y",DATOS!$C$78,AD10)+(DH10-1)*(DATOS!$C$83-IF(W10="Y",DATOS!$C$78,AD10))))/2,F10*100/2)) -> 22.5 | DK10: =IF(U10<>"SÍ","",IF(NOT(AND(C10="VOLADO",AC10>DATOS!$C$80)),0,IF(INDEX(TABLAS!$C$52:$C$58,MATCH(BU10,TABLAS!$B$52:$B$58,0))<=DATOS!$C$80-2*DATOS!$C$60,1,0))) -> 0 | DL10: =IF(U10<>"SÍ","",IF(NOT(AND(C10="VOLADO",AC10>DATOS!$C$80)),0,((DATOS!$C$82-MAX(DATOS!$C$60,(DATOS!$C$81-2*DATOS!$C$94)/2)-2*DATOS!$C$94-INDEX(TABLAS!$C$52:$C$58,MATCH(BU10,TABLAS!$B$52:$B$58,0))/2)-IF(AND((DATOS!$C$82-MAX(DATOS!$C$60,(DATOS!$C$81-2*DATOS!$C$94)/2)-2*DATOS!$C$94-INDEX(TABLAS!$C$52:$C$58,MATCH(BU10,TABLAS!$B$52:$B$58,0))/2)<=20,DATOS!$C$62<>"SÍ"),2,0)))) -> 0 | DM10: =IF(U10<>"SÍ","",IF(OR(NOT(AND(C10="VOLADO",AC10>DATOS!$C$80)),DK10<1),0,IF(0.003*(DL10-((DK10*INDEX(TABLAS!$D$52:$D$58,MATCH(BU10,TABLAS!$B$52:$B$58,0)))*DATOS!$C$14/(DATOS!$C$21*AF10)/DATOS!$C$22))/((DK10*INDEX(TABLAS!$D$52:$D$58,MATCH(BU10,TABLAS!$B$52:$B$58,0)))*DATOS!$C$14/(DATOS!$C$21*AF10)/DATOS!$C$22)<0.005,0,DATOS!$C$29*(DK10*INDEX(TABLAS!$D$52:$D$58,MATCH(BU10,TABLAS!$B$52:$B$58,0)))*DATOS!$C$14*(DL10-(DK10*INDEX(TABLAS!$D$52:$D$58,MATCH(BU10,TABLAS!$B$52:$B$58,0)))*DATOS!$C$14/(DATOS!$C$21*AF10)/2)/1E5))) -> 0 | DN10: =IF(U10<>"SÍ","",IF(OR(NOT(AND(C10="VOLADO",AC10>DATOS!$C$80)),DK10<1),0,DATOS!$C$30*2*MIN(1,SQRT(2/(1+0.04*DL10)))*((DK10*INDEX(TABLAS!$D$52:$D$58,MATCH(BU10,TABLAS!$B$52:$B$58,0)))/(AF10*DL10))^(1/3)*SQRT(DATOS!$C$13)*AF10*DL10/1000)) -> 0 | DO10: =IF(U10<>"SÍ","",IF(NOT(AND(C10="VOLADO",AC10>DATOS!$C$80)),0,IF((BG10-DM10)<=0,0,IF(DM10<=0,IF(ISNUMBER(P10),P10,X10),IF(((0.9*DATOS!$C$87*DATOS!$C$83/100/1000)*IF(ISNUMBER(P10),P10,X10)/2+BG10/IF(ISNUMBER(P10),P10,X10))^2-4*((0.9*DATOS!$C$87*DATOS!$C$83/100/1000)/2)*(BG10-DM10)<0,IF(ISNUMBER(P10),P10,X10),MIN(IF(ISNUMBER(P10),P10,X10),(((0.9*DATOS!$C$87*DATOS!$C$83/100/1000)*IF(ISNUMBER(P10),P10,X10)/2+BG10/IF(ISNUMBER(P10),P10,X10))-SQRT(((0.9*DATOS!$C$87*DATOS!$C$83/100/1000)*IF(ISNUMBER(P10),P10,X10)/2+BG10/IF(ISNUMBER(P10),P10,X10))^2-4*((0.9*DATOS!$C$87*DATOS!$C$83/100/1000)/2)*(BG10-DM10)))/(2*((0.9*DATOS!$C$87*DATOS!$C$83/100/1000)/2)))))))) -> 0 | DP10: =IF(U10<>"SÍ","",IF(NOT(AND(C10="VOLADO",AC10>DATOS!$C$80)),0,MIN(IF(ISNUMBER(P10),P10,X10),MAX(0,IF(ISNUMBER(P10),P10,X10)/2+BG10/IF(ISNUMBER(P10),P10,X10)/(AQ10*DATOS!$C$83/100/1000)-DN10/(AQ10*DATOS!$C$83/100/1000))))) -> 0 | DQ10: =IF(U10<>"SÍ","",IF(NOT(AND(C10="VOLADO",AC10>DATOS!$C$80)),0,BG10/IF(ISNUMBER(P10),P10,X10)+(AQ10*DATOS!$C$83/100/1000)*MAX(0,IF(ISNUMBER(P10),P10,X10)/2-BW10/100))) -> 0 | DR10: =IF(U10<>"SÍ","",IF(NOT(AND(C10="VOLADO",AC10>DATOS!$C$80)),0,CEILING(100*MIN(IF(ISNUMBER(P10),P10,X10),MAX(IF(DO10>0,DO10+IF(BV10>=2,MAX(DL10,12*INDEX(TABLAS!$C$52:$C$58,MATCH(BU10,TABLAS!$B$52:$B$58,0)))/100,0),0),DP10,IF(BV10>=2,INDEX(TABLAS!$F$52:$F$58,MATCH(BU10,TABLAS!$B$52:$B$58,0))/100,0))),5))) -> 0 | DS10: =IF(U10<>"SÍ","",IF(NOT(AND(C10="VOLADO",AC10>DATOS!$C$80)),0,IF(DR10<=0,0,CEILING(DR10/DATOS!$C$83,1)))) -> 0 | DT10: =IF(U10<>"SÍ","",IF(C10<>"VOLADO","—",IF(AC10<=DATOS!$C$80,"— (mismo b_w que el respaldo)",IF(DQ10>CR10,"NO CUMPLE: cortante de la nervadura ancha junto al apoyo ("&TEXT(DQ10,"0.00")&" > "&TEXT(CR10,"0.00")&" t)",IF(DR10>=100*IF(ISNUMBER(P10),P10,X10),"CUMPLE — todas las nervaduras del respaldo ‖ al volado con b_w = "&AC10&" cm","CUMPLE — "&DS10&" hilera(s) del respaldo con nervaduras de b_w = "&AC10&" cm (casetón "&AD10&" cm), hasta "&TEXT(DR10/100,"0.00")&" m del paño"))))) -> — | DU10: =IF(U10<>"SÍ","",IF(BN10=0,"NO ALCANZA",BN10&" No. "&BM10&IF(BN10>1," corridas"," corrida"))) -> 1 No. 4 corrida | DV10: =IF(U10<>"SÍ","",IF(BV10=0,"NO ALCANZA",IF(AND(C10="VOLADO",AC10>DATOS!$C$80,BV10>=2),"1 No. "&BU10&" corrida de la orilla al respaldo ("&IF(DB10>=100*IF(ISNUMBER(P10),P10,X10),"hasta su apoyo lejano, con gancho","entra "&TEXT(DB10/100,"0.00")&" m desde el paño")&") + "&(BV10-1)&" bastón No. "&BU10&" hasta "&TEXT(DR10/100,"0.00")&" m del paño (fin de la nervadura ancha)",IF(C10="VOLADO",BV10&" No. "&BU10&" de la orilla al respaldo ("&IF(DB10>=100*IF(ISNUMBER(P10),P10,X10),"hasta su apoyo lejano, con gancho","entran "&TEXT(DB10/100,"0.00")&" m desde el paño")&")","1 No. "&BU10&" corrida"&IF(BV10>1," + "&(BV10-1)&" bastón No. "&BU10&" L = "&TEXT(DB10/100,"0.00")&" m desde el paño",""))))) -> 1 No. 4 corrida | DW10: =IF(U10<>"SÍ","",IF(CD10=0,"NO ALCANZA",CD10&" No. "&CC10&IF(CD10>1," corridas"," corrida"))) -> 1 No. 4 corrida | DX10: =IF(U10<>"SÍ","",IF(CL10=0,"NO ALCANZA",IF(C10="VOLADO","1 No. "&CK10&" corrida (repartición)","1 No. "&CK10&" corrida"&IF(CL10>1," + "&(CL10-1)&" bastón No. "&CK10&" L = "&TEXT(DC10/100,"0.00")&" m desde el paño","")))) -> 1 No. 4 corrida | DY10: =IF(B10="","",IF(U10<>"SÍ","FALTAN DATOS: tipo, a_x, a_y y destino",IF(L10="NO MONOLÍTICO (caso II)","FUERA DE ALCANCE: caso II no transcrito",IF(AND(C10="VOLADO",V10="?"),"REVISAR: el volado lleva UN solo borde CONTINUO (el empotrado)",IF(AND(MAX(BQ10,BY10,CG10,CO10)<=1,NOT(OR(BN10>MIN(DATOS!$C$70,INT(((AC10-2*AJ10)+MAX(DATOS!$C$67,INDEX(TABLAS!$C$52:$C$58,MATCH(BM10,TABLAS!$B$52:$B$58,0))))/(INDEX(TABLAS!$C$52:$C$58,MATCH(BM10,TABLAS!$B$52:$B$58,0))+MAX(DATOS!$C$67,INDEX(TABLAS!$C$52:$C$58,MATCH(BM10,TABLAS!$B$52:$B$58,0)))))),BV10>MIN(DATOS!$C$70,INT(((AC10-2*AK10)+MAX(DATOS!$C$67,INDEX(TABLAS!$C$52:$C$58,MATCH(BU10,TABLAS!$B$52:$B$58,0))))/(INDEX(TABLAS!$C$52:$C$58,MATCH(BU10,TABLAS!$B$52:$B$58,0))+MAX(DATOS!$C$67,INDEX(TABLAS!$C$52:$C$58,MATCH(BU10,TABLAS!$B$52:$B$58,0)))))),CD10>MIN(DATOS!$C$70,INT(((DATOS!$C$80-2*AJ10)+MAX(DATOS!$C$67,INDEX(TABLAS!$C$52:$C$58,MATCH(CC10,TABLAS!$B$52:$B$58,0))))/(INDEX(TABLAS!$C$52:$C$58,MATCH(CC10,TABLAS!$B$52:$B$58,0))+MAX(DATOS!$C$67,INDEX(TABLAS!$C$52:$C$58,MATCH(CC10,TABLAS!$B$52:$B$58,0)))))),CL10>MIN(DATOS!$C$70,INT(((DATOS!$C$80-2*AK10)+MAX(DATOS!$C$67,INDEX(TABLAS!$C$52:$C$58,MATCH(CK10,TABLAS!$B$52:$B$58,0))))/(INDEX(TABLAS!$C$52:$C$58,MATCH(CK10,TABLAS!$B$52:$B$58,0))+MAX(DATOS!$C$67,INDEX(TABLAS!$C$52:$C$58,MATCH(CK10,TABLAS!$B$52:$B$58,0)))))))),NOT(OR(AND(ISNUMBER(BR10),BR10<0.005),AND(ISNUMBER(BZ10),BZ10<0.005),AND(ISNUMBER(CH10),CH10<0.005),AND(ISNUMBER(CP10),CP10<0.005))),NOT(LEFT(DT10,2)="NO"),CZ10="CUMPLE",DA10="CUMPLE",LEFT(CT10,2)<>"NO"),IF(LEFT(CT10,6)="CUMPLE","CUMPLE","CUMPLE — "&CT10)&IF(LEFT(BJ10,5)="FUERA"," · fuera de 3.4.2.1 c)","")&IF(LEFT(DF10,2)="NO"," · REVISAR anclaje en borde discontinuo","")&IF(DS10>0," · respaldo: "&DS10&" hilera(s) de b_w "&AC10&" cm",""),IF(AND(MAX(BQ10,BY10,CG10,CO10)<=1,NOT(OR(BN10>MIN(DATOS!$C$70,INT(((AC10-2*AJ10)+MAX(DATOS!$C$67,INDEX(TABLAS!$C$52:$C$58,MATCH(BM10,TABLAS!$B$52:$B$58,0))))/(INDEX(TABLAS!$C$52:$C$58,MATCH(BM10,TABLAS!$B$52:$B$58,0))+MAX(DATOS!$C$67,INDEX(TABLAS!$C$52:$C$58,MATCH(BM10,TABLAS!$B$52:$B$58,0)))))),BV10>MIN(DATOS!$C$70,INT(((AC10-2*AK10)+MAX(DATOS!$C$67,INDEX(TABLAS!$C$52:$C$58,MATCH(BU10,TABLAS!$B$52:$B$58,0))))/(INDEX(TABLAS!$C$52:$C$58,MATCH(BU10,TABLAS!$B$52:$B$58,0))+MAX(DATOS!$C$67,INDEX(TABLAS!$C$52:$C$58,MATCH(BU10,TABLAS!$B$52:$B$58,0)))))),CD10>MIN(DATOS!$C$70,INT(((DATOS!$C$80-2*AJ10)+MAX(DATOS!$C$67,INDEX(TABLAS!$C$52:$C$58,MATCH(CC10,TABLAS!$B$52:$B$58,0))))/(INDEX(TABLAS!$C$52:$C$58,MATCH(CC10,TABLAS!$B$52:$B$58,0))+MAX(DATOS!$C$67,INDEX(TABLAS!$C$52:$C$58,MATCH(CC10,TABLAS!$B$52:$B$58,0)))))),CL10>MIN(DATOS!$C$70,INT(((DATOS!$C$80-2*AK10)+MAX(DATOS!$C$67,INDEX(TABLAS!$C$52:$C$58,MATCH(CK10,TABLAS!$B$52:$B$58,0))))/(INDEX(TABLAS!$C$52:$C$58,MATCH(CK10,TABLAS!$B$52:$B$58,0))+MAX(DATOS!$C$67,INDEX(TABLAS!$C$52:$C$58,MATCH(CK10,TABLAS!$B$52:$B$58,0)))))))),NOT(OR(AND(ISNUMBER(BR10),BR10<0.005),AND(ISNUMBER(BZ10),BZ10<0.005),AND(ISNUMBER(CH10),CH10<0.005),AND(ISNUMBER(CP10),CP10<0.005))),NOT(LEFT(DT10,2)="NO"),CZ10="CALCULAR FLECHA",LEFT(CT10,2)<>"NO"),"REVISAR: calcular flecha (h_eq < h mín.)"&IF(LEFT(BJ10,5)="FUERA"," · fuera de 3.4.2.1 c)","")&IF(LEFT(DF10,2)="NO"," · REVISAR anclaje en borde discontinuo","")&IF(DS10>0," · respaldo: "&DS10&" hilera(s) de b_w "&AC10&" cm",""),"NO CUMPLE: "&IF(MAX(BQ10,BY10,CG10,CO10)>1,"flexión ","")&IF(OR(BN10>MIN(DATOS!$C$70,INT(((AC10-2*AJ10)+MAX(DATOS!$C$67,INDEX(TABLAS!$C$52:$C$58,MATCH(BM10,TABLAS!$B$52:$B$58,0))))/(INDEX(TABLAS!$C$52:$C$58,MATCH(BM10,TABLAS!$B$52:$B$58,0))+MAX(DATOS!$C$67,INDEX(TABLAS!$C$52:$C$58,MATCH(BM10,TABLAS!$B$52:$B$58,0)))))),BV10>MIN(DATOS!$C$70,INT(((AC10-2*AK10)+MAX(DATOS!$C$67,INDEX(TABLAS!$C$52:$C$58,MATCH(BU10,TABLAS!$B$52:$B$58,0))))/(INDEX(TABLAS!$C$52:$C$58,MATCH(BU10,TABLAS!$B$52:$B$58,0))+MAX(DATOS!$C$67,INDEX(TABLAS!$C$52:$C$58,MATCH(BU10,TABLAS!$B$52:$B$58,0)))))),CD10>MIN(DATOS!$C$70,INT(((DATOS!$C$80-2*AJ10)+MAX(DATOS!$C$67,INDEX(TABLAS!$C$52:$C$58,MATCH(CC10,TABLAS!$B$52:$B$58,0))))/(INDEX(TABLAS!$C$52:$C$58,MATCH(CC10,TABLAS!$B$52:$B$58,0))+MAX(DATOS!$C$67,INDEX(TABLAS!$C$52:$C$58,MATCH(CC10,TABLAS!$B$52:$B$58,0)))))),CL10>MIN(DATOS!$C$70,INT(((DATOS!$C$80-2*AK10)+MAX(DATOS!$C$67,INDEX(TABLAS!$C$52:$C$58,MATCH(CK10,TABLAS!$B$52:$B$58,0))))/(INDEX(TABLAS!$C$52:$C$58,MATCH(CK10,TABLAS!$B$52:$B$58,0))+MAX(DATOS!$C$67,INDEX(TABLAS!$C$52:$C$58,MATCH(CK10,TABLAS!$B$52:$B$58,0))))))),"no caben ","")&IF(OR(AND(ISNUMBER(BR10),BR10<0.005),AND(ISNUMBER(BZ10),BZ10<0.005),AND(ISNUMBER(CH10),CH10<0.005),AND(ISNUMBER(CP10),CP10<0.005)),"ε_t < 0.005 ","")&IF(LEFT(CT10,2)="NO","cortante ","")&IF(CZ10="NO CUMPLE","peralte ","")&IF(DA10<>"CUMPLE","capa < 6 cm ","")&IF(LEFT(DT10,2)="NO","respaldo del volado",""))))))) -> CUMPLE | DZ10: =IF(U10<>"SÍ","",IF(LEFT(B10,7)="EJEMPLO","EJEMPLO de la hoja de Casa Rocha: bórralo o sobrescríbelo. ","")&IF(AND(C10="PERIMETRAL",MIN(DG10,DH10)=0),"No cabe un casetón en el claro corto: es un tablero macizo, diséñalo en MACIZAS. ","")&IF(AND(AI10="NO",C10="PERIMETRAL"),"No cumple 6.7.8.1.4 (a_c = "&MAX(DATOS!$C$78,AD10)&" cm > claro corto/6 = "&TEXT(X10*100/6,"0")&" cm): se diseña como losa apoyada en vigas (6.7.8.1.9): r de viga = "&DATOS!$C$60&" cm y V_cR sin ×1.1. Para que cuente como encasetonada: casetón de "&TEXT(FLOOR(MIN(80,X10*100/6),1),"0")&" cm o menor. ","")&IF(C10="VOLADO","Volado de "&TEXT(X10,"0.00")&" m empotrado en el borde "&LOWER(V10)&IF(N(O10)>0,", con "&TEXT(O10,"0.0")&" kg/m en la orilla","")&". Lecho inferior con r_ext. Si la orilla carga pretil u otro elemento frágil, calcula la flecha (13.4). El acero superior entra al respaldo de "&TEXT(IF(ISNUMBER(P10),P10,X10),"0.00")&" m"&IF(ISNUMBER(P10),""," (L_b no capturado: se tomó igual al volado)")&" hasta pasar M = 0 con 0.9·PP sin carga viva; si ahí no se anula, llega al apoyo lejano y se ancla con gancho (NTC-Criterios 3.4.1 c y 5.1.2.2). "&IF(AC10>DATOS!$C$80,"Respaldo: "&DT10&". ",""),"")&IF(LEFT(BJ10,5)="FUERA","El M⁻ del vecino difiere más de 50 % (3.4.2.1 c): distribuye el desequilibrio (3.4.3.1) o confirma con un modelo; se arma con el mayor. ","")&IF(OR(DD10="SÍ",DE10="SÍ"),"El M⁻ del borde discontinuo pide bastón también ahí (con gancho). ","")&IF(LEFT(DF10,2)="NO","Anclaje: "&DF10&" (6.7.8.1.7). ","")&IF(OR(AZ10>0,BA10>0),"Esquinas exteriores sobre muro: refuerzo de esquina arriba y abajo en L_largo/5 (6.7.7.3.1). ","")) -> EJEMPLO de la hoja de Casa Rocha: bórralo o sobrescríbelo. Esquinas exteriores sobre muro: refuerzo de esquina arriba y abajo en L_largo/5 (6.7.7.3.1).
