Workbook
Name T_BAR: TABLAS!$B$6:$B$14
Name T_DB: TABLAS!$C$6:$C$14
Name T_AB: TABLAS!$D$6:$D$14
Name T_WB: TABLAS!$E$6:$E$14
Name T_MAL: TABLAS!$B$19:$B$22
Name T_MDB: TABLAS!$C$19:$C$22
Name T_MAS: TABLAS!$D$19:$D$22
Name T_MKG: TABLAS!$E$19:$E$22
Name T_FPC: TABLAS!$B$27:$B$31
Name T_FMCI: TABLAS!$C$27:$C$31
Name T_FMCII: TABLAS!$D$27:$D$31
Name T_FPA: TABLAS!$B$35:$B$40
Name T_FMAI: TABLAS!$C$35:$C$40
Name T_FMAII: TABLAS!$D$35:$D$40
Name T_PZ: TABLAS!$B$45:$B$49
Name T_PZMAT: TABLAS!$C$45:$C$49
Name T_PZHUE: TABLAS!$D$45:$D$49
Name T_PZFM2: TABLAS!$E$45:$E$49
Name T_PZVM2: TABLAS!$F$45:$F$49
Name T_SIS: TABLAS!$B$54:$B$57
Name T_SISQ: TABLAS!$C$54:$C$57
Name T_SISSV: TABLAS!$D$54:$D$57
Name T_SISOI: TABLAS!$E$54:$E$57
Name LST_SINO: TABLAS!$B$61:$B$62
Name LST_GRUPO: TABLAS!$C$61:$C$62
Name LST_USO: TABLAS!$D$61:$D$67
Name LST_MORT: TABLAS!$E$61:$E$63
Name LST_FMSRC: TABLAS!$F$61:$F$63
Name LST_VMSRC: TABLAS!$G$61:$G$63
Name LST_FSRC: TABLAS!$B$70:$B$71
Name LST_DIR: TABLAS!$C$70:$C$71
Name LST_POS: TABLAS!$D$70:$D$71
Name LST_VANO: TABLAS!$E$70:$E$71
Name LST_RH: TABLAS!$F$70:$F$73
Name LST_CLASE: TABLAS!$G$70:$G$71
Name LST_MUROS: MUROS!$B$11:$B$70
Name CMB_S: DATOS!$B$111:$B$122
Name CMB_G: DATOS!$C$111:$C$122

Sheet INSTRUCCIONES
B1: REVISIÓN DE MUROS DE MAMPOSTERÍA CONFINADA — NTC 2023 (CDMX)
B3: CÓMO SE USA
B4: 1. DATOS: pieza, mortero, f'm, v'm, concreto, castillo y dala típicos.
B5: 2. MUROS: un renglón por muro (longitud, vanos de izquierda a derecha, viga de apoyo si la hay y fuerzas).
B6: 3. Fuerzas: captúralas en MUROS, o pega la tabla «Pier Forces» de ETABS en PIER_FORCES y en DATOS cambia «Fuerzas de los muros» a ETABS.
B7: 4. DETALLE: escoge un muro y sale su revisión paso a paso. CROQUIS lo dibuja.
B8: 5. RESUMEN: qué cumple, qué no y qué le falta a cada muro. ENTREPISO y DISTORSIONES: revisión global.
B10: COLORES
B11: Amarillo = se captura · Verde = CUMPLE · Ámbar = PENDIENTE (por ejemplo v'm provisional) · Rojo = NO CUMPLE.
B12: En MUROS las columnas de cálculo intermedio están agrupadas: ábrelas con el botón [+] de arriba si quieres ver las cuentas.
B14: NO REVISA
B15: Flexión fuera del plano, muros diafragma, mampostería reforzada interiormente y el diseño de la viga de apoyo (va en la hoja de losas).
... B18: Trae tres muros de ejemplo (M-1 sin vanos, M-2 con puerta y ventana, M-3 sobre una viga) y un entrepiso: escribe encima o bórralos.

Sheet DATOS
B1: DATOS GENERALES — MUROS DE MAMPOSTERÍA CONFINADA, NTC 2023 (CDMX)
B2: Sólo se tocan las celdas amarillas. Valen para todos los muros; lo de cada muro va en MUROS.
B4: 1. PROYECTO Y CLASIFICACIÓN (NTC-Mampostería 1.6)
B5: Concepto | C5: Valor | D5: Unidad | E5: Cómo se calcula / de dónde sale | F5: Referencia
B6: Proyecto | C6: (nombre del proyecto) | D6: — | F6: —
B7: Grupo de la construcción (Reglamento, art. 139) | C7: B | D7: — | E7: A o B | F7: NTC-Criterios 3.4.1 a), p. 7
B8: Superficie construida total | D8: m² | E8: Tipo II: hasta 250 m² | F8: NTC-M 1.6.1 a), p. 15
B9: Niveles (incluye estacionamiento) | D9: — | E9: Tipo II: hasta 2 | F9: NTC-M 1.6.1 b), p. 15
B10: ¿Hay muros estructurales desplantados sobre vigas o sobre la losa? | C10: NO | D10: — | E10: Si hay, es Tipo I | F10: NTC-M 1.6.1 c), p. 15
B11: ¿Hay muros diafragma? | C11: NO | D11: — | F11: NTC-M 1.6.1 d), p. 15
B12: Uso | C12: HABITACIÓN UNIFAMILIAR | D12: — | F12: NTC-M 1.6.1 e), p. 15
B13: Viviendas en el predio (si es plurifamiliar) | D13: — | E13: Plurifamiliar: máximo 10 | F13: NTC-M 1.6.1 f), p. 15
B14: TIPO DE ESTRUCTURA | C14: =IF(AND(ISNUMBER(DATOS!$C$8),ISNUMBER(DATOS!$C$9),DATOS!$C$7="B",DATOS!$C$8<=250,DATOS!$C$9<=2,DATOS!$C$10="NO",COUNTIF(MUROS!$AI$11:$AI$70,"SÍ")=0,DATOS!$C$11="NO",DATOS!$C$12<>"OTRO",OR(DATOS!$C$12<>"HABITACIÓN PLURIFAMILIAR",AND(ISNUMBER(DATOS!$C$13),DATOS!$C$13<=10))),"TIPO II","TIPO I") -> TIPO I | D14: — | E14: Tipo II sólo si cumple todo 1.6.1 | F14: NTC-M 1.6.1 y 1.6.2, p. 15–16
B15: Por qué | C15: =IF(DATOS!$C$14="TIPO II","Cumple a) a f) de 1.6.1",""&IF(OR(NOT(ISNUMBER(DATOS!$C$8)),NOT(ISNUMBER(DATOS!$C$9))),"faltan superficie o niveles; ","")&IF(DATOS!$C$7="A","Grupo A; ","")&IF(DATOS!$C$8>250,"más de 250 m²; ","")&IF(DATOS!$C$9>2,"más de dos niveles; ","")&IF(OR(DATOS!$C$10="SÍ",COUNTIF(MUROS!$AI$11:$AI$70,"SÍ")>0),"muros sobre vigas o losa; ","")&IF(DATOS!$C$11="SÍ","muros diafragma; ","")&IF(DATOS!$C$12="OTRO","uso no listado; ","")&IF(AND(DATOS!$C$12="HABITACIÓN PLURIFAMILIAR",OR(NOT(ISNUMBER(DATOS!$C$13)),DATOS!$C$13>10)),"más de diez viviendas o falta el dato; ","")) -> faltan superficie o niveles; muros sobre vigas o losa; | D15: — | F15: NTC-M 1.6.1, p. 15
B17: 2. MAMPOSTERÍA — PIEZA, MORTERO, f'm Y v'm (NTC-M 2.1, 2.8)
B18: Concepto | C18: Valor | D18: Unidad | E18: Cómo se calcula / de dónde sale | F18: Referencia
B19: Pieza | C19: BLOQUE DE CONCRETO HUECO | D19: — | F19: TABLAS sección E
B20: Material de la pieza | C20: =INDEX(TABLAS!$C$45:$C$49,MATCH(DATOS!$C$19,TABLAS!$B$45:$B$49,0)) -> CONCRETO | D20: — | F20: TABLAS sección E
B21: ¿Pieza hueca? | C21: =INDEX(TABLAS!$D$45:$D$49,MATCH(DATOS!$C$19,TABLAS!$B$45:$B$49,0)) -> SÍ | D21: — | F21: NTC-M Tabla 2.1.1.2, p. 17
B22: f'p — resistencia de diseño a compresión de la pieza | C22: 100 | D22: kg/cm² | E22: De ensayes de las piezas | F22: NTC-M 2.1.2, p. 18
B23: Mortero | C23: I | D23: — | F23: NTC-M 2.5
B24: f_an — área neta / área bruta de la pieza | C24: 0.5 | D24: — | E24: Ficha del fabricante (hueca ≈ 0.5) | F24: NTC-M 6.5.3.3.2, p. 69
B25: h_j — espesor de la junta horizontal | C25: 10 | D25: mm | E25: 10 a 12 mm | F25: NTC-M 4.2.2.2.1, p. 47
B26: Altura de una hilada (pieza + junta) | C26: 20 | D26: cm | E26: Bloque 15×20×40 → 20 cm | F26: NTC-M 6.5.3.2.1, p. 69
B27: f'm de la tabla | C27: =IF(DATOS!$C$23="III",-1,IF(DATOS!$C$20="CONCRETO",IF(DATOS!$C$23="I",IF(DATOS!$C$22<=INDEX(TABLAS!$B$27:$B$31,1),INDEX(TABLAS!$C$27:$C$31,1),IF(DATOS!$C$22>=INDEX(TABLAS!$B$27:$B$31,ROWS(TABLAS!$B$27:$B$31)),INDEX(TABLAS!$C$27:$C$31,ROWS(TABLAS!$B$27:$B$31)),INDEX(TABLAS!$C$27:$C$31,MATCH(DATOS!$C$22,TABLAS!$B$27:$B$31,1))+(INDEX(TABLAS!$C$27:$C$31,MATCH(DATOS!$C$22,TABLAS!$B$27:$B$31,1)+1)-INDEX(TABLAS!$C$27:$C$31,MATCH(DATOS!$C$22,TABLAS!$B$27:$B$31,1)))*(DATOS!$C$22-INDEX(TABLAS!$B$27:$B$31,MATCH(DATOS!$C$22,TABLAS!$B$27:$B$31,1)))/(INDEX(TABLAS!$B$27:$B$31,MATCH(DATOS!$C$22,TABLAS!$B$27:$B$31,1)+1)-INDEX(TABLAS!$B$27:$B$31,MATCH(DATOS!$C$22,TABLAS!$B$27:$B$31,1))))),IF(DATOS!$C$22<=INDEX(TABLAS!$B$27:$B$31,1),INDEX(TABLAS!$D$27:$D$31,1),IF(DATOS!$C$22>=INDEX(TABLAS!$B$27:$B$31,ROWS(TABLAS!$B$27:$B$31)),INDEX(TABLAS!$D$27:$D$31,ROWS(TABLAS!$B$27:$B$31)),INDEX(TABLAS!$D$27:$D$31,MATCH(DATOS!$C$22,TABLAS!$B$27:$B$31,1))+(INDEX(TABLAS!$D$27:$D$31,MATCH(DATOS!$C$22,TABLAS!$B$27:$B$31,1)+1)-INDEX(TABLAS!$D$27:$D$31,MATCH(DATOS!$C$22,TABLAS!$B$27:$B$31,1)))*(DATOS!$C$22-INDEX(TABLAS!$B$27:$B$31,MATCH(DATOS!$C$22,TABLAS!$B$27:$B$31,1)))/(INDEX(TABLAS!$B$27:$B$31,MATCH(DATOS!$C$22,TABLAS!$B$27:$B$31,1)+1)-INDEX(TABLAS!$B$27:$B$31,MATCH(DATOS!$C$22,TABLAS!$B$27:$B$31,1)))))),IF(DATOS!$C$23="I",IF(DATOS!$C$22<=INDEX(TABLAS!$B$35:$B$40,1),INDEX(TABLAS!$C$35:$C$40,1),IF(DATOS!$C$22>=INDEX(TABLAS!$B$35:$B$40,ROWS(TABLAS!$B$35:$B$40)),INDEX(TABLAS!$C$35:$C$40,ROWS(TABLAS!$B$35:$B$40)),INDEX(TABLAS!$C$35:$C$40,MATCH(DATOS!$C$22,TABLAS!$B$35:$B$40,1))+(INDEX(TABLAS!$C$35:$C$40,MATCH(DATOS!$C$22,TABLAS!$B$35:$B$40,1)+1)-INDEX(TABLAS!$C$35:$C$40,MATCH(DATOS!$C$22,TABLAS!$B$35:$B$40,1)))*(DATOS!$C$22-INDEX(TABLAS!$B$35:$B$40,MATCH(DATOS!$C$22,TABLAS!$B$35:$B$40,1)))/(INDEX(TABLAS!$B$35:$B$40,MATCH(DATOS!$C$22,TABLAS!$B$35:$B$40,1)+1)-INDEX(TABLAS!$B$35:$B$40,MATCH(DATOS!$C$22,TABLAS!$B$35:$B$40,1))))),IF(DATOS!$C$22<=INDEX(TABLAS!$B$35:$B$40,1),INDEX(TABLAS!$D$35:$D$40,1),IF(DATOS!$C$22>=INDEX(TABLAS!$B$35:$B$40,ROWS(TABLAS!$B$35:$B$40)),INDEX(TABLAS!$D$35:$D$40,ROWS(TABLAS!$B$35:$B$40)),INDEX(TABLAS!$D$35:$D$40,MATCH(DATOS!$C$22,TABLAS!$B$35:$B$40,1))+(INDEX(TABLAS!$D$35:$D$40,MATCH(DATOS!$C$22,TABLAS!$B$35:$B$40,1)+1)-INDEX(TABLAS!$D$35:$D$40,MATCH(DATOS!$C$22,TABLAS!$B$35:$B$40,1)))*(DATOS!$C$22-INDEX(TABLAS!$B$35:$B$40,MATCH(DATOS!$C$22,TABLAS!$B$35:$B$40,1)))/(INDEX(TABLAS!$B$35:$B$40,MATCH(DATOS!$C$22,TABLAS!$B$35:$B$40,1)+1)-INDEX(TABLAS!$B$35:$B$40,MATCH(DATOS!$C$22,TABLAS!$B$35:$B$40,1)))))))) -> 50 | D27: kg/cm² | E27: Tabla con f'p y el mortero | F27: NTC-M 2.8.1.4, p. 24–25
B28: f'm de ensayes de pilas: f_m medio (corregido por esbeltez) | D28: kg/cm² | E28: Si hay ensayes (9 pilas) | F28: NTC-M 2.8.1.3, p. 23
B29: c_m — coeficiente de variación de las pilas | C29: 0.15 | D29: — | E29: ≥ 0.15 | F29: NTC-M 2.8.1.3.7, p. 24
B30: f'm de ensayes = f_m / (1 + 2.5·c_m) | C30: =IF(ISNUMBER(DATOS!$C$28),DATOS!$C$28/(1+2.5*MAX(DATOS!$C$29,0.15)),0) -> 0 | D30: kg/cm² | F30: NTC-M ec. 2.8.1.3.7, p. 24
B31: f'm Tipo II (sin ensayes) | C31: =INDEX(TABLAS!$E$45:$E$49,MATCH(DATOS!$C$19,TABLAS!$B$45:$B$49,0)) -> 15 | D31: kg/cm² | E31: Sólo Tipo II | F31: NTC-M Tabla 12.2.3.1.2, p. 105
B32: ¿De dónde sale f'm? | C32: TABLA (2.8.1.4) | D32: — | F32: NTC-M 2.8.1, p. 22
B33: f'm — RESISTENCIA DE DISEÑO A COMPRESIÓN QUE SE USA | C33: =IF(DATOS!$C$32="ENSAYES DE PILAS (2.8.1.3)",DATOS!$C$30,IF(DATOS!$C$32="TIPO II (TABLA 12.2.3.1.2)",DATOS!$C$31,MAX(DATOS!$C$27,0))) -> 50 | D33: kg/cm² | F33: NTC-M 2.8.1
B34: ¿El f'm es válido? | C34: =IF(DATOS!$C$33<=0,"NO VÁLIDO: sin f'm (mortero III o faltan ensayes)",IF(DATOS!$C$32="TIPO II (TABLA 12.2.3.1.2)",IF(DATOS!$C$14="TIPO II","VÁLIDO (Tipo II)","NO VÁLIDO: la tabla de Tipo II no aplica a estructura Tipo I"),IF(DATOS!$C$32="ENSAYES DE PILAS (2.8.1.3)","VÁLIDO (ensayes)",IF(OR(DATOS!$C$22<60,AND(DATOS!$C$20="CONCRETO",DATOS!$C$21="NO",DATOS!$C$22<100)),"NO VÁLIDO: f'p fuera de la tabla (2.8.1.4.1)",IF(DATOS!$C$22>IF(DATOS!$C$20="CONCRETO",200,300),"PENDIENTE: f'p arriba de la tabla, se tomó el último renglón","PENDIENTE: confirmar f'p con ensayes de piezas (2.8.1.4.3 d)"))))) -> PENDIENTE: confirmar f'p con ensayes de piezas (2.8.1.4.3 d) | D34: — | F34: NTC-M 2.8.1.4.3, p. 25
B35: v'm de ensayes de muretes: v_m medio | D35: kg/cm² | E35: Si hay ensayes (9 muretes) | F35: NTC-M 2.8.2.4, p. 26
B36: c_v — coeficiente de variación de los muretes | C36: 0.2 | D36: — | E36: ≥ 0.20 | F36: NTC-M 2.8.2.4.6, p. 26
B37: v'm de ensayes = v_m / (1 + 2.5·c_v) | C37: =IF(ISNUMBER(DATOS!$C$35),DATOS!$C$35/(1+2.5*MAX(DATOS!$C$36,0.2)),0) -> 0 | D37: kg/cm² | F37: NTC-M ec. 2.8.2.4.6, p. 26
B38: v'm Tipo II (sin ensayes) | C38: =INDEX(TABLAS!$F$45:$F$49,MATCH(DATOS!$C$19,TABLAS!$B$45:$B$49,0)) -> 2 | D38: kg/cm² | E38: Sólo Tipo II | F38: NTC-M Tabla 12.2.3.2.2, p. 105
B39: v'm provisional (mientras llegan los ensayes) | C39: 2 | D39: kg/cm² | E39: Mientras llegan los ensayes | F39: Criterio provisional — no viene de norma
B40: ¿De dónde sale v'm? | C40: PROVISIONAL (CAPTURA) | D40: — | F40: NTC-M 2.8.2.1, p. 25
B41: v'm — RESISTENCIA DE DISEÑO A COMPRESIÓN DIAGONAL QUE SE USA | C41: =IF(DATOS!$C$40="ENSAYES DE MURETES (2.8.2.4)",DATOS!$C$37,IF(DATOS!$C$40="TIPO II (TABLA 12.2.3.2.2)",DATOS!$C$38,N(DATOS!$C$39))) -> 2 | D41: kg/cm² | F41: NTC-M 2.8.2
B42: ¿El v'm es válido? | C42: =IF(DATOS!$C$41<=0,"NO VÁLIDO: sin v'm",IF(DATOS!$C$40="ENSAYES DE MURETES (2.8.2.4)","VÁLIDO (ensayes)",IF(DATOS!$C$40="TIPO II (TABLA 12.2.3.2.2)",IF(DATOS!$C$14="TIPO II","VÁLIDO (Tipo II)","NO VÁLIDO: estructura Tipo I, el v'm sale de 9 muretes (2.8.2.1)"),"PENDIENTE: v'm provisional; estructura "&DATOS!$C$14&", hacen falta los ensayes de muretes (2.8.2.4)"))) -> PENDIENTE: v'm provisional; estructura TIPO I, hacen falta los ensayes de muretes (2.8.2.4) | D42: — | E42: Tipo I: sólo vale de ensayes | F42: NTC-M 2.8.2.1 y 2.8.2.4.5, p. 25–26
B43: E_m — módulo de elasticidad (corta duración) | C43: =IF(DATOS!$C$20="CONCRETO",800,600)*DATOS!$C$33 -> 40000 | D43: kg/cm² | E43: 800·f'm (concreto) · 600·f'm (arcilla) | F43: NTC-M 2.8.5.4, p. 27
B45: 3. CONCRETO Y ACERO
B46: Concepto | C46: Valor | D46: Unidad | E46: Cómo se calcula / de dónde sale | F46: Referencia
B47: f'c — concreto de castillos y dalas | C47: 200 | D47: kg/cm² | E47: ≥ 200 | F47: NTC-M 6.2.1.3.1, p. 61
B48: f_y — varillas longitudinales | C48: 4200 | D48: kg/cm² | F48: NMX-C-407-ONNCCE
B49: f_y — estribos de castillos y dalas | C49: 2530 | D49: kg/cm² | E49: Alambrón No. 2: 2 530 | F49: NTC-M 6.2.2.3, p. 62
B50: f_yh — refuerzo horizontal (juntas o malla) | C50: 6000 | D50: kg/cm² | E50: La hoja usa 6 000 como tope en juntas y 5 000 en malla | F50: NTC-M 6.5.3.1.3 y 6.5.4.1.3, p. 69 y 71
B51: f'c — vigas sobre las que desplantan muros | C51: 250 | D51: kg/cm² | F51: NTC-M 4.1.18.2.2, p. 44
B52: Clase del concreto de esas vigas | C52: 1 | D52: — | F52: NTC-Concreto 2.1.3
B53: E_f — módulo de elasticidad de la viga | C53: =IF(DATOS!$C$52=1,14000,8000)*SQRT(DATOS!$C$51) -> 221359.44 | D53: kg/cm² | E53: 14 000·√f'c (clase 1) · 8 000·√f'c (clase 2) | F53: NTC-Concreto 2.1.3
B55: 4. MURO, CASTILLO Y DALA TÍPICOS (los usan todos los muros; MUROS deja cambiar H, t y los castillos extremos)
B56: Concepto | C56: Valor | D56: Unidad | E56: Cómo se calcula / de dónde sale | F56: Referencia
B57: H — altura libre típica | C57: 2.5 | D57: m | E57: Altura libre entre losas | F57: NTC-M 6.1.3, p. 60
B58: t — espesor típico de la mampostería | C58: 15 | D58: cm | E58: ≥ 12 cm en Tipo I | F58: NTC-M 6.1.3, p. 60
B59: h_c — castillo, lado paralelo al muro | C59: 15 | D59: cm | E59: ≥ 15 cm | F59: NTC-M 6.2.1.1 b), p. 60
B60: b_c — castillo, lado perpendicular al muro | C60: 15 | D60: cm | E60: ≥ 12 cm y ≥ t | F60: NTC-M 6.2.1.1 b), p. 60
B61: Varillas longitudinales por castillo | C61: 4 | D61: pzas | E61: ≥ 4 | F61: NTC-M 6.2.2.2, p. 62
B62: No. de varilla del castillo | C62: 3 | D62: No. | F62: TABLAS
B63: No. del estribo de castillos y dalas | C63: 2 | D63: No. | F63: NTC-M 6.2.2.3, p. 62
B64: s — separación de estribos en el castillo | C64: 20 | D64: cm | E64: ≤ 1.5·t y ≤ 20 cm | F64: NTC-M 6.2.2.3, p. 62
B65: s₀ — separación de estribos en los extremos (H₀) | C65: 7.5 | D65: cm | E65: ≤ h_c/2, en H₀ = máx(H/6, 40 cm) | F65: NTC-M 6.2.3.2, p. 62
B66: Recubrimiento libre de las varillas de castillos y dalas | C66: 2 | D66: cm | E66: ≥ 2 cm | F66: NTC-M 4.2.4.1.1, p. 49
B67: h_d — peralte de la dala | C67: 20 | D67: cm | E67: ≥ 15 cm | F67: NTC-M 6.2.1.2 b), p. 60
B68: b_d — ancho de la dala | C68: 15 | D68: cm | E68: ≥ 12 cm | F68: NTC-M 6.2.1.2 b), p. 60
B69: Varillas longitudinales de la dala | C69: 4 | D69: pzas | E69: ≥ 4 | F69: NTC-M 6.2.2.2, p. 62
B70: No. de varilla de la dala | C70: 3 | D70: No. | F70: TABLAS
B71: s — separación de estribos en la dala | C71: 20 | D71: cm | E71: ≤ 1.5·t y ≤ 20 cm | F71: NTC-M 6.2.2.3, p. 62
B72: L mín. — tramo más corto que se cuenta como muro | C72: =ROUND(2*DATOS!$C$59/100,2) -> 0.3 | D72: m | E72: Tramo más corto que cuenta como muro (dos castillos) | F72: Criterio de esta hoja — no viene de norma
B73: Varilla o alambre del refuerzo horizontal (si MUROS no dice otro) | C73: 5/32 in | D73: — | F73: NTC-M 4.2.2.2.1, p. 47
B74: Malla (si MUROS dice MALLA y no dice cuál) | C74: 6x6-10/10 | D74: — | F74: TABLAS
B76: 5. REVISIÓN DEL CASTILLO Y LA DALA TÍPICOS (6.2)
B77: Concepto | C77: Valor | D77: Unidad | E77: Cómo se calcula / de dónde sale | F77: Referencia
B78: A_s del castillo | C78: =DATOS!$C$61*INDEX(TABLAS!$D$6:$D$14,MATCH(DATOS!$C$62,TABLAS!$B$6:$B$14,0)) -> 2.84 | D78: cm² | F78: TABLAS
B79: A_s mínima = 0.2·f'c/f_y·b_c·h_c | C79: =0.2*DATOS!$C$47/DATOS!$C$48*DATOS!$C$60*DATOS!$C$59 -> 2.1428571 | D79: cm² | E79: 0.2·f'c/f_y·b_c·h_c | F79: NTC-M 6.2.2.2, p. 62
B80: A_sc de estribo (2 ramas) ≥ 1 000·s/(f_y·h_c) | C80: =2*INDEX(TABLAS!$D$6:$D$14,MATCH(DATOS!$C$63,TABLAS!$B$6:$B$14,0)) -> 0.64 | D80: cm² | E80: ="Mínimo: "&TEXT(1000*DATOS!$C$64/(DATOS!$C$49*DATOS!$C$59),"0.00")&" cm² (castillo) · "&TEXT(1000*DATOS!$C$71/(DATOS!$C$49*DATOS!$C$67),"0.00")&" cm² (dala)" -> Mínimo: 0.53 cm² (castillo) · 0.40 cm² (dala) | F80: NTC-M ec. 6.2.3.3, p. 62
B81: CASTILLO TÍPICO | C81: =IF(AND(DATOS!$C$59>=15,DATOS!$C$60>=12,DATOS!$C$60>=DATOS!$C$58,DATOS!$C$61>=4,DATOS!$C$78>=0.99*DATOS!$C$79,INDEX(TABLAS!$C$6:$C$14,MATCH(DATOS!$C$62,TABLAS!$B$6:$B$14,0))<=DATOS!$C$59/6*MIN(1,DATOS!$C$60/DATOS!$C$59),DATOS!$C$80>=1000*DATOS!$C$64/(DATOS!$C$49*DATOS!$C$59)-0.0001,DATOS!$C$64<=MIN(1.5*DATOS!$C$58,20),DATOS!$C$65<=DATOS!$C$59/2,DATOS!$C$47>=200,DATOS!$C$66>=2,DATOS!$C$66-INDEX(TABLAS!$C$6:$C$14,MATCH(DATOS!$C$63,TABLAS!$B$6:$B$14,0))>=1),"CUMPLE","NO CUMPLE: "&IF(OR(DATOS!$C$59<15,DATOS!$C$60<12,DATOS!$C$60<DATOS!$C$58),"dimensiones (6.2.1.1 b) ","")&IF(OR(DATOS!$C$61<4,DATOS!$C$78<0.99*DATOS!$C$79),"A_s (6.2.2.2) ","")&IF(INDEX(TABLAS!$C$6:$C$14,MATCH(DATOS!$C$62,TABLAS!$B$6:$B$14,0))>MIN(DATOS!$C$60,DATOS!$C$59)/6,"varilla > 1/6 del lado (4.2.2.1.2) ","")&IF(DATOS!$C$80<1000*DATOS!$C$64/(DATOS!$C$49*DATOS!$C$59)-0.0001,"estribo (6.2.2.3) ","")&IF(DATOS!$C$64>MIN(1.5*DATOS!$C$58,20),"s > mín(1.5t, 20) ","")&IF(DATOS!$C$65>DATOS!$C$59/2,"s₀ > h_c/2 (6.2.3.2) ","")&IF(DATOS!$C$47<200,"f'c < 200 ","")&IF(OR(DATOS!$C$66<2,DATOS!$C$66-INDEX(TABLAS!$C$6:$C$14,MATCH(DATOS!$C$63,TABLAS!$B$6:$B$14,0))<1),"recubrimiento (4.2.4.1.1)","")) -> CUMPLE | D81: — | F81: NTC-M 6.2.1 a 6.2.3 y 4.2, p. 47–62
B82: DALA TÍPICA | C82: =IF(AND(DATOS!$C$67>=15,DATOS!$C$68>=12,DATOS!$C$68>=DATOS!$C$58,DATOS!$C$69>=4,DATOS!$C$69*INDEX(TABLAS!$D$6:$D$14,MATCH(DATOS!$C$70,TABLAS!$B$6:$B$14,0))>=0.99*0.2*DATOS!$C$47/DATOS!$C$48*DATOS!$C$68*DATOS!$C$67,INDEX(TABLAS!$C$6:$C$14,MATCH(DATOS!$C$70,TABLAS!$B$6:$B$14,0))<=MIN(DATOS!$C$68,DATOS!$C$67)/6,DATOS!$C$80>=1000*DATOS!$C$71/(DATOS!$C$49*DATOS!$C$67)-0.0001,DATOS!$C$71<=MIN(1.5*DATOS!$C$58,20)),"CUMPLE","NO CUMPLE: "&IF(OR(DATOS!$C$67<15,DATOS!$C$68<12,DATOS!$C$68<DATOS!$C$58),"dimensiones (6.2.1.2 b) ","")&IF(OR(DATOS!$C$69<4,DATOS!$C$69*INDEX(TABLAS!$D$6:$D$14,MATCH(DATOS!$C$70,TABLAS!$B$6:$B$14,0))<0.99*0.2*DATOS!$C$47/DATOS!$C$48*DATOS!$C$68*DATOS!$C$67),"A_s (6.2.2.2) ","")&IF(INDEX(TABLAS!$C$6:$C$14,MATCH(DATOS!$C$70,TABLAS!$B$6:$B$14,0))>MIN(DATOS!$C$68,DATOS!$C$67)/6,"varilla > 1/6 del lado ","")&IF(DATOS!$C$80<1000*DATOS!$C$71/(DATOS!$C$49*DATOS!$C$67)-0.0001,"estribo (6.2.2.3) ","")&IF(DATOS!$C$71>MIN(1.5*DATOS!$C$58,20),"s > mín(1.5t, 20)","")) -> CUMPLE | D82: — | F82: NTC-M 6.2.1.2 y 6.2.2, p. 60–62
B84: 6. FACTORES DE RESISTENCIA Y DE CARGA
B85: Concepto | C85: Valor | D85: Unidad | E85: Cómo se calcula / de dónde sale | F85: Referencia
B86: F_R — cortante | C86: 0.7 | D86: — | F86: NTC-M 4.1.6.4, p. 40
B87: F_R — compresión (P_R) y f_CM de 4.1.18 | C87: 0.6 | D87: — | F87: NTC-M 4.1.6.2, p. 39
B88: F_R — flexocompresión (método optativo) | C88: 0.8 / 0.6 | D88: — | E88: 0.8 si P_u ≤ P_R/3; si no, 0.6 | F88: NTC-M 4.1.6.3.1 b), p. 39
B89: FC — combinaciones con sismo | C89: 1.1 | D89: — | E89: Para sacar P sin factor | F89: NTC-Criterios 3.4.1 b), p. 7
B90: FC — cargas permanentes en gravedad | C90: =IF(DATOS!$C$7="A",1.5,1.3) -> 1.3 | D90: — | F90: NTC-Criterios 3.4.1 a), p. 7
B91: α — del refuerzo horizontal | C91: 0.045 | D91: cm²/kg | F91: NTC-M 6.5.3.4.1, p. 70
B93: 7. SISMO — FACTOR DE COMPORTAMIENTO Y DISTORSIONES (NTC-Sismo 1.7 y Tabla 4.3.3)
B94: Concepto | C94: Valor | D94: Unidad | E94: Cómo se calcula / de dónde sale | F94: Referencia
B95: ¿Todos los muros llevan refuerzo horizontal? | C95: =IF(COUNTIF(MUROS!$BI$11:$BI$70,"SÍ")=0,"NO",IF(COUNTIFS(MUROS!$BI$11:$BI$70,"SÍ",MUROS!$AE$11:$AE$70,"VARILLA EN JUNTAS")+COUNTIFS(MUROS!$BI$11:$BI$70,"SÍ",MUROS!$AE$11:$AE$70,"MALLA")=COUNTIF(MUROS!$BI$11:$BI$70,"SÍ"),"SÍ","NO")) -> NO | D95: — | F95: NTC-Sismo Tabla 4.3.3, nota [2], p. 60
B96: Estructuración (fila de la Tabla 4.3.3) | C96: ="CONFINADA DE PIEZAS "&IF(DATOS!$C$21="SÍ","HUECAS","MACIZAS")&IF(DATOS!$C$95="SÍ"," CON REFUERZO HORIZONTAL","") -> CONFINADA DE PIEZAS HUECAS | D96: — | F96: NTC-Sismo Tabla 4.3.3, p. 60
B97: Q — factor de comportamiento sísmico | C97: =INDEX(TABLAS!$C$54:$C$57,MATCH(DATOS!$C$96,TABLAS!$B$54:$B$57,0)) -> 1.5 | D97: — | F97: NTC-Sismo Tabla 4.3.3, p. 60
B98: γ_SV — distorsión límite de seguridad de vida | C98: =INDEX(TABLAS!$D$54:$D$57,MATCH(DATOS!$C$96,TABLAS!$B$54:$B$57,0)) -> 0.004 | D98: — | F98: NTC-Sismo Tabla 4.3.3, p. 60
B99: γ_OI — distorsión límite de ocupación inmediata | C99: =INDEX(TABLAS!$E$54:$E$57,MATCH(DATOS!$C$96,TABLAS!$B$54:$B$57,0)) -> 0.0015 | D99: — | E99: Sólo Grupo A | F99: NTC-Sismo Tabla 4.3.3 y 1.7, p. 29 y 60
B100: R' — sobrerresistencia del periodo fundamental | D100: — | E100: Del espectro de tu proyecto (NTC-Sismo 3.3) | F100: NTC-Sismo 3.3
B101: Factor de la distorsión de seguridad de vida = Q·R'·FC | C101: =DATOS!$C$97*DATOS!$C$100*DATOS!$C$89 -> 0 | D101: — | E101: Q·R'·FC | F101: NTC-Sismo 1.7, p. 29
B102: ¿Los elementos no estructurales están separados de la estructura? | C102: NO | D102: — | E102: NO → 0.002 · SÍ → 0.004 | F102: NTC-Sismo 1.7, p. 29
B103: γ_LD — distorsión límite de daño no estructural | C103: =IF(DATOS!$C$102="SÍ",0.004,0.002) -> 0.002 | D103: — | F103: NTC-Sismo 1.7, p. 29
B104: ¿Se permite la estructuración en este grupo? | C104: =IF(AND(DATOS!$C$7="A",DATOS!$C$21="SÍ"),"NO CUMPLE: piezas huecas confinadas no se permiten en el Grupo A (nota [3])","CUMPLE") -> CUMPLE | D104: — | F104: NTC-Sismo Tabla 4.3.3, nota [3], p. 60
B106: 8. FUERZAS — DE DÓNDE SALEN
B107: Concepto | C107: Valor | D107: Unidad | E107: Cómo se calcula / de dónde sale | F107: Referencia
B108: Fuerzas de los muros | C108: CAPTURA EN MUROS | D108: — | E108: ETABS: pega la tabla Pier Forces en PIER_FORCES | F108: Hoja PIER_FORCES
...

Sheet MUROS
B1: MUROS — UN RENGLÓN POR MURO (NTC-MAMPOSTERÍA 2023)
B2: Amarillo = captura. Las cuentas intermedias están agrupadas: ábrelas con [+] arriba de las columnas. DETALLE explica un muro paso a paso y CROQUIS lo dibuja.
B3: ="Proyecto: "&DATOS!$C$6&" · "&DATOS!$C$14&" · f'm = "&TEXT(DATOS!$C$33,"0")&" kg/cm² · v'm = "&TEXT(DATOS!$C$41,"0.00")&" kg/cm² ("&DATOS!$C$40&") · fuerzas: "&DATOS!$C$108&" · castillo "&DATOS!$C$59&"×"&DATOS!$C$60&" con "&DATOS!$C$61&" No. "&DATOS!$C$62 -> Proyecto: (nombre del proyecto) · TIPO I · f'm = 50 kg/cm² · v'm = 2.00 kg/cm² (PROVISIONAL (CAPTURA)) · fuerzas: CAPTURA EN MUROS · castillo 15×15 con 4 No. 3
B5: Muro y Story iguales que en ETABS. H y t vacíos = los de DATOS. | I5: De izquierda a derecha. x = del extremo izquierdo al vano. Puerta: antepecho 0. | AC5: Opcional. Refuerzo horizontal: varilla en juntas o malla. | AI5: Sólo si el muro desplanta sobre una viga (4.1.18). | AQ5: Sólo si DATOS dice CAPTURA. P = la mínima sin factor.
B6: MURO — CAPTURA | I6: VANOS DE IZQUIERDA A DERECHA — CAPTURA | AC6: CASTILLOS EXTREMOS Y REFUERZO HORIZONTAL — CAPTURA | AI6: VIGA DE APOYO — CAPTURA | AQ6: FUERZAS CAPTURADAS (si DATOS dice CAPTURA) | AX6: FUERZAS QUE SALEN DE PIER_FORCES (ETABS) | BI6: FUERZAS DE DISEÑO QUE SE USAN | BS6: SECCIÓN CRÍTICA | CI6: CASTILLOS (6.2) | CO6: COMPRESIÓN (6.4.1) | CR6: FLEXOCOMPRESIÓN EN EL PLANO (6.4.2.2) | CY6: CORTANTE DE LA MAMPOSTERÍA (6.5.2) | DJ6: REFUERZO HORIZONTAL (6.5.3 Y 6.5.4) | EB6: CORTANTE TOTAL | EF6: MURO SOBRE VIGA (4.1.18) | EQ6: CANTIDADES | EU6: RESULTADO
A7: # | B7: Muro (etiqueta del pier en ETABS) | C7: Story de ETABS | D7: Dirección | E7: Posición (para F_E) | F7: L — longitud total | G7: H — altura libre (vacío = DATOS) | H7: t — espesor (vacío = DATOS) | I7: Vano 1 — tipo | J7: Vano 1 — x desde el extremo izquierdo | K7: Vano 1 — ancho | L7: Vano 1 — antepecho (puerta = 0) | M7: Vano 1 — alto del vano | N7: Vano 2 — tipo | O7: Vano 2 — x desde el extremo izquierdo | P7: Vano 2 — ancho | Q7: Vano 2 — antepecho (puerta = 0) | R7: Vano 2 — alto del vano | S7: Vano 3 — tipo | T7: Vano 3 — x desde el extremo izquierdo | U7: Vano 3 — ancho | V7: Vano 3 — antepecho (puerta = 0) | W7: Vano 3 — alto del vano | X7: Vano 4 — tipo | Y7: Vano 4 — x desde el extremo izquierdo | Z7: Vano 4 — ancho | AA7: Vano 4 — antepecho (puerta = 0) | AB7: Vano 4 — alto del vano | AC7: Varillas por castillo extremo (vacío = DATOS) | AD7: No. de varilla del castillo extremo (vacío = DATOS) | AE7: Refuerzo horizontal | AF7: Barras por junta (malla: caras) | AG7: Varilla / alambre / malla (vacío = DATOS) | AH7: Cada cuántas hiladas (varilla) | AI7: ¿Desplanta sobre viga? (4.1.18) | AJ7: Viga | AK7: b de la viga | AL7: h de la viga | AM7: L_v — claro de la viga | AN7: w_u sobre la viga sin el muro | AO7: c — del eje del muro al centro de la viga | AP7: Carga permanente del muro sin factor (vacío = P_u grav./FC) | AQ7: V_u | AR7: M_u (en el plano) | AS7: P mínima SIN factor (para V_mR) | AT7: P_u máxima (compresión) | AU7: P_u mínima factorizada (vacío = P·1.1) | AV7: P_u de gravedad (4.1.18; vacío = P_u máx.) | AW7: V_u de la carga vertical (opcional) | AX7: Story|Muro | AY7: Renglones de sismo | AZ7: Renglones de gravedad | BA7: V_u máx. (sismo) | BB7: M_u máx. (sismo) | BC7: P_u mín. (sismo) | BD7: P_u máx. (sismo) | BE7: P_u máx. (gravedad) | BF7: V_u máx. (gravedad) | BG7: Renglón del V_u máx. | BH7: Combinación y lugar del V_u máx. | BI7: ¿Datos completos? | BJ7: Fuerzas de | BK7: V_u | BL7: M_u | BM7: P mín. sin factor | BN7: P_u mín. | BO7: P_u máx. | BP7: P_u gravedad | BQ7: V_u por carga vertical | BR7: % del V_u por carga vertical | BS7: H usada | BT7: t usado | BU7: Vanos | BV7: Vanos bien capturados | BW7: Tramo 1 en la sección crítica | BX7: Tramo 2 en la sección crítica | BY7: Tramo 3 en la sección crítica | BZ7: Tramo 4 en la sección crítica | CA7: Tramo 5 en la sección crítica | CB7: ΣL de tramos que cuentan (≥ L mín.) | CC7: Tramos que cuentan | CD7: ΣL de todos los tramos | CE7: A_T que cuenta (cortante) | CF7: A_T de todos los tramos | CG7: H/t | CH7: Espesor y esbeltez (6.1.3) | CI7: Separación máx. de castillos | CJ7: Castillos intermedios | CK7: Castillos en el muro | CL7: A_s de un castillo extremo | CM7: ΣA_s de todos los castillos | CN7: H₀ (estribos cerrados) | CO7: F_E | CP7: P_R | CQ7: P_u / P_R | CR7: d' entre castillos extremos | CS7: d | CT7: M₀ = A_s·f_y·d' | CU7: M_R con P_u mín. | CV7: M_R con P_u máx. | CW7: M_R | CX7: M_u / M_R | CY7: f tramo 1 | CZ7: f tramo 2 | DA7: f tramo 3 | DB7: f tramo 4 | DC7: f tramo 5 | DD7: V_mR tramo 1 | DE7: V_mR tramo 2 | DF7: V_mR tramo 3 | DG7: V_mR tramo 4 | DH7: V_mR tramo 5 | DI7: V_mR = Σ tramos | DJ7: A_sh por junta (malla: por cm) | DK7: s_h | DL7: p_h·f_yh | DM7: (p_h·f_yh)e | DN7: η_s | DO7: k₁ | DP7: k₀ tramo 1 | DQ7: k₀ tramo 2 | DR7: k₀ tramo 3 | DS7: k₀ tramo 4 | DT7: k₀ tramo 5 | DU7: V_sR tramo 1 | DV7: V_sR tramo 2 | DW7: V_sR tramo 3 | DX7: V_sR tramo 4 | DY7: V_sR tramo 5 | DZ7: V_sR = Σ tramos | EA7: Refuerzo horizontal (6.5.3 / 6.5.4) | EB7: V_R = V_mR + V_sR | EC7: V_u / V_R | ED7: p_h·f_yh necesario para V_u | EE7: Qué refuerzo horizontal le falta | EF7: I de la viga | EG7: a = L/L_v | EH7: W_p | EI7: f_I | EJ7: K | EK7: k_c | EL7: F_CE | EM7: f_CM | EN7: L_v / h_v | EO7: L_v / h_v máx. por flecha | EP7: Muro sobre viga (4.1.18) | EQ7: Mampostería neta | ER7: Concreto de castillos | ES7: Acero de castillos | ET7: Refuerzo horizontal | EU7: Lo que no cumple | EV7: Pendiente o aviso | EW7: ESTADO | EX7: NOTA
D8: X / Y | F8: m | G8: m | H8: cm | J8: m | K8: m | L8: m | M8: m | O8: m | P8: m | Q8: m | R8: m | T8: m | U8: m | V8: m | W8: m | Y8: m | Z8: m | AA8: m | AB8: m | AC8: pzas | AD8: No. | AF8: pzas | AH8: hiladas | AI8: SÍ / NO | AK8: cm | AL8: cm | AM8: m | AN8: t/m | AO8: m | AP8: t | AQ8: t | AR8: t·m | AS8: t | AT8: t | AU8: t | AV8: t | AW8: t | BA8: t | BB8: t·m | BC8: t | BD8: t | BE8: t | BF8: t | BK8: t | BL8: t·m | BM8: t | BN8: t | BO8: t | BP8: t | BQ8: t | BR8: % | BS8: m | BT8: cm | BW8: m | BX8: m | BY8: m | BZ8: m | CA8: m | CB8: m | CD8: m | CE8: cm² | CF8: cm² | CI8: m | CJ8: pzas | CK8: pzas | CL8: cm² | CM8: cm² | CN8: cm | CP8: t | CQ8: ≤ 1 | CR8: cm | CS8: cm | CT8: t·m | CU8: t·m | CV8: t·m | CW8: t·m | CX8: ≤ 1 | DD8: t | DE8: t | DF8: t | DG8: t | DH8: t | DI8: t | DJ8: cm² | DK8: cm | DL8: kg/cm² | DM8: kg/cm² | DU8: t | DV8: t | DW8: t | DX8: t | DY8: t | DZ8: t | EB8: t | EC8: ≤ 1 | ED8: kg/cm² | EF8: cm⁴ | EH8: kg/cm | EM8: kg/cm² | EN8: ≤ 14 | EQ8: m² | ER8: m³ | ES8: kg | ET8: kg
B9: Ejemplos M-1, M-2 y M-3: escribe encima de las columnas amarillas o bórralos.
A11: =IF(B11="","",ROW()-10) -> 1 | B11: M-1 | C11: N1 | D11: X | E11: EXTREMO | F11: 4 | AE11: NINGUNO | AI11: NO | AQ11: 6 | AR11: 9 | AS11: 7 | AT11: 18 | AX11: =IF(B11="","",C11&"|"&B11) -> N1|M-1 | AY11: =IF(B11="","",COUNTIFS(PIER_FORCES!$O$9:$O$3008,1,PIER_FORCES!$P$9:$P$3008,1)) -> 0 | AZ11: =IF(B11="","",COUNTIFS(PIER_FORCES!$O$9:$O$3008,1,PIER_FORCES!$P$9:$P$3008,2)) -> 0 | BA11: =IF(N(AY11)=0,0,SUMPRODUCT(MAX((PIER_FORCES!$O$9:$O$3008=1)*(PIER_FORCES!$P$9:$P$3008=1)*PIER_FORCES!$R$9:$R$3008))) -> 0 | BB11: =IF(N(AY11)=0,0,SUMPRODUCT(MAX((PIER_FORCES!$O$9:$O$3008=1)*(PIER_FORCES!$P$9:$P$3008=1)*PIER_FORCES!$S$9:$S$3008))) -> 0 | BC11: =IF(N(AY11)=0,0,-SUMPRODUCT(MAX((PIER_FORCES!$O$9:$O$3008=1)*(PIER_FORCES!$P$9:$P$3008=1)*(-PIER_FORCES!$Q$9:$Q$3008)+(1-(PIER_FORCES!$O$9:$O$3008=1)*(PIER_FORCES!$P$9:$P$3008=1))*(-1E9)))) -> 0 | BD11: =IF(N(AY11)=0,0,SUMPRODUCT(MAX((PIER_FORCES!$O$9:$O$3008=1)*(PIER_FORCES!$P$9:$P$3008=1)*PIER_FORCES!$Q$9:$Q$3008+(1-(PIER_FORCES!$O$9:$O$3008=1)*(PIER_FORCES!$P$9:$P$3008=1))*(-1E9)))) -> 0 | BE11: =IF(N(AZ11)=0,BD11,SUMPRODUCT(MAX((PIER_FORCES!$O$9:$O$3008=1)*(PIER_FORCES!$P$9:$P$3008=2)*PIER_FORCES!$Q$9:$Q$3008+(1-(PIER_FORCES!$O$9:$O$3008=1)*(PIER_FORCES!$P$9:$P$3008=2))*(-1E9)))) -> 0 | BF11: =IF(N(AZ11)=0,0,SUMPRODUCT(MAX((PIER_FORCES!$O$9:$O$3008=1)*(PIER_FORCES!$P$9:$P$3008=2)*PIER_FORCES!$R$9:$R$3008))) -> 0 | BG11: =IF(N(AY11)=0,0,SUMPRODUCT(MAX((PIER_FORCES!$O$9:$O$3008=1)*(PIER_FORCES!$P$9:$P$3008=1)*(ABS(PIER_FORCES!$R$9:$R$3008-BA11)<0.000001)*PIER_FORCES!$T$9:$T$3008))) -> 0 | BH11: =IF(N(BG11)=0,"",INDEX(PIER_FORCES!$D$9:$D$3008,BG11)&" "&INDEX(PIER_FORCES!$F$9:$F$3008,BG11)&" / "&INDEX(PIER_FORCES!$G$9:$G$3008,BG11)) | BI11: =IF(B11="","",IF(AND(C11<>"",OR(D11="X",D11="Y"),ISNUMBER(F11),N(F11)>0),"SÍ","NO")) -> SÍ | BJ11: =IF(BI11<>"SÍ","",IF(DATOS!$C$108="ETABS (PIER_FORCES)",IF(N(AY11)>0,"ETABS","NO ESTÁ EN PIER_FORCES"),"CAPTURA")) -> CAPTURA | BK11: =IF(BI11<>"SÍ","",IF(BJ11="ETABS",BA11,IF(BJ11="CAPTURA",N(AQ11),0))) -> 6 | BL11: =IF(BI11<>"SÍ","",IF(BJ11="ETABS",BB11,IF(BJ11="CAPTURA",N(AR11),0))) -> 9 | BM11: =IF(BI11<>"SÍ","",IF(BJ11="ETABS",BC11/DATOS!$C$89,IF(BJ11="CAPTURA",N(AS11),0))) -> 7 | BN11: =IF(BI11<>"SÍ","",IF(BJ11="ETABS",BC11,IF(BJ11="CAPTURA",IF(ISNUMBER(AU11),AU11,N(AS11)*DATOS!$C$89),0))) -> 7.7 | BO11: =IF(BI11<>"SÍ","",IF(BJ11="ETABS",MAX(BD11,BE11),IF(BJ11="CAPTURA",N(AT11),0))) -> 18 | BP11: =IF(BI11<>"SÍ","",IF(BJ11="ETABS",BE11,IF(BJ11="CAPTURA",IF(ISNUMBER(AV11),AV11,N(AT11)),0))) -> 18 | BQ11: =IF(BI11<>"SÍ","",IF(BJ11="ETABS",BF11,IF(BJ11="CAPTURA",N(AW11),0))) -> 0 | BR11: =IF(BI11<>"SÍ","",IF(BK11>0,100*BQ11/BK11,0)) -> 0 | BS11: =IF(BI11<>"SÍ","",IF(ISNUMBER(G11),G11,DATOS!$C$57)) -> 2.5 | BT11: =IF(BI11<>"SÍ","",IF(ISNUMBER(H11),H11,DATOS!$C$58)) -> 15 | BU11: =IF(BI11<>"SÍ","",IF(N(K11)>0,1+IF(N(P11)>0,1+IF(N(U11)>0,1+IF(N(Z11)>0,1,0),0),0),0)) -> 0 | BV11: =IF(BI11<>"SÍ","",IF(AND(OR(BU11<1,AND(N(J11)>=0-0.001,J11+K11<=F11+0.001,N(L11)>=0,N(L11)+N(M11)<=BS11+0.001,N(M11)>0,OR(I11="PUERTA",I11="VENTANA"))),OR(BU11<2,AND(N(O11)>=(J11+K11)-0.001,O11+P11<=F11+0.001,N(Q11)>=0,N(Q11)+N(R11)<=BS11+0.001,N(R11)>0,OR(N11="PUERTA",N11="VENTANA"))),OR(BU11<3,AND(N(T11)>=(O11+P11)-0.001,T11+U11<=F11+0.001,N(V11)>=0,N(V11)+N(W11)<=BS11+0.001,N(W11)>0,OR(S11="PUERTA",S11="VENTANA"))),OR(BU11<4,AND(N(Y11)>=(T11+U11)-0.001,Y11+Z11<=F11+0.001,N(AA11)>=0,N(AA11)+N(AB11)<=BS11+0.001,N(AB11)>0,OR(X11="PUERTA",X11="VENTANA"))),(N(K11)>0)+(N(P11)>0)+(N(U11)>0)+(N(Z11)>0)=BU11),"CUMPLE","REVISAR VANOS: tipo, orden de izquierda a derecha, que quepan en L y en H")) -> CUMPLE | BW11: =IF(BI11<>"SÍ","",MAX(0,IF(BU11>=1,N(J11),F11))) -> 4 | BX11: =IF(BI11<>"SÍ","",MAX(0,IF(BU11>=2,N(O11)-(N(J11)+N(K11)),IF(BU11=1,F11-(N(J11)+N(K11)),0)))) -> 0 | BY11: =IF(BI11<>"SÍ","",MAX(0,IF(BU11>=3,N(T11)-(N(O11)+N(P11)),IF(BU11=2,F11-(N(O11)+N(P11)),0)))) -> 0 | BZ11: =IF(BI11<>"SÍ","",MAX(0,IF(BU11>=4,N(Y11)-(N(T11)+N(U11)),IF(BU11=3,F11-(N(T11)+N(U11)),0)))) -> 0 | CA11: =IF(BI11<>"SÍ","",MAX(0,IF(BU11=4,F11-(N(Y11)+N(Z11)),0))) -> 0 | CB11: =IF(BI11<>"SÍ","",SUMPRODUCT((BW11:CA11>=DATOS!$C$72-0.0001)*BW11:CA11)) -> 4 | CC11: =IF(BI11<>"SÍ","",SUMPRODUCT(--(BW11:CA11>=DATOS!$C$72-0.0001))) -> 1 | CD11: =IF(BI11<>"SÍ","",SUM(BW11:CA11)) -> 4 | CE11: =IF(BI11<>"SÍ","",BT11*CB11*100) -> 6000 | CF11: =IF(BI11<>"SÍ","",BT11*CD11*100) -> 6000 | CG11: =IF(BI11<>"SÍ","",BS11*100/BT11) -> 16.666667 | CH11: =IF(BI11<>"SÍ","",IF(AND(OR(DATOS!$C$14="TIPO II",BT11>=12),CG11<=25),"CUMPLE","NO CUMPLE: "&IF(AND(DATOS!$C$14="TIPO I",BT11<12),"t < 12 cm ","")&IF(CG11>25,"H/t > 25",""))) -> CUMPLE | CI11: =IF(BI11<>"SÍ","",MIN(1.5*BS11,4)) -> 3.75 | CJ11: =IF(BI11<>"SÍ","",SUMPRODUCT((BW11:CA11>=2*DATOS!$C$59/100)*INT((BW11:CA11-DATOS!$C$59/100)/CI11-0.000001)*((BW11:CA11-DATOS!$C$59/100)>0))) -> 1 | CK11: =IF(BI11<>"SÍ","",SUMPRODUCT((BW11:CA11>0.0001)*1+(BW11:CA11>=2*DATOS!$C$59/100)*1)+CJ11) -> 3 | CL11: =IF(BI11<>"SÍ","",IF(ISNUMBER(AC11),AC11,DATOS!$C$61)*INDEX(TABLAS!$D$6:$D$14,MATCH(IF(AD11<>"",AD11,DATOS!$C$62),TABLAS!$B$6:$B$14,0))) -> 2.84 | CM11: =IF(BI11<>"SÍ","",CK11*DATOS!$C$78+IF(CK11>=2,2,CK11)*(CL11-DATOS!$C$78)) -> 8.52 | CN11: =IF(BI11<>"SÍ","",MAX(BS11*100/6,40)) -> 41.666667 | CO11: =IF(BI11<>"SÍ","",IF(CG11<=20,IF(E11="INTERIOR",0.7,0.6),MIN(IF(E11="INTERIOR",0.7,0.6),(1-2/24)*(1-(IF(E11="INTERIOR",0.8,1)*CG11/30)^2)))) -> 0.6 | CP11: =IF(BI11<>"SÍ","",DATOS!$C$87*CO11*(DATOS!$C$33*CF11+CM11*DATOS!$C$48)/1000) -> 120.88224 | CQ11: =IF(BI11<>"SÍ","",IF(CP11>0,BO11/CP11,99)) -> 0.14890525 | CR11: =IF(BI11<>"SÍ","",MAX(0,F11*100-DATOS!$C$59)) -> 385 | CS11: =IF(BI11<>"SÍ","",MAX(0,F11*100-DATOS!$C$59/2)) -> 392.5 | CT11: =IF(BI11<>"SÍ","",CL11*DATOS!$C$48*CR11/100000) -> 45.9228 | CU11: =IF(BI11<>"SÍ","",IF(BN11<0,0.8*CT11*MAX(0,1+BN11/(0.8*CM11*DATOS!$C$48/1000)),IF(BN11<=CP11/3,0.8*CT11+0.3*BN11*CS11/100,(1.5*0.6*CT11+0.15*CP11*CS11/100)*MAX(0,1-BN11/CP11)))) -> 45.80499 | CV11: =IF(BI11<>"SÍ","",IF(BO11<0,0.8*CT11*MAX(0,1+BO11/(0.8*CM11*DATOS!$C$48/1000)),IF(BO11<=CP11/3,0.8*CT11+0.3*BO11*CS11/100,(1.5*0.6*CT11+0.15*CP11*CS11/100)*MAX(0,1-BO11/CP11)))) -> 57.93324 | CW11: =IF(BI11<>"SÍ","",MAX(0,MIN(CU11,CV11))) -> 45.80499 | CX11: =IF(BI11<>"SÍ","",IF(CW11>0,BL11/CW11,IF(BL11>0,99,0))) -> 0.19648514 | CY11: =IF(BI11<>"SÍ","",IF(BW11>0,MAX(1,MIN(1.5,1.5-0.625*(BS11/BW11-0.2))),0)) -> 1.234375 | CZ11: =IF(BI11<>"SÍ","",IF(BX11>0,MAX(1,MIN(1.5,1.5-0.625*(BS11/BX11-0.2))),0)) -> 0 | DA11: =IF(BI11<>"SÍ","",IF(BY11>0,MAX(1,MIN(1.5,1.5-0.625*(BS11/BY11-0.2))),0)) -> 0 | DB11: =IF(BI11<>"SÍ","",IF(BZ11>0,MAX(1,MIN(1.5,1.5-0.625*(BS11/BZ11-0.2))),0)) -> 0 | DC11: =IF(BI11<>"SÍ","",IF(CA11>0,MAX(1,MIN(1.5,1.5-0.625*(BS11/CA11-0.2))),0)) -> 0 | DD11: =IF(BI11<>"SÍ","",IF(OR(BW11<DATOS!$C$72-0.0001,BM11<0,CB11<=0),0,MIN(DATOS!$C$86*(0.5*DATOS!$C$41*BT11*BW11*100+0.3*BM11*BW11/CB11*1000)*CY11,1.5*DATOS!$C$86*DATOS!$C$41*BT11*BW11*100*CY11)/1000)) -> 6.9989063 | DE11: =IF(BI11<>"SÍ","",IF(OR(BX11<DATOS!$C$72-0.0001,BM11<0,CB11<=0),0,MIN(DATOS!$C$86*(0.5*DATOS!$C$41*BT11*BX11*100+0.3*BM11*BX11/CB11*1000)*CZ11,1.5*DATOS!$C$86*DATOS!$C$41*BT11*BX11*100*CZ11)/1000)) -> 0 | DF11: =IF(BI11<>"SÍ","",IF(OR(BY11<DATOS!$C$72-0.0001,BM11<0,CB11<=0),0,MIN(DATOS!$C$86*(0.5*DATOS!$C$41*BT11*BY11*100+0.3*BM11*BY11/CB11*1000)*DA11,1.5*DATOS!$C$86*DATOS!$C$41*BT11*BY11*100*DA11)/1000)) -> 0 | DG11: =IF(BI11<>"SÍ","",IF(OR(BZ11<DATOS!$C$72-0.0001,BM11<0,CB11<=0),0,MIN(DATOS!$C$86*(0.5*DATOS!$C$41*BT11*BZ11*100+0.3*BM11*BZ11/CB11*1000)*DB11,1.5*DATOS!$C$86*DATOS!$C$41*BT11*BZ11*100*DB11)/1000)) -> 0 | DH11: =IF(BI11<>"SÍ","",IF(OR(CA11<DATOS!$C$72-0.0001,BM11<0,CB11<=0),0,MIN(DATOS!$C$86*(0.5*DATOS!$C$41*BT11*CA11*100+0.3*BM11*CA11/CB11*1000)*DC11,1.5*DATOS!$C$86*DATOS!$C$41*BT11*CA11*100*DC11)/1000)) -> 0 | DI11: =IF(BI11<>"SÍ","",SUM(DD11:DH11)) -> 6.9989063 | DJ11: =IF(BI11<>"SÍ","",IF(AE11="VARILLA EN JUNTAS",IF(ISNUMBER(AF11),AF11,2)*INDEX(TABLAS!$D$6:$D$14,MATCH(IF(AG11<>"",AG11,DATOS!$C$73),TABLAS!$B$6:$B$14,0)),IF(AE11="MALLA",IF(ISNUMBER(AF11),AF11,1)*INDEX(TABLAS!$D$19:$D$22,MATCH(IF(AG11<>"",AG11,DATOS!$C$74),TABLAS!$B$19:$B$22,0))/100,IF(AE11="ESCALERILLA",IF(ISNUMBER(AF11),AF11,2)*INDEX(TABLAS!$D$6:$D$14,MATCH(IF(AG11<>"",AG11,DATOS!$C$73),TABLAS!$B$6:$B$14,0)),0)))) -> 0 | DK11: =IF(BI11<>"SÍ","",IF(OR(AE11="VARILLA EN JUNTAS",AE11="ESCALERILLA"),IF(ISNUMBER(AH11),AH11,2)*DATOS!$C$26,IF(AE11="MALLA",1,0))) -> 0 | DL11: =IF(BI11<>"SÍ","",IF(DK11>0,DJ11/(DK11*BT11)*MIN(DATOS!$C$50,IF(AE11="MALLA",5000,6000)),0)) -> 0 | DM11: =IF(BI11<>"SÍ","",IF(AE11="ESCALERILLA",0,MIN(DL11,0.1*DATOS!$C$33*DATOS!$C$24))) -> 0 | DN11: =IF(BI11<>"SÍ","",IF(AE11="MALLA",0.5,IF(DATOS!$C$33<=60,0.55,IF(DATOS!$C$33>=90,0.75,0.55+0.2*(DATOS!$C$33-60)/30)))) -> 0.55 | DO11: =IF(BI11<>"SÍ","",1-DATOS!$C$91*DM11) -> 1 | DP11: =IF(BI11<>"SÍ","",IF(BW11>0,IF(BS11/BW11<=1,1.3,IF(BS11/BW11>=1.5,1,1.3-0.6*(BS11/BW11-1))),0)) -> 1.3 | DQ11: =IF(BI11<>"SÍ","",IF(BX11>0,IF(BS11/BX11<=1,1.3,IF(BS11/BX11>=1.5,1,1.3-0.6*(BS11/BX11-1))),0)) -> 0 | DR11: =IF(BI11<>"SÍ","",IF(BY11>0,IF(BS11/BY11<=1,1.3,IF(BS11/BY11>=1.5,1,1.3-0.6*(BS11/BY11-1))),0)) -> 0 | DS11: =IF(BI11<>"SÍ","",IF(BZ11>0,IF(BS11/BZ11<=1,1.3,IF(BS11/BZ11>=1.5,1,1.3-0.6*(BS11/BZ11-1))),0)) -> 0 | DT11: =IF(BI11<>"SÍ","",IF(CA11>0,IF(BS11/CA11<=1,1.3,IF(BS11/CA11>=1.5,1,1.3-0.6*(BS11/CA11-1))),0)) -> 0 | DU11: =IF(BI11<>"SÍ","",IF(OR(DM11<=0,BW11<DATOS!$C$72-0.0001),0,DATOS!$C$86*MAX(0,IF(BM11>=0,DD11/(DATOS!$C$86*DM11*BT11*BW11*100/1000)*(DP11*DO11-1)+DN11,DO11*DN11))*DM11*BT11*BW11*100/1000)) -> 0 | DV11: =IF(BI11<>"SÍ","",IF(OR(DM11<=0,BX11<DATOS!$C$72-0.0001),0,DATOS!$C$86*MAX(0,IF(BM11>=0,DE11/(DATOS!$C$86*DM11*BT11*BX11*100/1000)*(DQ11*DO11-1)+DN11,DO11*DN11))*DM11*BT11*BX11*100/1000)) -> 0 | DW11: =IF(BI11<>"SÍ","",IF(OR(DM11<=0,BY11<DATOS!$C$72-0.0001),0,DATOS!$C$86*MAX(0,IF(BM11>=0,DF11/(DATOS!$C$86*DM11*BT11*BY11*100/1000)*(DR11*DO11-1)+DN11,DO11*DN11))*DM11*BT11*BY11*100/1000)) -> 0 | DX11: =IF(BI11<>"SÍ","",IF(OR(DM11<=0,BZ11<DATOS!$C$72-0.0001),0,DATOS!$C$86*MAX(0,IF(BM11>=0,DG11/(DATOS!$C$86*DM11*BT11*BZ11*100/1000)*(DS11*DO11-1)+DN11,DO11*DN11))*DM11*BT11*BZ11*100/1000)) -> 0 | DY11: =IF(BI11<>"SÍ","",IF(OR(DM11<=0,CA11<DATOS!$C$72-0.0001),0,DATOS!$C$86*MAX(0,IF(BM11>=0,DH11/(DATOS!$C$86*DM11*BT11*CA11*100/1000)*(DT11*DO11-1)+DN11,DO11*DN11))*DM11*BT11*CA11*100/1000)) -> 0 | DZ11: =IF(BI11<>"SÍ","",SUM(DU11:DY11)) -> 0 | EA11: =IF(BI11<>"SÍ","",IF(OR(AE11="",AE11="NINGUNO"),IF(DATOS!$C$41>=10,"FALTA refuerzo horizontal: v'm ≥ 10 kg/cm² (6.5.2.2)",IF(AND(BM11<0,BK11>0),"FALTA: P en tensión, el refuerzo debe tomar todo el cortante (6.5.1.3)","—")),IF(AE11="ESCALERILLA","NO CUENTA: la escalerilla no se permite para cortante por sismo (6.5.3.1.2)",IF(AE11="MALLA",IF(AND(DL11>=2.5,DL11<=MAX(0.15*DATOS!$C$33*DATOS!$C$24,2.5)),"CUMPLE","NO CUMPLE: "&IF(DL11<2.5,"p_h·f_yh < 2.5 (6.5.4.2.4)","p_h·f_yh > 0.15·f'm·f_an (6.5.4.2.4)")),IF(AND(DK11<=MIN(6*DATOS!$C$26,45),DL11>=3,DL11<=MIN(MAX(0.15*DATOS!$C$33*DATOS!$C$24,3),0.05*DATOS!$C$25/10*MIN(DATOS!$C$50,6000)/DK11),INDEX(TABLAS!$C$6:$C$14,MATCH(IF(AG11<>"",AG11,DATOS!$C$73),TABLAS!$B$6:$B$14,0))>=0.35,INDEX(TABLAS!$C$6:$C$14,MATCH(IF(AG11<>"",AG11,DATOS!$C$73),TABLAS!$B$6:$B$14,0))<=0.75*DATOS!$C$25/10),"CUMPLE","NO CUMPLE: "&IF(DK11>MIN(6*DATOS!$C$26,45),"s_h > 6 hiladas o 45 cm (6.5.3.2.1) ","")&IF(DL11<3,"p_h·f_yh < 3 (6.5.3.3.1) ","")&IF(DL11>MIN(MAX(0.15*DATOS!$C$33*DATOS!$C$24,3),0.05*DATOS!$C$25/10*MIN(DATOS!$C$50,6000)/DK11),"p_h·f_yh > máximo (6.5.3.3.2) ","")&IF(OR(INDEX(TABLAS!$C$6:$C$14,MATCH(IF(AG11<>"",AG11,DATOS!$C$73),TABLAS!$B$6:$B$14,0))<0.35,INDEX(TABLAS!$C$6:$C$14,MATCH(IF(AG11<>"",AG11,DATOS!$C$73),TABLAS!$B$6:$B$14,0))>0.75*DATOS!$C$25/10),"diámetro fuera de 3.5 mm a 0.75·h_j (4.2.2.2.1)","")))))) -> — | EB11: =IF(BI11<>"SÍ","",DI11+DZ11) -> 6.9989063 | EC11: =IF(BI11<>"SÍ","",IF(EB11>0,BK11/EB11,IF(BK11>0,99,0))) -> 0.85727681 | ED11: =IF(BI11<>"SÍ","",IF(CE11<=0,-1,IF(BK11<=DI11,0,IF(IF(BM11>=0,IF((DATOS!$C$86*IF(AE11="MALLA",0.5,IF(DATOS!$C$33<=60,0.55,IF(DATOS!$C$33>=90,0.75,0.55+0.2*(DATOS!$C$33-60)/30)))*CE11/1000-DATOS!$C$91*SUMPRODUCT(DP11:DT11,DD11:DH11))<=0,1E9,(BK11-SUMPRODUCT(DP11:DT11,DD11:DH11))/(DATOS!$C$86*IF(AE11="MALLA",0.5,IF(DATOS!$C$33<=60,0.55,IF(DATOS!$C$33>=90,0.75,0.55+0.2*(DATOS!$C$33-60)/30)))*CE11/1000-DATOS!$C$91*SUMPRODUCT(DP11:DT11,DD11:DH11))),IF((1-4*DATOS!$C$91*BK11*1000/(DATOS!$C$86*IF(AE11="MALLA",0.5,IF(DATOS!$C$33<=60,0.55,IF(DATOS!$C$33>=90,0.75,0.55+0.2*(DATOS!$C$33-60)/30)))*MAX(CE11,1)))<0,1E9,(1-SQRT((1-4*DATOS!$C$91*BK11*1000/(DATOS!$C$86*IF(AE11="MALLA",0.5,IF(DATOS!$C$33<=60,0.55,IF(DATOS!$C$33>=90,0.75,0.55+0.2*(DATOS!$C$33-60)/30)))*MAX(CE11,1)))))/(2*DATOS!$C$91)))>0.1*DATOS!$C$33*DATOS!$C$24+0.000001,-1,MAX(IF(AE11="MALLA",2.5,3),IF(BM11>=0,IF((DATOS!$C$86*IF(AE11="MALLA",0.5,IF(DATOS!$C$33<=60,0.55,IF(DATOS!$C$33>=90,0.75,0.55+0.2*(DATOS!$C$33-60)/30)))*CE11/1000-DATOS!$C$91*SUMPRODUCT(DP11:DT11,DD11:DH11))<=0,1E9,(BK11-SUMPRODUCT(DP11:DT11,DD11:DH11))/(DATOS!$C$86*IF(AE11="MALLA",0.5,IF(DATOS!$C$33<=60,0.55,IF(DATOS!$C$33>=90,0.75,0.55+0.2*(DATOS!$C$33-60)/30)))*CE11/1000-DATOS!$C$91*SUMPRODUCT(DP11:DT11,DD11:DH11))),IF((1-4*DATOS!$C$91*BK11*1000/(DATOS!$C$86*IF(AE11="MALLA",0.5,IF(DATOS!$C$33<=60,0.55,IF(DATOS!$C$33>=90,0.75,0.55+0.2*(DATOS!$C$33-60)/30)))*MAX(CE11,1)))<0,1E9,(1-SQRT((1-4*DATOS!$C$91*BK11*1000/(DATOS!$C$86*IF(AE11="MALLA",0.5,IF(DATOS!$C$33<=60,0.55,IF(DATOS!$C$33>=90,0.75,0.55+0.2*(DATOS!$C$33-60)/30)))*MAX(CE11,1)))))/(2*DATOS!$C$91)))))))) -> 0 | EE11: =IF(BI11<>"SÍ","",IF(ED11=0,"NO REQUIERE: V_mR ≥ V_u",IF(ED11<0,"NO ALCANZA con refuerzo horizontal (haría falta más de 0.1·f'm·f_an efectivo): sube v'm con ensayes, el espesor o la longitud del muro",IF(AND(OR(AE11="VARILLA EN JUNTAS",AE11="MALLA"),LEFT(EA11,6)="CUMPLE",EC11<=1),"YA LO TIENE (pide p_h·f_yh ≥ "&TEXT(ED11,"0.0")&" kg/cm²)","p_h·f_yh ≥ "&TEXT(ED11,"0.0")&" kg/cm² → "&IF(AND(MIN(6,FLOOR(45/DATOS!$C$26,1),FLOOR((2*INDEX(TABLAS!$D$6:$D$14,MATCH("3/16 in",TABLAS!$B$6:$B$14,0)))*MIN(DATOS!$C$50,6000)/(BT11*DATOS!$C$26*MAX(ED11,0.001)),1))>=1,((2*INDEX(TABLAS!$D$6:$D$14,MATCH("3/16 in",TABLAS!$B$6:$B$14,0)))*MIN(DATOS!$C$50,6000)/(MAX(MIN(6,FLOOR(45/DATOS!$C$26,1),FLOOR((2*INDEX(TABLAS!$D$6:$D$14,MATCH("3/16 in",TABLAS!$B$6:$B$14,0)))*MIN(DATOS!$C$50,6000)/(BT11*DATOS!$C$26*MAX(ED11,0.001)),1)),1)*DATOS!$C$26*BT11))<=MIN(MAX(0.15*DATOS!$C$33*DATOS!$C$24,3),0.05*DATOS!$C$25/10*MIN(DATOS!$C$50,6000)/(MIN(6,FLOOR(45/DATOS!$C$26,1),FLOOR((2*INDEX(TABLAS!$D$6:$D$14,MATCH("3/16 in",TABLAS!$B$6:$B$14,0)))*MIN(DATOS!$C$50,6000)/(BT11*DATOS!$C$26*MAX(ED11,0.001)),1))*DATOS!$C$26))),"2 alambres de 3/16"" por junta cada "&MIN(6,FLOOR(45/DATOS!$C$26,1),FLOOR((2*INDEX(TABLAS!$D$6:$D$14,MATCH("3/16 in",TABLAS!$B$6:$B$14,0)))*MIN(DATOS!$C$50,6000)/(BT11*DATOS!$C$26*MAX(ED11,0.001)),1))&" hilada(s) (p_h·f_yh = "&TEXT(((2*INDEX(TABLAS!$D$6:$D$14,MATCH("3/16 in",TABLAS!$B$6:$B$14,0)))*MIN(DATOS!$C$50,6000)/(MAX(MIN(6,FLOOR(45/DATOS!$C$26,1),FLOOR((2*INDEX(TABLAS!$D$6:$D$14,MATCH("3/16 in",TABLAS!$B$6:$B$14,0)))*MIN(DATOS!$C$50,6000)/(BT11*DATOS!$C$26*MAX(ED11,0.001)),1)),1)*DATOS!$C$26*BT11)),"0.00")&")",IF(AND(MIN(6,FLOOR(45/DATOS!$C$26,1),FLOOR((2*INDEX(TABLAS!$D$6:$D$14,MATCH("5/32 in",TABLAS!$B$6:$B$14,0)))*MIN(DATOS!$C$50,6000)/(BT11*DATOS!$C$26*MAX(ED11,0.001)),1))>=1,((2*INDEX(TABLAS!$D$6:$D$14,MATCH("5/32 in",TABLAS!$B$6:$B$14,0)))*MIN(DATOS!$C$50,6000)/(MAX(MIN(6,FLOOR(45/DATOS!$C$26,1),FLOOR((2*INDEX(TABLAS!$D$6:$D$14,MATCH("5/32 in",TABLAS!$B$6:$B$14,0)))*MIN(DATOS!$C$50,6000)/(BT11*DATOS!$C$26*MAX(ED11,0.001)),1)),1)*DATOS!$C$26*BT11))<=MIN(MAX(0.15*DATOS!$C$33*DATOS!$C$24,3),0.05*DATOS!$C$25/10*MIN(DATOS!$C$50,6000)/(MIN(6,FLOOR(45/DATOS!$C$26,1),FLOOR((2*INDEX(TABLAS!$D$6:$D$14,MATCH("5/32 in",TABLAS!$B$6:$B$14,0)))*MIN(DATOS!$C$50,6000)/(BT11*DATOS!$C$26*MAX(ED11,0.001)),1))*DATOS!$C$26))),"2 alambres de 5/32"" por junta cada "&MIN(6,FLOOR(45/DATOS!$C$26,1),FLOOR((2*INDEX(TABLAS!$D$6:$D$14,MATCH("5/32 in",TABLAS!$B$6:$B$14,0)))*MIN(DATOS!$C$50,6000)/(BT11*DATOS!$C$26*MAX(ED11,0.001)),1))&" hilada(s) (p_h·f_yh = "&TEXT(((2*INDEX(TABLAS!$D$6:$D$14,MATCH("5/32 in",TABLAS!$B$6:$B$14,0)))*MIN(DATOS!$C$50,6000)/(MAX(MIN(6,FLOOR(45/DATOS!$C$26,1),FLOOR((2*INDEX(TABLAS!$D$6:$D$14,MATCH("5/32 in",TABLAS!$B$6:$B$14,0)))*MIN(DATOS!$C$50,6000)/(BT11*DATOS!$C$26*MAX(ED11,0.001)),1)),1)*DATOS!$C$26*BT11)),"0.00")&")",IF(AND(MIN(6,FLOOR(45/DATOS!$C$26,1),FLOOR((1*INDEX(TABLAS!$D$6:$D$14,MATCH("3/16 in",TABLAS!$B$6:$B$14,0)))*MIN(DATOS!$C$50,6000)/(BT11*DATOS!$C$26*MAX(ED11,0.001)),1))>=1,((1*INDEX(TABLAS!$D$6:$D$14,MATCH("3/16 in",TABLAS!$B$6:$B$14,0)))*MIN(DATOS!$C$50,6000)/(MAX(MIN(6,FLOOR(45/DATOS!$C$26,1),FLOOR((1*INDEX(TABLAS!$D$6:$D$14,MATCH("3/16 in",TABLAS!$B$6:$B$14,0)))*MIN(DATOS!$C$50,6000)/(BT11*DATOS!$C$26*MAX(ED11,0.001)),1)),1)*DATOS!$C$26*BT11))<=MIN(MAX(0.15*DATOS!$C$33*DATOS!$C$24,3),0.05*DATOS!$C$25/10*MIN(DATOS!$C$50,6000)/(MIN(6,FLOOR(45/DATOS!$C$26,1),FLOOR((1*INDEX(TABLAS!$D$6:$D$14,MATCH("3/16 in",TABLAS!$B$6:$B$14,0)))*MIN(DATOS!$C$50,6000)/(BT11*DATOS!$C$26*MAX(ED11,0.001)),1))*DATOS!$C$26))),"1 alambre de 3/16"" por junta cada "&MIN(6,FLOOR(45/DATOS!$C$26,1),FLOOR((1*INDEX(TABLAS!$D$6:$D$14,MATCH("3/16 in",TABLAS!$B$6:$B$14,0)))*MIN(DATOS!$C$50,6000)/(BT11*DATOS!$C$26*MAX(ED11,0.001)),1))&" hilada(s) (p_h·f_yh = "&TEXT(((1*INDEX(TABLAS!$D$6:$D$14,MATCH("3/16 in",TABLAS!$B$6:$B$14,0)))*MIN(DATOS!$C$50,6000)/(MAX(MIN(6,FLOOR(45/DATOS!$C$26,1),FLOOR((1*INDEX(TABLAS!$D$6:$D$14,MATCH("3/16 in",TABLAS!$B$6:$B$14,0)))*MIN(DATOS!$C$50,6000)/(BT11*DATOS!$C$26*MAX(ED11,0.001)),1)),1)*DATOS!$C$26*BT11)),"0.00")&")",IF(AND(MIN(6,FLOOR(45/DATOS!$C$26,1),FLOOR((1*INDEX(TABLAS!$D$6:$D$14,MATCH("5/32 in",TABLAS!$B$6:$B$14,0)))*MIN(DATOS!$C$50,6000)/(BT11*DATOS!$C$26*MAX(ED11,0.001)),1))>=1,((1*INDEX(TABLAS!$D$6:$D$14,MATCH("5/32 in",TABLAS!$B$6:$B$14,0)))*MIN(DATOS!$C$50,6000)/(MAX(MIN(6,FLOOR(45/DATOS!$C$26,1),FLOOR((1*INDEX(TABLAS!$D$6:$D$14,MATCH("5/32 in",TABLAS!$B$6:$B$14,0)))*MIN(DATOS!$C$50,6000)/(BT11*DATOS!$C$26*MAX(ED11,0.001)),1)),1)*DATOS!$C$26*BT11))<=MIN(MAX(0.15*DATOS!$C$33*DATOS!$C$24,3),0.05*DATOS!$C$25/10*MIN(DATOS!$C$50,6000)/(MIN(6,FLOOR(45/DATOS!$C$26,1),FLOOR((1*INDEX(TABLAS!$D$6:$D$14,MATCH("5/32 in",TABLAS!$B$6:$B$14,0)))*MIN(DATOS!$C$50,6000)/(BT11*DATOS!$C$26*MAX(ED11,0.001)),1))*DATOS!$C$26))),"1 alambre de 5/32"" por junta cada "&MIN(6,FLOOR(45/DATOS!$C$26,1),FLOOR((1*INDEX(TABLAS!$D$6:$D$14,MATCH("5/32 in",TABLAS!$B$6:$B$14,0)))*MIN(DATOS!$C$50,6000)/(BT11*DATOS!$C$26*MAX(ED11,0.001)),1))&" hilada(s) (p_h·f_yh = "&TEXT(((1*INDEX(TABLAS!$D$6:$D$14,MATCH("5/32 in",TABLAS!$B$6:$B$14,0)))*MIN(DATOS!$C$50,6000)/(MAX(MIN(6,FLOOR(45/DATOS!$C$26,1),FLOOR((1*INDEX(TABLAS!$D$6:$D$14,MATCH("5/32 in",TABLAS!$B$6:$B$14,0)))*MIN(DATOS!$C$50,6000)/(BT11*DATOS!$C$26*MAX(ED11,0.001)),1)),1)*DATOS!$C$26*BT11)),"0.00")&")","ninguna combinación de 1 o 2 alambres por junta queda entre el mínimo y el máximo: revisa con malla (6.5.4)")))))))) -> NO REQUIERE: V_mR ≥ V_u | EF11: =IF(BI11<>"SÍ","",IF(AI11="SÍ",N(AK11)*N(AL11)^3/12,0)) -> 0 | EG11: =IF(BI11<>"SÍ","",IF(AND(AI11="SÍ",N(AM11)>0),MIN(1,F11/AM11),0)) -> 0 | EH11: =IF(BI11<>"SÍ","",IF(AI11="SÍ",BP11*1000/(BT11*F11*100)*BT11*(EG11^4-4*EG11^3+8*EG11),0)) -> 0 | EI11: =IF(BI11<>"SÍ","",IF(AND(AI11="SÍ",EH11>0),EH11/(EH11+5*N(AN11)*10),0)) -> 0 | EJ11: =IF(BI11<>"SÍ","",IF(AND(AI11="SÍ",EI11>0,EF11>0),(DATOS!$C$43*BT11*(AM11*100)^3/(DATOS!$C$53*EF11*EI11))^0.25,0)) -> 0 | EK11: =IF(BI11<>"SÍ","",IF(AI11<>"SÍ",0,IF(N(AM11)<=F11,1,IF(MIN(1,N(AO11)/((AM11-F11)/2))<=0.5,0.7+0.6*MIN(1,N(AO11)/((AM11-F11)/2)),1.5-MIN(1,N(AO11)/((AM11-F11)/2)))))) -> 0 | EL11: =IF(BI11<>"SÍ","",IF(AI11<>"SÍ",0,MAX(1,IF(EG11>=1,(1.6*EJ11-3.9),IF(EG11<0.9,((3.2*EJ11-7.8)*EK11),((3.2*EJ11-7.8)*EK11)+((1.6*EJ11-3.9)-((3.2*EJ11-7.8)*EK11))*(EG11-0.9)/0.1))))) -> 0 | EM11: =IF(BI11<>"SÍ","",IF(AI11="SÍ",EL11*BP11*1000/(BT11*F11*100),0)) -> 0 | EN11: =IF(BI11<>"SÍ","",IF(AND(AI11="SÍ",N(AL11)>0),AM11*100/AL11,0)) -> 0 | EO11: =IF(BI11<>"SÍ","",IF(AI11="SÍ",(1/15*DATOS!$C$53*N(AK11)/MAX((IF(ISNUMBER(AP11),AP11,BP11/DATOS!$C$90)*1000/(BT11*F11*100)*BT11*(EG11^4-4*EG11^3+8*EG11))+5*N(AN11)/DATOS!$C$90*10,0.001))^(1/3),0)) -> 0 | EP11: =IF(BI11<>"SÍ","",IF(AI11<>"SÍ","—",IF(OR(N(AK11)<=0,N(AL11)<=0,N(AM11)<=0),"REVISAR: faltan b, h o L_v de la viga",IF(AND(EM11<=DATOS!$C$87*DATOS!$C$33,EN11<=14,N(AL11)>=25,EN11<=EO11),IF(BS11/F11<0.6,"PENDIENTE: H/L < 0.6, falta el análisis de interacción muro–viga (4.1.18.2.1); f_CM es estimado","CUMPLE"),"NO CUMPLE: "&IF(EM11>DATOS!$C$87*DATOS!$C$33,"f_CM > F_R·f'm ","")&IF(EN11>14,"L_v/h_v > 14 ","")&IF(N(AL11)<25,"h_v < 25 cm ","")&IF(EN11>EO11,"flecha (4.1.18.3)",""))))) -> — | EQ11: =IF(BI11<>"SÍ","",MAX(0,F11*BS11-(N(K11)*N(M11)+N(P11)*N(R11)+N(U11)*N(W11)+N(Z11)*N(AB11))-CK11*DATOS!$C$59/100*BS11)) -> 8.875 | ER11: =IF(BI11<>"SÍ","",CK11*DATOS!$C$59*DATOS!$C$60/10000*BS11) -> 0.16875 | ES11: =IF(BI11<>"SÍ","",CK11*(DATOS!$C$61*(BS11+0.6)*INDEX(TABLAS!$E$6:$E$14,MATCH(DATOS!$C$62,TABLAS!$B$6:$B$14,0))+(2*ROUNDUP(CN11/DATOS!$C$65,0)+ROUNDUP(MAX(0,BS11*100-2*CN11)/DATOS!$C$64,0))*((2*(DATOS!$C$60+DATOS!$C$59-4*(DATOS!$C$66-INDEX(TABLAS!$C$6:$C$14,MATCH(DATOS!$C$63,TABLAS!$B$6:$B$14,0))))+15)/100)*INDEX(TABLAS!$E$6:$E$14,MATCH(DATOS!$C$63,TABLAS!$B$6:$B$14,0)))) -> 30.88423 | ET11: =IF(BI11<>"SÍ","",IF(OR(AE11="VARILLA EN JUNTAS",AE11="ESCALERILLA"),INT(BS11*100/MAX(DK11,1))*IF(ISNUMBER(AF11),AF11,2)*CB11*INDEX(TABLAS!$E$6:$E$14,MATCH(IF(AG11<>"",AG11,DATOS!$C$73),TABLAS!$B$6:$B$14,0)),IF(AE11="MALLA",IF(ISNUMBER(AF11),AF11,1)*CB11*BS11*INDEX(TABLAS!$E$19:$E$22,MATCH(IF(AG11<>"",AG11,DATOS!$C$74),TABLAS!$B$19:$B$22,0)),0))) -> 0 | EU11: =IF(BI11<>"SÍ","",""&IF(BJ11="NO ESTÁ EN PIER_FORCES","sin fuerzas en PIER_FORCES; ","")&IF(BV11<>"CUMPLE","vanos; ","")&IF(LEFT(CH11,2)="NO","espesor o esbeltez; ","")&IF(CQ11>1,"compresión; ","")&IF(CX11>1,"flexión; ","")&IF(CB11<=0,"sin tramos de muro (todos son machones menores que L mín.: diséñalos como columnas o baja L mín.); ",IF(EC11>1,"cortante; ",""))&IF(OR(LEFT(EA11,2)="NO",LEFT(EA11,5)="FALTA"),"refuerzo horizontal; ","")&IF(OR(LEFT(EP11,2)="NO",LEFT(EP11,7)="REVISAR"),"muro sobre viga; ","")&IF(LEFT(DATOS!$C$81,2)="NO","castillo típico; ","")&IF(LEFT(DATOS!$C$82,2)="NO","dala típica; ","")&IF(AND(BT11<>DATOS!$C$58,DATOS!$C$60<BT11),"castillo más angosto que el muro; ","")) | EV11: =IF(BI11<>"SÍ","",""&IF(LEFT(EP11,9)="PENDIENTE","análisis muro–viga (H/L < 0.6); ","")&IF(BR11>50,"V_u casi todo por carga vertical; ","")&IF(OR(LEFT(DATOS!$C$42,9)="PENDIENTE",LEFT(DATOS!$C$34,9)="PENDIENTE"),"v'm provisional; ","")&IF(OR(LEFT(DATOS!$C$42,2)="NO",LEFT(DATOS!$C$34,2)="NO"),"f'm o v'm no válido; ","")) -> v'm provisional; | EW11: =IF(BI11<>"SÍ","",IF(EU11<>"","NO CUMPLE: "&LEFT(EU11,LEN(EU11)-2),IF(EV11<>"","CUMPLE — PENDIENTE: "&LEFT(EV11,LEN(EV11)-2),"CUMPLE"))) -> CUMPLE — PENDIENTE: v'm provisional | EX11: Ejemplo: muro sin vanos.
A12: =IF(B12="","",ROW()-10) -> 2 | B12: M-2 | C12: N1 | D12: Y | E12: EXTREMO | F12: 5 | I12: PUERTA | J12: 0.4 | K12: 0.9 | L12: 0 | M12: 2.1 | N12: VENTANA | O12: 2.3 | P12: 1.5 | Q12: 0.9 | R12: 1.2 | AE12: NINGUNO | AI12: NO | AQ12: 5.5 | AR12: 12 | AS12: 9 | AT12: 22 | AX12: =IF(B12="","",C12&"|"&B12) -> N1|M-2 | AY12: =IF(B12="","",COUNTIFS(PIER_FORCES!$O$9:$O$3008,2,PIER_FORCES!$P$9:$P$3008,1)) -> 0 | AZ12: =IF(B12="","",COUNTIFS(PIER_FORCES!$O$9:$O$3008,2,PIER_FORCES!$P$9:$P$3008,2)) -> 0 | BA12: =IF(N(AY12)=0,0,SUMPRODUCT(MAX((PIER_FORCES!$O$9:$O$3008=2)*(PIER_FORCES!$P$9:$P$3008=1)*PIER_FORCES!$R$9:$R$3008))) -> 0 | BB12: =IF(N(AY12)=0,0,SUMPRODUCT(MAX((PIER_FORCES!$O$9:$O$3008=2)*(PIER_FORCES!$P$9:$P$3008=1)*PIER_FORCES!$S$9:$S$3008))) -> 0 | BC12: =IF(N(AY12)=0,0,-SUMPRODUCT(MAX((PIER_FORCES!$O$9:$O$3008=2)*(PIER_FORCES!$P$9:$P$3008=1)*(-PIER_FORCES!$Q$9:$Q$3008)+(1-(PIER_FORCES!$O$9:$O$3008=2)*(PIER_FORCES!$P$9:$P$3008=1))*(-1E9)))) -> 0 | BD12: =IF(N(AY12)=0,0,SUMPRODUCT(MAX((PIER_FORCES!$O$9:$O$3008=2)*(PIER_FORCES!$P$9:$P$3008=1)*PIER_FORCES!$Q$9:$Q$3008+(1-(PIER_FORCES!$O$9:$O$3008=2)*(PIER_FORCES!$P$9:$P$3008=1))*(-1E9)))) -> 0 | BE12: =IF(N(AZ12)=0,BD12,SUMPRODUCT(MAX((PIER_FORCES!$O$9:$O$3008=2)*(PIER_FORCES!$P$9:$P$3008=2)*PIER_FORCES!$Q$9:$Q$3008+(1-(PIER_FORCES!$O$9:$O$3008=2)*(PIER_FORCES!$P$9:$P$3008=2))*(-1E9)))) -> 0 | BF12: =IF(N(AZ12)=0,0,SUMPRODUCT(MAX((PIER_FORCES!$O$9:$O$3008=2)*(PIER_FORCES!$P$9:$P$3008=2)*PIER_FORCES!$R$9:$R$3008))) -> 0 | BG12: =IF(N(AY12)=0,0,SUMPRODUCT(MAX((PIER_FORCES!$O$9:$O$3008=2)*(PIER_FORCES!$P$9:$P$3008=1)*(ABS(PIER_FORCES!$R$9:$R$3008-BA12)<0.000001)*PIER_FORCES!$T$9:$T$3008))) -> 0 | BH12: =IF(N(BG12)=0,"",INDEX(PIER_FORCES!$D$9:$D$3008,BG12)&" "&INDEX(PIER_FORCES!$F$9:$F$3008,BG12)&" / "&INDEX(PIER_FORCES!$G$9:$G$3008,BG12)) | BI12: =IF(B12="","",IF(AND(C12<>"",OR(D12="X",D12="Y"),ISNUMBER(F12),N(F12)>0),"SÍ","NO")) -> SÍ | BJ12: =IF(BI12<>"SÍ","",IF(DATOS!$C$108="ETABS (PIER_FORCES)",IF(N(AY12)>0,"ETABS","NO ESTÁ EN PIER_FORCES"),"CAPTURA")) -> CAPTURA | BK12: =IF(BI12<>"SÍ","",IF(BJ12="ETABS",BA12,IF(BJ12="CAPTURA",N(AQ12),0))) -> 5.5 | BL12: =IF(BI12<>"SÍ","",IF(BJ12="ETABS",BB12,IF(BJ12="CAPTURA",N(AR12),0))) -> 12 | BM12: =IF(BI12<>"SÍ","",IF(BJ12="ETABS",BC12/DATOS!$C$89,IF(BJ12="CAPTURA",N(AS12),0))) -> 9 | BN12: =IF(BI12<>"SÍ","",IF(BJ12="ETABS",BC12,IF(BJ12="CAPTURA",IF(ISNUMBER(AU12),AU12,N(AS12)*DATOS!$C$89),0))) -> 9.9 | BO12: =IF(BI12<>"SÍ","",IF(BJ12="ETABS",MAX(BD12,BE12),IF(BJ12="CAPTURA",N(AT12),0))) -> 22 | BP12: =IF(BI12<>"SÍ","",IF(BJ12="ETABS",BE12,IF(BJ12="CAPTURA",IF(ISNUMBER(AV12),AV12,N(AT12)),0))) -> 22 | BQ12: =IF(BI12<>"SÍ","",IF(BJ12="ETABS",BF12,IF(BJ12="CAPTURA",N(AW12),0))) -> 0 | BR12: =IF(BI12<>"SÍ","",IF(BK12>0,100*BQ12/BK12,0)) -> 0 | BS12: =IF(BI12<>"SÍ","",IF(ISNUMBER(G12),G12,DATOS!$C$57)) -> 2.5 | BT12: =IF(BI12<>"SÍ","",IF(ISNUMBER(H12),H12,DATOS!$C$58)) -> 15 | BU12: =IF(BI12<>"SÍ","",IF(N(K12)>0,1+IF(N(P12)>0,1+IF(N(U12)>0,1+IF(N(Z12)>0,1,0),0),0),0)) -> 2 | BV12: =IF(BI12<>"SÍ","",IF(AND(OR(BU12<1,AND(N(J12)>=0-0.001,J12+K12<=F12+0.001,N(L12)>=0,N(L12)+N(M12)<=BS12+0.001,N(M12)>0,OR(I12="PUERTA",I12="VENTANA"))),OR(BU12<2,AND(N(O12)>=(J12+K12)-0.001,O12+P12<=F12+0.001,N(Q12)>=0,N(Q12)+N(R12)<=BS12+0.001,N(R12)>0,OR(N12="PUERTA",N12="VENTANA"))),OR(BU12<3,AND(N(T12)>=(O12+P12)-0.001,T12+U12<=F12+0.001,N(V12)>=0,N(V12)+N(W12)<=BS12+0.001,N(W12)>0,OR(S12="PUERTA",S12="VENTANA"))),OR(BU12<4,AND(N(Y12)>=(T12+U12)-0.001,Y12+Z12<=F12+0.001,N(AA12)>=0,N(AA12)+N(AB12)<=BS12+0.001,N(AB12)>0,OR(X12="PUERTA",X12="VENTANA"))),(N(K12)>0)+(N(P12)>0)+(N(U12)>0)+(N(Z12)>0)=BU12),"CUMPLE","REVISAR VANOS: tipo, orden de izquierda a derecha, que quepan en L y en H")) -> CUMPLE | BW12: =IF(BI12<>"SÍ","",MAX(0,IF(BU12>=1,N(J12),F12))) -> 0.4 | BX12: =IF(BI12<>"SÍ","",MAX(0,IF(BU12>=2,N(O12)-(N(J12)+N(K12)),IF(BU12=1,F12-(N(J12)+N(K12)),0)))) -> 1 | BY12: =IF(BI12<>"SÍ","",MAX(0,IF(BU12>=3,N(T12)-(N(O12)+N(P12)),IF(BU12=2,F12-(N(O12)+N(P12)),0)))) -> 1.2 | BZ12: =IF(BI12<>"SÍ","",MAX(0,IF(BU12>=4,N(Y12)-(N(T12)+N(U12)),IF(BU12=3,F12-(N(T12)+N(U12)),0)))) -> 0 | CA12: =IF(BI12<>"SÍ","",MAX(0,IF(BU12=4,F12-(N(Y12)+N(Z12)),0))) -> 0 | CB12: =IF(BI12<>"SÍ","",SUMPRODUCT((BW12:CA12>=DATOS!$C$72-0.0001)*BW12:CA12)) -> 2.6 | CC12: =IF(BI12<>"SÍ","",SUMPRODUCT(--(BW12:CA12>=DATOS!$C$72-0.0001))) -> 3 | CD12: =IF(BI12<>"SÍ","",SUM(BW12:CA12)) -> 2.6 | CE12: =IF(BI12<>"SÍ","",BT12*CB12*100) -> 3900 | CF12: =IF(BI12<>"SÍ","",BT12*CD12*100) -> 3900 | CG12: =IF(BI12<>"SÍ","",BS12*100/BT12) -> 16.666667 | CH12: =IF(BI12<>"SÍ","",IF(AND(OR(DATOS!$C$14="TIPO II",BT12>=12),CG12<=25),"CUMPLE","NO CUMPLE: "&IF(AND(DATOS!$C$14="TIPO I",BT12<12),"t < 12 cm ","")&IF(CG12>25,"H/t > 25",""))) -> CUMPLE | CI12: =IF(BI12<>"SÍ","",MIN(1.5*BS12,4)) -> 3.75 | CJ12: =IF(BI12<>"SÍ","",SUMPRODUCT((BW12:CA12>=2*DATOS!$C$59/100)*INT((BW12:CA12-DATOS!$C$59/100)/CI12-0.000001)*((BW12:CA12-DATOS!$C$59/100)>0))) -> 0 | CK12: =IF(BI12<>"SÍ","",SUMPRODUCT((BW12:CA12>0.0001)*1+(BW12:CA12>=2*DATOS!$C$59/100)*1)+CJ12) -> 6 | CL12: =IF(BI12<>"SÍ","",IF(ISNUMBER(AC12),AC12,DATOS!$C$61)*INDEX(TABLAS!$D$6:$D$14,MATCH(IF(AD12<>"",AD12,DATOS!$C$62),TABLAS!$B$6:$B$14,0))) -> 2.84 | CM12: =IF(BI12<>"SÍ","",CK12*DATOS!$C$78+IF(CK12>=2,2,CK12)*(CL12-DATOS!$C$78)) -> 17.04 | CN12: =IF(BI12<>"SÍ","",MAX(BS12*100/6,40)) -> 41.666667 | CO12: =IF(BI12<>"SÍ","",IF(CG12<=20,IF(E12="INTERIOR",0.7,0.6),MIN(IF(E12="INTERIOR",0.7,0.6),(1-2/24)*(1-(IF(E12="INTERIOR",0.8,1)*CG12/30)^2)))) -> 0.6 | CP12: =IF(BI12<>"SÍ","",DATOS!$C$87*CO12*(DATOS!$C$33*CF12+CM12*DATOS!$C$48)/1000) -> 95.96448 | CQ12: =IF(BI12<>"SÍ","",IF(CP12>0,BO12/CP12,99)) -> 0.22925149 | CR12: =IF(BI12<>"SÍ","",MAX(0,F12*100-DATOS!$C$59)) -> 485 | CS12: =IF(BI12<>"SÍ","",MAX(0,F12*100-DATOS!$C$59/2)) -> 492.5 | CT12: =IF(BI12<>"SÍ","",CL12*DATOS!$C$48*CR12/100000) -> 57.8508 | CU12: =IF(BI12<>"SÍ","",IF(BN12<0,0.8*CT12*MAX(0,1+BN12/(0.8*CM12*DATOS!$C$48/1000)),IF(BN12<=CP12/3,0.8*CT12+0.3*BN12*CS12/100,(1.5*0.6*CT12+0.15*CP12*CS12/100)*MAX(0,1-BN12/CP12)))) -> 60.90789 | CV12: =IF(BI12<>"SÍ","",IF(BO12<0,0.8*CT12*MAX(0,1+BO12/(0.8*CM12*DATOS!$C$48/1000)),IF(BO12<=CP12/3,0.8*CT12+0.3*BO12*CS12/100,(1.5*0.6*CT12+0.15*CP12*CS12/100)*MAX(0,1-BO12/CP12)))) -> 78.78564 | CW12: =IF(BI12<>"SÍ","",MAX(0,MIN(CU12,CV12))) -> 60.90789 | CX12: =IF(BI12<>"SÍ","",IF(CW12>0,BL12/CW12,IF(BL12>0,99,0))) -> 0.19701881 | CY12: =IF(BI12<>"SÍ","",IF(BW12>0,MAX(1,MIN(1.5,1.5-0.625*(BS12/BW12-0.2))),0)) -> 1 | CZ12: =IF(BI12<>"SÍ","",IF(BX12>0,MAX(1,MIN(1.5,1.5-0.625*(BS12/BX12-0.2))),0)) -> 1 | DA12: =IF(BI12<>"SÍ","",IF(BY12>0,MAX(1,MIN(1.5,1.5-0.625*(BS12/BY12-0.2))),0)) -> 1 | DB12: =IF(BI12<>"SÍ","",IF(BZ12>0,MAX(1,MIN(1.5,1.5-0.625*(BS12/BZ12-0.2))),0)) -> 0 | DC12: =IF(BI12<>"SÍ","",IF(CA12>0,MAX(1,MIN(1.5,1.5-0.625*(BS12/CA12-0.2))),0)) -> 0 | DD12: =IF(BI12<>"SÍ","",IF(OR(BW12<DATOS!$C$72-0.0001,BM12<0,CB12<=0),0,MIN(DATOS!$C$86*(0.5*DATOS!$C$41*BT12*BW12*100+0.3*BM12*BW12/CB12*1000)*CY12,1.5*DATOS!$C$86*DATOS!$C$41*BT12*BW12*100*CY12)/1000)) -> 0.71076923 | DE12: =IF(BI12<>"SÍ","",IF(OR(BX12<DATOS!$C$72-0.0001,BM12<0,CB12<=0),0,MIN(DATOS!$C$86*(0.5*DATOS!$C$41*BT12*BX12*100+0.3*BM12*BX12/CB12*1000)*CZ12,1.5*DATOS!$C$86*DATOS!$C$41*BT12*BX12*100*CZ12)/1000)) -> 1.7769231 | DF12: =IF(BI12<>"SÍ","",IF(OR(BY12<DATOS!$C$72-0.0001,BM12<0,CB12<=0),0,MIN(DATOS!$C$86*(0.5*DATOS!$C$41*BT12*BY12*100+0.3*BM12*BY12/CB12*1000)*DA12,1.5*DATOS!$C$86*DATOS!$C$41*BT12*BY12*100*DA12)/1000)) -> 2.1323077 | DG12: =IF(BI12<>"SÍ","",IF(OR(BZ12<DATOS!$C$72-0.0001,BM12<0,CB12<=0),0,MIN(DATOS!$C$86*(0.5*DATOS!$C$41*BT12*BZ12*100+0.3*BM12*BZ12/CB12*1000)*DB12,1.5*DATOS!$C$86*DATOS!$C$41*BT12*BZ12*100*DB12)/1000)) -> 0 | DH12: =IF(BI12<>"SÍ","",IF(OR(CA12<DATOS!$C$72-0.0001,BM12<0,CB12<=0),0,MIN(DATOS!$C$86*(0.5*DATOS!$C$41*BT12*CA12*100+0.3*BM12*CA12/CB12*1000)*DC12,1.5*DATOS!$C$86*DATOS!$C$41*BT12*CA12*100*DC12)/1000)) -> 0 | DI12: =IF(BI12<>"SÍ","",SUM(DD12:DH12)) -> 4.62 | DJ12: =IF(BI12<>"SÍ","",IF(AE12="VARILLA EN JUNTAS",IF(ISNUMBER(AF12),AF12,2)*INDEX(TABLAS!$D$6:$D$14,MATCH(IF(AG12<>"",AG12,DATOS!$C$73),TABLAS!$B$6:$B$14,0)),IF(AE12="MALLA",IF(ISNUMBER(AF12),AF12,1)*INDEX(TABLAS!$D$19:$D$22,MATCH(IF(AG12<>"",AG12,DATOS!$C$74),TABLAS!$B$19:$B$22,0))/100,IF(AE12="ESCALERILLA",IF(ISNUMBER(AF12),AF12,2)*INDEX(TABLAS!$D$6:$D$14,MATCH(IF(AG12<>"",AG12,DATOS!$C$73),TABLAS!$B$6:$B$14,0)),0)))) -> 0 | DK12: =IF(BI12<>"SÍ","",IF(OR(AE12="VARILLA EN JUNTAS",AE12="ESCALERILLA"),IF(ISNUMBER(AH12),AH12,2)*DATOS!$C$26,IF(AE12="MALLA",1,0))) -> 0 | DL12: =IF(BI12<>"SÍ","",IF(DK12>0,DJ12/(DK12*BT12)*MIN(DATOS!$C$50,IF(AE12="MALLA",5000,6000)),0)) -> 0 | DM12: =IF(BI12<>"SÍ","",IF(AE12="ESCALERILLA",0,MIN(DL12,0.1*DATOS!$C$33*DATOS!$C$24))) -> 0 | DN12: =IF(BI12<>"SÍ","",IF(AE12="MALLA",0.5,IF(DATOS!$C$33<=60,0.55,IF(DATOS!$C$33>=90,0.75,0.55+0.2*(DATOS!$C$33-60)/30)))) -> 0.55 | DO12: =IF(BI12<>"SÍ","",1-DATOS!$C$91*DM12) -> 1 | DP12: =IF(BI12<>"SÍ","",IF(BW12>0,IF(BS12/BW12<=1,1.3,IF(BS12/BW12>=1.5,1,1.3-0.6*(BS12/BW12-1))),0)) -> 1 | DQ12: =IF(BI12<>"SÍ","",IF(BX12>0,IF(BS12/BX12<=1,1.3,IF(BS12/BX12>=1.5,1,1.3-0.6*(BS12/BX12-1))),0)) -> 1 | DR12: =IF(BI12<>"SÍ","",IF(BY12>0,IF(BS12/BY12<=1,1.3,IF(BS12/BY12>=1.5,1,1.3-0.6*(BS12/BY12-1))),0)) -> 1 | DS12: =IF(BI12<>"SÍ","",IF(BZ12>0,IF(BS12/BZ12<=1,1.3,IF(BS12/BZ12>=1.5,1,1.3-0.6*(BS12/BZ12-1))),0)) -> 0 | DT12: =IF(BI12<>"SÍ","",IF(CA12>0,IF(BS12/CA12<=1,1.3,IF(BS12/CA12>=1.5,1,1.3-0.6*(BS12/CA12-1))),0)) -> 0 | DU12: =IF(BI12<>"SÍ","",IF(OR(DM12<=0,BW12<DATOS!$C$72-0.0001),0,DATOS!$C$86*MAX(0,IF(BM12>=0,DD12/(DATOS!$C$86*DM12*BT12*BW12*100/1000)*(DP12*DO12-1)+DN12,DO12*DN12))*DM12*BT12*BW12*100/1000)) -> 0 | DV12: =IF(BI12<>"SÍ","",IF(OR(DM12<=0,BX12<DATOS!$C$72-0.0001),0,DATOS!$C$86*MAX(0,IF(BM12>=0,DE12/(DATOS!$C$86*DM12*BT12*BX12*100/1000)*(DQ12*DO12-1)+DN12,DO12*DN12))*DM12*BT12*BX12*100/1000)) -> 0 | DW12: =IF(BI12<>"SÍ","",IF(OR(DM12<=0,BY12<DATOS!$C$72-0.0001),0,DATOS!$C$86*MAX(0,IF(BM12>=0,DF12/(DATOS!$C$86*DM12*BT12*BY12*100/1000)*(DR12*DO12-1)+DN12,DO12*DN12))*DM12*BT12*BY12*100/1000)) -> 0 | DX12: =IF(BI12<>"SÍ","",IF(OR(DM12<=0,BZ12<DATOS!$C$72-0.0001),0,DATOS!$C$86*MAX(0,IF(BM12>=0,DG12/(DATOS!$C$86*DM12*BT12*BZ12*100/1000)*(DS12*DO12-1)+DN12,DO12*DN12))*DM12*BT12*BZ12*100/1000)) -> 0 | DY12: =IF(BI12<>"SÍ","",IF(OR(DM12<=0,CA12<DATOS!$C$72-0.0001),0,DATOS!$C$86*MAX(0,IF(BM12>=0,DH12/(DATOS!$C$86*DM12*BT12*CA12*100/1000)*(DT12*DO12-1)+DN12,DO12*DN12))*DM12*BT12*CA12*100/1000)) -> 0 | DZ12: =IF(BI12<>"SÍ","",SUM(DU12:DY12)) -> 0 | EA12: =IF(BI12<>"SÍ","",IF(OR(AE12="",AE12="NINGUNO"),IF(DATOS!$C$41>=10,"FALTA refuerzo horizontal: v'm ≥ 10 kg/cm² (6.5.2.2)",IF(AND(BM12<0,BK12>0),"FALTA: P en tensión, el refuerzo debe tomar todo el cortante (6.5.1.3)","—")),IF(AE12="ESCALERILLA","NO CUENTA: la escalerilla no se permite para cortante por sismo (6.5.3.1.2)",IF(AE12="MALLA",IF(AND(DL12>=2.5,DL12<=MAX(0.15*DATOS!$C$33*DATOS!$C$24,2.5)),"CUMPLE","NO CUMPLE: "&IF(DL12<2.5,"p_h·f_yh < 2.5 (6.5.4.2.4)","p_h·f_yh > 0.15·f'm·f_an (6.5.4.2.4)")),IF(AND(DK12<=MIN(6*DATOS!$C$26,45),DL12>=3,DL12<=MIN(MAX(0.15*DATOS!$C$33*DATOS!$C$24,3),0.05*DATOS!$C$25/10*MIN(DATOS!$C$50,6000)/DK12),INDEX(TABLAS!$C$6:$C$14,MATCH(IF(AG12<>"",AG12,DATOS!$C$73),TABLAS!$B$6:$B$14,0))>=0.35,INDEX(TABLAS!$C$6:$C$14,MATCH(IF(AG12<>"",AG12,DATOS!$C$73),TABLAS!$B$6:$B$14,0))<=0.75*DATOS!$C$25/10),"CUMPLE","NO CUMPLE: "&IF(DK12>MIN(6*DATOS!$C$26,45),"s_h > 6 hiladas o 45 cm (6.5.3.2.1) ","")&IF(DL12<3,"p_h·f_yh < 3 (6.5.3.3.1) ","")&IF(DL12>MIN(MAX(0.15*DATOS!$C$33*DATOS!$C$24,3),0.05*DATOS!$C$25/10*MIN(DATOS!$C$50,6000)/DK12),"p_h·f_yh > máximo (6.5.3.3.2) ","")&IF(OR(INDEX(TABLAS!$C$6:$C$14,MATCH(IF(AG12<>"",AG12,DATOS!$C$73),TABLAS!$B$6:$B$14,0))<0.35,INDEX(TABLAS!$C$6:$C$14,MATCH(IF(AG12<>"",AG12,DATOS!$C$73),TABLAS!$B$6:$B$14,0))>0.75*DATOS!$C$25/10),"diámetro fuera de 3.5 mm a 0.75·h_j (4.2.2.2.1)","")))))) -> — | EB12: =IF(BI12<>"SÍ","",DI12+DZ12) -> 4.62 | EC12: =IF(BI12<>"SÍ","",IF(EB12>0,BK12/EB12,IF(BK12>0,99,0))) -> 1.1904762 | ED12: =IF(BI12<>"SÍ","",IF(CE12<=0,-1,IF(BK12<=DI12,0,IF(IF(BM12>=0,IF((DATOS!$C$86*IF(AE12="MALLA",0.5,IF(DATOS!$C$33<=60,0.55,IF(DATOS!$C$33>=90,0.75,0.55+0.2*(DATOS!$C$33-60)/30)))*CE12/1000-DATOS!$C$91*SUMPRODUCT(DP12:DT12,DD12:DH12))<=0,1E9,(BK12-SUMPRODUCT(DP12:DT12,DD12:DH12))/(DATOS!$C$86*IF(AE12="MALLA",0.5,IF(DATOS!$C$33<=60,0.55,IF(DATOS!$C$33>=90,0.75,0.55+0.2*(DATOS!$C$33-60)/30)))*CE12/1000-DATOS!$C$91*SUMPRODUCT(DP12:DT12,DD12:DH12))),IF((1-4*DATOS!$C$91*BK12*1000/(DATOS!$C$86*IF(AE12="MALLA",0.5,IF(DATOS!$C$33<=60,0.55,IF(DATOS!$C$33>=90,0.75,0.55+0.2*(DATOS!$C$33-60)/30)))*MAX(CE12,1)))<0,1E9,(1-SQRT((1-4*DATOS!$C$91*BK12*1000/(DATOS!$C$86*IF(AE12="MALLA",0.5,IF(DATOS!$C$33<=60,0.55,IF(DATOS!$C$33>=90,0.75,0.55+0.2*(DATOS!$C$33-60)/30)))*MAX(CE12,1)))))/(2*DATOS!$C$91)))>0.1*DATOS!$C$33*DATOS!$C$24+0.000001,-1,MAX(IF(AE12="MALLA",2.5,3),IF(BM12>=0,IF((DATOS!$C$86*IF(AE12="MALLA",0.5,IF(DATOS!$C$33<=60,0.55,IF(DATOS!$C$33>=90,0.75,0.55+0.2*(DATOS!$C$33-60)/30)))*CE12/1000-DATOS!$C$91*SUMPRODUCT(DP12:DT12,DD12:DH12))<=0,1E9,(BK12-SUMPRODUCT(DP12:DT12,DD12:DH12))/(DATOS!$C$86*IF(AE12="MALLA",0.5,IF(DATOS!$C$33<=60,0.55,IF(DATOS!$C$33>=90,0.75,0.55+0.2*(DATOS!$C$33-60)/30)))*CE12/1000-DATOS!$C$91*SUMPRODUCT(DP12:DT12,DD12:DH12))),IF((1-4*DATOS!$C$91*BK12*1000/(DATOS!$C$86*IF(AE12="MALLA",0.5,IF(DATOS!$C$33<=60,0.55,IF(DATOS!$C$33>=90,0.75,0.55+0.2*(DATOS!$C$33-60)/30)))*MAX(CE12,1)))<0,1E9,(1-SQRT((1-4*DATOS!$C$91*BK12*1000/(DATOS!$C$86*IF(AE12="MALLA",0.5,IF(DATOS!$C$33<=60,0.55,IF(DATOS!$C$33>=90,0.75,0.55+0.2*(DATOS!$C$33-60)/30)))*MAX(CE12,1)))))/(2*DATOS!$C$91)))))))) -> 3 | EE12: =IF(BI12<>"SÍ","",IF(ED12=0,"NO REQUIERE: V_mR ≥ V_u",IF(ED12<0,"NO ALCANZA con refuerzo horizontal (haría falta más de 0.1·f'm·f_an efectivo): sube v'm con ensayes, el espesor o la longitud del muro",IF(AND(OR(AE12="VARILLA EN JUNTAS",AE12="MALLA"),LEFT(EA12,6)="CUMPLE",EC12<=1),"YA LO TIENE (pide p_h·f_yh ≥ "&TEXT(ED12,"0.0")&" kg/cm²)","p_h·f_yh ≥ "&TEXT(ED12,"0.0")&" kg/cm² → "&IF(AND(MIN(6,FLOOR(45/DATOS!$C$26,1),FLOOR((2*INDEX(TABLAS!$D$6:$D$14,MATCH("3/16 in",TABLAS!$B$6:$B$14,0)))*MIN(DATOS!$C$50,6000)/(BT12*DATOS!$C$26*MAX(ED12,0.001)),1))>=1,((2*INDEX(TABLAS!$D$6:$D$14,MATCH("3/16 in",TABLAS!$B$6:$B$14,0)))*MIN(DATOS!$C$50,6000)/(MAX(MIN(6,FLOOR(45/DATOS!$C$26,1),FLOOR((2*INDEX(TABLAS!$D$6:$D$14,MATCH("3/16 in",TABLAS!$B$6:$B$14,0)))*MIN(DATOS!$C$50,6000)/(BT12*DATOS!$C$26*MAX(ED12,0.001)),1)),1)*DATOS!$C$26*BT12))<=MIN(MAX(0.15*DATOS!$C$33*DATOS!$C$24,3),0.05*DATOS!$C$25/10*MIN(DATOS!$C$50,6000)/(MIN(6,FLOOR(45/DATOS!$C$26,1),FLOOR((2*INDEX(TABLAS!$D$6:$D$14,MATCH("3/16 in",TABLAS!$B$6:$B$14,0)))*MIN(DATOS!$C$50,6000)/(BT12*DATOS!$C$26*MAX(ED12,0.001)),1))*DATOS!$C$26))),"2 alambres de 3/16"" por junta cada "&MIN(6,FLOOR(45/DATOS!$C$26,1),FLOOR((2*INDEX(TABLAS!$D$6:$D$14,MATCH("3/16 in",TABLAS!$B$6:$B$14,0)))*MIN(DATOS!$C$50,6000)/(BT12*DATOS!$C$26*MAX(ED12,0.001)),1))&" hilada(s) (p_h·f_yh = "&TEXT(((2*INDEX(TABLAS!$D$6:$D$14,MATCH("3/16 in",TABLAS!$B$6:$B$14,0)))*MIN(DATOS!$C$50,6000)/(MAX(MIN(6,FLOOR(45/DATOS!$C$26,1),FLOOR((2*INDEX(TABLAS!$D$6:$D$14,MATCH("3/16 in",TABLAS!$B$6:$B$14,0)))*MIN(DATOS!$C$50,6000)/(BT12*DATOS!$C$26*MAX(ED12,0.001)),1)),1)*DATOS!$C$26*BT12)),"0.00")&")",IF(AND(MIN(6,FLOOR(45/DATOS!$C$26,1),FLOOR((2*INDEX(TABLAS!$D$6:$D$14,MATCH("5/32 in",TABLAS!$B$6:$B$14,0)))*MIN(DATOS!$C$50,6000)/(BT12*DATOS!$C$26*MAX(ED12,0.001)),1))>=1,((2*INDEX(TABLAS!$D$6:$D$14,MATCH("5/32 in",TABLAS!$B$6:$B$14,0)))*MIN(DATOS!$C$50,6000)/(MAX(MIN(6,FLOOR(45/DATOS!$C$26,1),FLOOR((2*INDEX(TABLAS!$D$6:$D$14,MATCH("5/32 in",TABLAS!$B$6:$B$14,0)))*MIN(DATOS!$C$50,6000)/(BT12*DATOS!$C$26*MAX(ED12,0.001)),1)),1)*DATOS!$C$26*BT12))<=MIN(MAX(0.15*DATOS!$C$33*DATOS!$C$24,3),0.05*DATOS!$C$25/10*MIN(DATOS!$C$50,6000)/(MIN(6,FLOOR(45/DATOS!$C$26,1),FLOOR((2*INDEX(TABLAS!$D$6:$D$14,MATCH("5/32 in",TABLAS!$B$6:$B$14,0)))*MIN(DATOS!$C$50,6000)/(BT12*DATOS!$C$26*MAX(ED12,0.001)),1))*DATOS!$C$26))),"2 alambres de 5/32"" por junta cada "&MIN(6,FLOOR(45/DATOS!$C$26,1),FLOOR((2*INDEX(TABLAS!$D$6:$D$14,MATCH("5/32 in",TABLAS!$B$6:$B$14,0)))*MIN(DATOS!$C$50,6000)/(BT12*DATOS!$C$26*MAX(ED12,0.001)),1))&" hilada(s) (p_h·f_yh = "&TEXT(((2*INDEX(TABLAS!$D$6:$D$14,MATCH("5/32 in",TABLAS!$B$6:$B$14,0)))*MIN(DATOS!$C$50,6000)/(MAX(MIN(6,FLOOR(45/DATOS!$C$26,1),FLOOR((2*INDEX(TABLAS!$D$6:$D$14,MATCH("5/32 in",TABLAS!$B$6:$B$14,0)))*MIN(DATOS!$C$50,6000)/(BT12*DATOS!$C$26*MAX(ED12,0.001)),1)),1)*DATOS!$C$26*BT12)),"0.00")&")",IF(AND(MIN(6,FLOOR(45/DATOS!$C$26,1),FLOOR((1*INDEX(TABLAS!$D$6:$D$14,MATCH("3/16 in",TABLAS!$B$6:$B$14,0)))*MIN(DATOS!$C$50,6000)/(BT12*DATOS!$C$26*MAX(ED12,0.001)),1))>=1,((1*INDEX(TABLAS!$D$6:$D$14,MATCH("3/16 in",TABLAS!$B$6:$B$14,0)))*MIN(DATOS!$C$50,6000)/(MAX(MIN(6,FLOOR(45/DATOS!$C$26,1),FLOOR((1*INDEX(TABLAS!$D$6:$D$14,MATCH("3/16 in",TABLAS!$B$6:$B$14,0)))*MIN(DATOS!$C$50,6000)/(BT12*DATOS!$C$26*MAX(ED12,0.001)),1)),1)*DATOS!$C$26*BT12))<=MIN(MAX(0.15*DATOS!$C$33*DATOS!$C$24,3),0.05*DATOS!$C$25/10*MIN(DATOS!$C$50,6000)/(MIN(6,FLOOR(45/DATOS!$C$26,1),FLOOR((1*INDEX(TABLAS!$D$6:$D$14,MATCH("3/16 in",TABLAS!$B$6:$B$14,0)))*MIN(DATOS!$C$50,6000)/(BT12*DATOS!$C$26*MAX(ED12,0.001)),1))*DATOS!$C$26))),"1 alambre de 3/16"" por junta cada "&MIN(6,FLOOR(45/DATOS!$C$26,1),FLOOR((1*INDEX(TABLAS!$D$6:$D$14,MATCH("3/16 in",TABLAS!$B$6:$B$14,0)))*MIN(DATOS!$C$50,6000)/(BT12*DATOS!$C$26*MAX(ED12,0.001)),1))&" hilada(s) (p_h·f_yh = "&TEXT(((1*INDEX(TABLAS!$D$6:$D$14,MATCH("3/16 in",TABLAS!$B$6:$B$14,0)))*MIN(DATOS!$C$50,6000)/(MAX(MIN(6,FLOOR(45/DATOS!$C$26,1),FLOOR((1*INDEX(TABLAS!$D$6:$D$14,MATCH("3/16 in",TABLAS!$B$6:$B$14,0)))*MIN(DATOS!$C$50,6000)/(BT12*DATOS!$C$26*MAX(ED12,0.001)),1)),1)*DATOS!$C$26*BT12)),"0.00")&")",IF(AND(MIN(6,FLOOR(45/DATOS!$C$26,1),FLOOR((1*INDEX(TABLAS!$D$6:$D$14,MATCH("5/32 in",TABLAS!$B$6:$B$14,0)))*MIN(DATOS!$C$50,6000)/(BT12*DATOS!$C$26*MAX(ED12,0.001)),1))>=1,((1*INDEX(TABLAS!$D$6:$D$14,MATCH("5/32 in",TABLAS!$B$6:$B$14,0)))*MIN(DATOS!$C$50,6000)/(MAX(MIN(6,FLOOR(45/DATOS!$C$26,1),FLOOR((1*INDEX(TABLAS!$D$6:$D$14,MATCH("5/32 in",TABLAS!$B$6:$B$14,0)))*MIN(DATOS!$C$50,6000)/(BT12*DATOS!$C$26*MAX(ED12,0.001)),1)),1)*DATOS!$C$26*BT12))<=MIN(MAX(0.15*DATOS!$C$33*DATOS!$C$24,3),0.05*DATOS!$C$25/10*MIN(DATOS!$C$50,6000)/(MIN(6,FLOOR(45/DATOS!$C$26,1),FLOOR((1*INDEX(TABLAS!$D$6:$D$14,MATCH("5/32 in",TABLAS!$B$6:$B$14,0)))*MIN(DATOS!$C$50,6000)/(BT12*DATOS!$C$26*MAX(ED12,0.001)),1))*DATOS!$C$26))),"1 alambre de 5/32"" por junta cada "&MIN(6,FLOOR(45/DATOS!$C$26,1),FLOOR((1*INDEX(TABLAS!$D$6:$D$14,MATCH("5/32 in",TABLAS!$B$6:$B$14,0)))*MIN(DATOS!$C$50,6000)/(BT12*DATOS!$C$26*MAX(ED12,0.001)),1))&" hilada(s) (p_h·f_yh = "&TEXT(((1*INDEX(TABLAS!$D$6:$D$14,MATCH("5/32 in",TABLAS!$B$6:$B$14,0)))*MIN(DATOS!$C$50,6000)/(MAX(MIN(6,FLOOR(45/DATOS!$C$26,1),FLOOR((1*INDEX(TABLAS!$D$6:$D$14,MATCH("5/32 in",TABLAS!$B$6:$B$14,0)))*MIN(DATOS!$C$50,6000)/(BT12*DATOS!$C$26*MAX(ED12,0.001)),1)),1)*DATOS!$C$26*BT12)),"0.00")&")","ninguna combinación de 1 o 2 alambres por junta queda entre el mínimo y el máximo: revisa con malla (6.5.4)")))))))) -> p_h·f_yh ≥ 3.0 kg/cm² → 2 alambres de 3/16" por junta cada 2 hilada(s) (p_h·f_yh = 3.56) | EF12: =IF(BI12<>"SÍ","",IF(AI12="SÍ",N(AK12)*N(AL12)^3/12,0)) -> 0 | EG12: =IF(BI12<>"SÍ","",IF(AND(AI12="SÍ",N(AM12)>0),MIN(1,F12/AM12),0)) -> 0 | EH12: =IF(BI12<>"SÍ","",IF(AI12="SÍ",BP12*1000/(BT12*F12*100)*BT12*(EG12^4-4*EG12^3+8*EG12),0)) -> 0 | EI12: =IF(BI12<>"SÍ","",IF(AND(AI12="SÍ",EH12>0),EH12/(EH12+5*N(AN12)*10),0)) -> 0 | EJ12: =IF(BI12<>"SÍ","",IF(AND(AI12="SÍ",EI12>0,EF12>0),(DATOS!$C$43*BT12*(AM12*100)^3/(DATOS!$C$53*EF12*EI12))^0.25,0)) -> 0 | EK12: =IF(BI12<>"SÍ","",IF(AI12<>"SÍ",0,IF(N(AM12)<=F12,1,IF(MIN(1,N(AO12)/((AM12-F12)/2))<=0.5,0.7+0.6*MIN(1,N(AO12)/((AM12-F12)/2)),1.5-MIN(1,N(AO12)/((AM12-F12)/2)))))) -> 0 | EL12: =IF(BI12<>"SÍ","",IF(AI12<>"SÍ",0,MAX(1,IF(EG12>=1,(1.6*EJ12-3.9),IF(EG12<0.9,((3.2*EJ12-7.8)*EK12),((3.2*EJ12-7.8)*EK12)+((1.6*EJ12-3.9)-((3.2*EJ12-7.8)*EK12))*(EG12-0.9)/0.1))))) -> 0 | EM12: =IF(BI12<>"SÍ","",IF(AI12="SÍ",EL12*BP12*1000/(BT12*F12*100),0)) -> 0 | EN12: =IF(BI12<>"SÍ","",IF(AND(AI12="SÍ",N(AL12)>0),AM12*100/AL12,0)) -> 0 | EO12: =IF(BI12<>"SÍ","",IF(AI12="SÍ",(1/15*DATOS!$C$53*N(AK12)/MAX((IF(ISNUMBER(AP12),AP12,BP12/DATOS!$C$90)*1000/(BT12*F12*100)*BT12*(EG12^4-4*EG12^3+8*EG12))+5*N(AN12)/DATOS!$C$90*10,0.001))^(1/3),0)) -> 0 | EP12: =IF(BI12<>"SÍ","",IF(AI12<>"SÍ","—",IF(OR(N(AK12)<=0,N(AL12)<=0,N(AM12)<=0),"REVISAR: faltan b, h o L_v de la viga",IF(AND(EM12<=DATOS!$C$87*DATOS!$C$33,EN12<=14,N(AL12)>=25,EN12<=EO12),IF(BS12/F12<0.6,"PENDIENTE: H/L < 0.6, falta el análisis de interacción muro–viga (4.1.18.2.1); f_CM es estimado","CUMPLE"),"NO CUMPLE: "&IF(EM12>DATOS!$C$87*DATOS!$C$33,"f_CM > F_R·f'm ","")&IF(EN12>14,"L_v/h_v > 14 ","")&IF(N(AL12)<25,"h_v < 25 cm ","")&IF(EN12>EO12,"flecha (4.1.18.3)",""))))) -> — | EQ12: =IF(BI12<>"SÍ","",MAX(0,F12*BS12-(N(K12)*N(M12)+N(P12)*N(R12)+N(U12)*N(W12)+N(Z12)*N(AB12))-CK12*DATOS!$C$59/100*BS12)) -> 6.56 | ER12: =IF(BI12<>"SÍ","",CK12*DATOS!$C$59*DATOS!$C$60/10000*BS12) -> 0.3375 | ES12: =IF(BI12<>"SÍ","",CK12*(DATOS!$C$61*(BS12+0.6)*INDEX(TABLAS!$E$6:$E$14,MATCH(DATOS!$C$62,TABLAS!$B$6:$B$14,0))+(2*ROUNDUP(CN12/DATOS!$C$65,0)+ROUNDUP(MAX(0,BS12*100-2*CN12)/DATOS!$C$64,0))*((2*(DATOS!$C$60+DATOS!$C$59-4*(DATOS!$C$66-INDEX(TABLAS!$C$6:$C$14,MATCH(DATOS!$C$63,TABLAS!$B$6:$B$14,0))))+15)/100)*INDEX(TABLAS!$E$6:$E$14,MATCH(DATOS!$C$63,TABLAS!$B$6:$B$14,0)))) -> 61.768459 | ET12: =IF(BI12<>"SÍ","",IF(OR(AE12="VARILLA EN JUNTAS",AE12="ESCALERILLA"),INT(BS12*100/MAX(DK12,1))*IF(ISNUMBER(AF12),AF12,2)*CB12*INDEX(TABLAS!$E$6:$E$14,MATCH(IF(AG12<>"",AG12,DATOS!$C$73),TABLAS!$B$6:$B$14,0)),IF(AE12="MALLA",IF(ISNUMBER(AF12),AF12,1)*CB12*BS12*INDEX(TABLAS!$E$19:$E$22,MATCH(IF(AG12<>"",AG12,DATOS!$C$74),TABLAS!$B$19:$B$22,0)),0))) -> 0 | EU12: =IF(BI12<>"SÍ","",""&IF(BJ12="NO ESTÁ EN PIER_FORCES","sin fuerzas en PIER_FORCES; ","")&IF(BV12<>"CUMPLE","vanos; ","")&IF(LEFT(CH12,2)="NO","espesor o esbeltez; ","")&IF(CQ12>1,"compresión; ","")&IF(CX12>1,"flexión; ","")&IF(CB12<=0,"sin tramos de muro (todos son machones menores que L mín.: diséñalos como columnas o baja L mín.); ",IF(EC12>1,"cortante; ",""))&IF(OR(LEFT(EA12,2)="NO",LEFT(EA12,5)="FALTA"),"refuerzo horizontal; ","")&IF(OR(LEFT(EP12,2)="NO",LEFT(EP12,7)="REVISAR"),"muro sobre viga; ","")&IF(LEFT(DATOS!$C$81,2)="NO","castillo típico; ","")&IF(LEFT(DATOS!$C$82,2)="NO","dala típica; ","")&IF(AND(BT12<>DATOS!$C$58,DATOS!$C$60<BT12),"castillo más angosto que el muro; ","")) -> cortante; | EV12: =IF(BI12<>"SÍ","",""&IF(LEFT(EP12,9)="PENDIENTE","análisis muro–viga (H/L < 0.6); ","")&IF(BR12>50,"V_u casi todo por carga vertical; ","")&IF(OR(LEFT(DATOS!$C$42,9)="PENDIENTE",LEFT(DATOS!$C$34,9)="PENDIENTE"),"v'm provisional; ","")&IF(OR(LEFT(DATOS!$C$42,2)="NO",LEFT(DATOS!$C$34,2)="NO"),"f'm o v'm no válido; ","")) -> v'm provisional; | EW12: =IF(BI12<>"SÍ","",IF(EU12<>"","NO CUMPLE: "&LEFT(EU12,LEN(EU12)-2),IF(EV12<>"","CUMPLE — PENDIENTE: "&LEFT(EV12,LEN(EV12)-2),"CUMPLE"))) -> NO CUMPLE: cortante | EX12: Ejemplo: muro con puerta y ventana; sin refuerzo horizontal no le alcanza el cortante.
A13: =IF(B13="","",ROW()-10) -> 3 | B13: M-3 | C13: N2 | D13: X | E13: EXTREMO | F13: 3.6 | AE13: NINGUNO | AI13: SÍ | AJ13: T-1 | AK13: 20 | AL13: 45 | AM13: 4 | AN13: 1.2 | AO13: 0 | AQ13: 3 | AR13: 6 | AS13: 4 | AT13: 9 | AX13: =IF(B13="","",C13&"|"&B13) -> N2|M-3 | AY13: =IF(B13="","",COUNTIFS(PIER_FORCES!$O$9:$O$3008,3,PIER_FORCES!$P$9:$P$3008,1)) -> 0 | AZ13: =IF(B13="","",COUNTIFS(PIER_FORCES!$O$9:$O$3008,3,PIER_FORCES!$P$9:$P$3008,2)) -> 0 | BA13: =IF(N(AY13)=0,0,SUMPRODUCT(MAX((PIER_FORCES!$O$9:$O$3008=3)*(PIER_FORCES!$P$9:$P$3008=1)*PIER_FORCES!$R$9:$R$3008))) -> 0 | BB13: =IF(N(AY13)=0,0,SUMPRODUCT(MAX((PIER_FORCES!$O$9:$O$3008=3)*(PIER_FORCES!$P$9:$P$3008=1)*PIER_FORCES!$S$9:$S$3008))) -> 0 | BC13: =IF(N(AY13)=0,0,-SUMPRODUCT(MAX((PIER_FORCES!$O$9:$O$3008=3)*(PIER_FORCES!$P$9:$P$3008=1)*(-PIER_FORCES!$Q$9:$Q$3008)+(1-(PIER_FORCES!$O$9:$O$3008=3)*(PIER_FORCES!$P$9:$P$3008=1))*(-1E9)))) -> 0 | BD13: =IF(N(AY13)=0,0,SUMPRODUCT(MAX((PIER_FORCES!$O$9:$O$3008=3)*(PIER_FORCES!$P$9:$P$3008=1)*PIER_FORCES!$Q$9:$Q$3008+(1-(PIER_FORCES!$O$9:$O$3008=3)*(PIER_FORCES!$P$9:$P$3008=1))*(-1E9)))) -> 0 | BE13: =IF(N(AZ13)=0,BD13,SUMPRODUCT(MAX((PIER_FORCES!$O$9:$O$3008=3)*(PIER_FORCES!$P$9:$P$3008=2)*PIER_FORCES!$Q$9:$Q$3008+(1-(PIER_FORCES!$O$9:$O$3008=3)*(PIER_FORCES!$P$9:$P$3008=2))*(-1E9)))) -> 0 | BF13: =IF(N(AZ13)=0,0,SUMPRODUCT(MAX((PIER_FORCES!$O$9:$O$3008=3)*(PIER_FORCES!$P$9:$P$3008=2)*PIER_FORCES!$R$9:$R$3008))) -> 0 | BG13: =IF(N(AY13)=0,0,SUMPRODUCT(MAX((PIER_FORCES!$O$9:$O$3008=3)*(PIER_FORCES!$P$9:$P$3008=1)*(ABS(PIER_FORCES!$R$9:$R$3008-BA13)<0.000001)*PIER_FORCES!$T$9:$T$3008))) -> 0 | BH13: =IF(N(BG13)=0,"",INDEX(PIER_FORCES!$D$9:$D$3008,BG13)&" "&INDEX(PIER_FORCES!$F$9:$F$3008,BG13)&" / "&INDEX(PIER_FORCES!$G$9:$G$3008,BG13)) | BI13: =IF(B13="","",IF(AND(C13<>"",OR(D13="X",D13="Y"),ISNUMBER(F13),N(F13)>0),"SÍ","NO")) -> SÍ | BJ13: =IF(BI13<>"SÍ","",IF(DATOS!$C$108="ETABS (PIER_FORCES)",IF(N(AY13)>0,"ETABS","NO ESTÁ EN PIER_FORCES"),"CAPTURA")) -> CAPTURA | BK13: =IF(BI13<>"SÍ","",IF(BJ13="ETABS",BA13,IF(BJ13="CAPTURA",N(AQ13),0))) -> 3 | BL13: =IF(BI13<>"SÍ","",IF(BJ13="ETABS",BB13,IF(BJ13="CAPTURA",N(AR13),0))) -> 6 | BM13: =IF(BI13<>"SÍ","",IF(BJ13="ETABS",BC13/DATOS!$C$89,IF(BJ13="CAPTURA",N(AS13),0))) -> 4 | BN13: =IF(BI13<>"SÍ","",IF(BJ13="ETABS",BC13,IF(BJ13="CAPTURA",IF(ISNUMBER(AU13),AU13,N(AS13)*DATOS!$C$89),0))) -> 4.4 | BO13: =IF(BI13<>"SÍ","",IF(BJ13="ETABS",MAX(BD13,BE13),IF(BJ13="CAPTURA",N(AT13),0))) -> 9 | BP13: =IF(BI13<>"SÍ","",IF(BJ13="ETABS",BE13,IF(BJ13="CAPTURA",IF(ISNUMBER(AV13),AV13,N(AT13)),0))) -> 9 | BQ13: =IF(BI13<>"SÍ","",IF(BJ13="ETABS",BF13,IF(BJ13="CAPTURA",N(AW13),0))) -> 0 | BR13: =IF(BI13<>"SÍ","",IF(BK13>0,100*BQ13/BK13,0)) -> 0 | BS13: =IF(BI13<>"SÍ","",IF(ISNUMBER(G13),G13,DATOS!$C$57)) -> 2.5 | BT13: =IF(BI13<>"SÍ","",IF(ISNUMBER(H13),H13,DATOS!$C$58)) -> 15 | BU13: =IF(BI13<>"SÍ","",IF(N(K13)>0,1+IF(N(P13)>0,1+IF(N(U13)>0,1+IF(N(Z13)>0,1,0),0),0),0)) -> 0 | BV13: =IF(BI13<>"SÍ","",IF(AND(OR(BU13<1,AND(N(J13)>=0-0.001,J13+K13<=F13+0.001,N(L13)>=0,N(L13)+N(M13)<=BS13+0.001,N(M13)>0,OR(I13="PUERTA",I13="VENTANA"))),OR(BU13<2,AND(N(O13)>=(J13+K13)-0.001,O13+P13<=F13+0.001,N(Q13)>=0,N(Q13)+N(R13)<=BS13+0.001,N(R13)>0,OR(N13="PUERTA",N13="VENTANA"))),OR(BU13<3,AND(N(T13)>=(O13+P13)-0.001,T13+U13<=F13+0.001,N(V13)>=0,N(V13)+N(W13)<=BS13+0.001,N(W13)>0,OR(S13="PUERTA",S13="VENTANA"))),OR(BU13<4,AND(N(Y13)>=(T13+U13)-0.001,Y13+Z13<=F13+0.001,N(AA13)>=0,N(AA13)+N(AB13)<=BS13+0.001,N(AB13)>0,OR(X13="PUERTA",X13="VENTANA"))),(N(K13)>0)+(N(P13)>0)+(N(U13)>0)+(N(Z13)>0)=BU13),"CUMPLE","REVISAR VANOS: tipo, orden de izquierda a derecha, que quepan en L y en H")) -> CUMPLE | BW13: =IF(BI13<>"SÍ","",MAX(0,IF(BU13>=1,N(J13),F13))) -> 3.6 | BX13: =IF(BI13<>"SÍ","",MAX(0,IF(BU13>=2,N(O13)-(N(J13)+N(K13)),IF(BU13=1,F13-(N(J13)+N(K13)),0)))) -> 0 | BY13: =IF(BI13<>"SÍ","",MAX(0,IF(BU13>=3,N(T13)-(N(O13)+N(P13)),IF(BU13=2,F13-(N(O13)+N(P13)),0)))) -> 0 | BZ13: =IF(BI13<>"SÍ","",MAX(0,IF(BU13>=4,N(Y13)-(N(T13)+N(U13)),IF(BU13=3,F13-(N(T13)+N(U13)),0)))) -> 0 | CA13: =IF(BI13<>"SÍ","",MAX(0,IF(BU13=4,F13-(N(Y13)+N(Z13)),0))) -> 0 | CB13: =IF(BI13<>"SÍ","",SUMPRODUCT((BW13:CA13>=DATOS!$C$72-0.0001)*BW13:CA13)) -> 3.6 | CC13: =IF(BI13<>"SÍ","",SUMPRODUCT(--(BW13:CA13>=DATOS!$C$72-0.0001))) -> 1 | CD13: =IF(BI13<>"SÍ","",SUM(BW13:CA13)) -> 3.6 | CE13: =IF(BI13<>"SÍ","",BT13*CB13*100) -> 5400 | CF13: =IF(BI13<>"SÍ","",BT13*CD13*100) -> 5400 | CG13: =IF(BI13<>"SÍ","",BS13*100/BT13) -> 16.666667 | CH13: =IF(BI13<>"SÍ","",IF(AND(OR(DATOS!$C$14="TIPO II",BT13>=12),CG13<=25),"CUMPLE","NO CUMPLE: "&IF(AND(DATOS!$C$14="TIPO I",BT13<12),"t < 12 cm ","")&IF(CG13>25,"H/t > 25",""))) -> CUMPLE | CI13: =IF(BI13<>"SÍ","",MIN(1.5*BS13,4)) -> 3.75 | CJ13: =IF(BI13<>"SÍ","",SUMPRODUCT((BW13:CA13>=2*DATOS!$C$59/100)*INT((BW13:CA13-DATOS!$C$59/100)/CI13-0.000001)*((BW13:CA13-DATOS!$C$59/100)>0))) -> 0 | CK13: =IF(BI13<>"SÍ","",SUMPRODUCT((BW13:CA13>0.0001)*1+(BW13:CA13>=2*DATOS!$C$59/100)*1)+CJ13) -> 2 | CL13: =IF(BI13<>"SÍ","",IF(ISNUMBER(AC13),AC13,DATOS!$C$61)*INDEX(TABLAS!$D$6:$D$14,MATCH(IF(AD13<>"",AD13,DATOS!$C$62),TABLAS!$B$6:$B$14,0))) -> 2.84 | CM13: =IF(BI13<>"SÍ","",CK13*DATOS!$C$78+IF(CK13>=2,2,CK13)*(CL13-DATOS!$C$78)) -> 5.68 | CN13: =IF(BI13<>"SÍ","",MAX(BS13*100/6,40)) -> 41.666667 | CO13: =IF(BI13<>"SÍ","",IF(CG13<=20,IF(E13="INTERIOR",0.7,0.6),MIN(IF(E13="INTERIOR",0.7,0.6),(1-2/24)*(1-(IF(E13="INTERIOR",0.8,1)*CG13/30)^2)))) -> 0.6 | CP13: =IF(BI13<>"SÍ","",DATOS!$C$87*CO13*(DATOS!$C$33*CF13+CM13*DATOS!$C$48)/1000) -> 105.78816 | CQ13: =IF(BI13<>"SÍ","",IF(CP13>0,BO13/CP13,99)) -> 0.085075683 | CR13: =IF(BI13<>"SÍ","",MAX(0,F13*100-DATOS!$C$59)) -> 345 | CS13: =IF(BI13<>"SÍ","",MAX(0,F13*100-DATOS!$C$59/2)) -> 352.5 | CT13: =IF(BI13<>"SÍ","",CL13*DATOS!$C$48*CR13/100000) -> 41.1516 | CU13: =IF(BI13<>"SÍ","",IF(BN13<0,0.8*CT13*MAX(0,1+BN13/(0.8*CM13*DATOS!$C$48/1000)),IF(BN13<=CP13/3,0.8*CT13+0.3*BN13*CS13/100,(1.5*0.6*CT13+0.15*CP13*CS13/100)*MAX(0,1-BN13/CP13)))) -> 37.57428 | CV13: =IF(BI13<>"SÍ","",IF(BO13<0,0.8*CT13*MAX(0,1+BO13/(0.8*CM13*DATOS!$C$48/1000)),IF(BO13<=CP13/3,0.8*CT13+0.3*BO13*CS13/100,(1.5*0.6*CT13+0.15*CP13*CS13/100)*MAX(0,1-BO13/CP13)))) -> 42.43878 | CW13: =IF(BI13<>"SÍ","",MAX(0,MIN(CU13,CV13))) -> 37.57428 | CX13: =IF(BI13<>"SÍ","",IF(CW13>0,BL13/CW13,IF(BL13>0,99,0))) -> 0.1596837 | CY13: =IF(BI13<>"SÍ","",IF(BW13>0,MAX(1,MIN(1.5,1.5-0.625*(BS13/BW13-0.2))),0)) -> 1.1909722 | CZ13: =IF(BI13<>"SÍ","",IF(BX13>0,MAX(1,MIN(1.5,1.5-0.625*(BS13/BX13-0.2))),0)) -> 0 | DA13: =IF(BI13<>"SÍ","",IF(BY13>0,MAX(1,MIN(1.5,1.5-0.625*(BS13/BY13-0.2))),0)) -> 0 | DB13: =IF(BI13<>"SÍ","",IF(BZ13>0,MAX(1,MIN(1.5,1.5-0.625*(BS13/BZ13-0.2))),0)) -> 0 | DC13: =IF(BI13<>"SÍ","",IF(CA13>0,MAX(1,MIN(1.5,1.5-0.625*(BS13/CA13-0.2))),0)) -> 0 | DD13: =IF(BI13<>"SÍ","",IF(OR(BW13<DATOS!$C$72-0.0001,BM13<0,CB13<=0),0,MIN(DATOS!$C$86*(0.5*DATOS!$C$41*BT13*BW13*100+0.3*BM13*BW13/CB13*1000)*CY13,1.5*DATOS!$C$86*DATOS!$C$41*BT13*BW13*100*CY13)/1000)) -> 5.5022917 | DE13: =IF(BI13<>"SÍ","",IF(OR(BX13<DATOS!$C$72-0.0001,BM13<0,CB13<=0),0,MIN(DATOS!$C$86*(0.5*DATOS!$C$41*BT13*BX13*100+0.3*BM13*BX13/CB13*1000)*CZ13,1.5*DATOS!$C$86*DATOS!$C$41*BT13*BX13*100*CZ13)/1000)) -> 0 | DF13: =IF(BI13<>"SÍ","",IF(OR(BY13<DATOS!$C$72-0.0001,BM13<0,CB13<=0),0,MIN(DATOS!$C$86*(0.5*DATOS!$C$41*BT13*BY13*100+0.3*BM13*BY13/CB13*1000)*DA13,1.5*DATOS!$C$86*DATOS!$C$41*BT13*BY13*100*DA13)/1000)) -> 0 | DG13: =IF(BI13<>"SÍ","",IF(OR(BZ13<DATOS!$C$72-0.0001,BM13<0,CB13<=0),0,MIN(DATOS!$C$86*(0.5*DATOS!$C$41*BT13*BZ13*100+0.3*BM13*BZ13/CB13*1000)*DB13,1.5*DATOS!$C$86*DATOS!$C$41*BT13*BZ13*100*DB13)/1000)) -> 0 | DH13: =IF(BI13<>"SÍ","",IF(OR(CA13<DATOS!$C$72-0.0001,BM13<0,CB13<=0),0,MIN(DATOS!$C$86*(0.5*DATOS!$C$41*BT13*CA13*100+0.3*BM13*CA13/CB13*1000)*DC13,1.5*DATOS!$C$86*DATOS!$C$41*BT13*CA13*100*DC13)/1000)) -> 0 | DI13: =IF(BI13<>"SÍ","",SUM(DD13:DH13)) -> 5.5022917 | DJ13: =IF(BI13<>"SÍ","",IF(AE13="VARILLA EN JUNTAS",IF(ISNUMBER(AF13),AF13,2)*INDEX(TABLAS!$D$6:$D$14,MATCH(IF(AG13<>"",AG13,DATOS!$C$73),TABLAS!$B$6:$B$14,0)),IF(AE13="MALLA",IF(ISNUMBER(AF13),AF13,1)*INDEX(TABLAS!$D$19:$D$22,MATCH(IF(AG13<>"",AG13,DATOS!$C$74),TABLAS!$B$19:$B$22,0))/100,IF(AE13="ESCALERILLA",IF(ISNUMBER(AF13),AF13,2)*INDEX(TABLAS!$D$6:$D$14,MATCH(IF(AG13<>"",AG13,DATOS!$C$73),TABLAS!$B$6:$B$14,0)),0)))) -> 0 | DK13: =IF(BI13<>"SÍ","",IF(OR(AE13="VARILLA EN JUNTAS",AE13="ESCALERILLA"),IF(ISNUMBER(AH13),AH13,2)*DATOS!$C$26,IF(AE13="MALLA",1,0))) -> 0 | DL13: =IF(BI13<>"SÍ","",IF(DK13>0,DJ13/(DK13*BT13)*MIN(DATOS!$C$50,IF(AE13="MALLA",5000,6000)),0)) -> 0 | DM13: =IF(BI13<>"SÍ","",IF(AE13="ESCALERILLA",0,MIN(DL13,0.1*DATOS!$C$33*DATOS!$C$24))) -> 0 | DN13: =IF(BI13<>"SÍ","",IF(AE13="MALLA",0.5,IF(DATOS!$C$33<=60,0.55,IF(DATOS!$C$33>=90,0.75,0.55+0.2*(DATOS!$C$33-60)/30)))) -> 0.55 | DO13: =IF(BI13<>"SÍ","",1-DATOS!$C$91*DM13) -> 1 | DP13: =IF(BI13<>"SÍ","",IF(BW13>0,IF(BS13/BW13<=1,1.3,IF(BS13/BW13>=1.5,1,1.3-0.6*(BS13/BW13-1))),0)) -> 1.3 | DQ13: =IF(BI13<>"SÍ","",IF(BX13>0,IF(BS13/BX13<=1,1.3,IF(BS13/BX13>=1.5,1,1.3-0.6*(BS13/BX13-1))),0)) -> 0 | DR13: =IF(BI13<>"SÍ","",IF(BY13>0,IF(BS13/BY13<=1,1.3,IF(BS13/BY13>=1.5,1,1.3-0.6*(BS13/BY13-1))),0)) -> 0 | DS13: =IF(BI13<>"SÍ","",IF(BZ13>0,IF(BS13/BZ13<=1,1.3,IF(BS13/BZ13>=1.5,1,1.3-0.6*(BS13/BZ13-1))),0)) -> 0 | DT13: =IF(BI13<>"SÍ","",IF(CA13>0,IF(BS13/CA13<=1,1.3,IF(BS13/CA13>=1.5,1,1.3-0.6*(BS13/CA13-1))),0)) -> 0 | DU13: =IF(BI13<>"SÍ","",IF(OR(DM13<=0,BW13<DATOS!$C$72-0.0001),0,DATOS!$C$86*MAX(0,IF(BM13>=0,DD13/(DATOS!$C$86*DM13*BT13*BW13*100/1000)*(DP13*DO13-1)+DN13,DO13*DN13))*DM13*BT13*BW13*100/1000)) -> 0 | DV13: =IF(BI13<>"SÍ","",IF(OR(DM13<=0,BX13<DATOS!$C$72-0.0001),0,DATOS!$C$86*MAX(0,IF(BM13>=0,DE13/(DATOS!$C$86*DM13*BT13*BX13*100/1000)*(DQ13*DO13-1)+DN13,DO13*DN13))*DM13*BT13*BX13*100/1000)) -> 0 | DW13: =IF(BI13<>"SÍ","",IF(OR(DM13<=0,BY13<DATOS!$C$72-0.0001),0,DATOS!$C$86*MAX(0,IF(BM13>=0,DF13/(DATOS!$C$86*DM13*BT13*BY13*100/1000)*(DR13*DO13-1)+DN13,DO13*DN13))*DM13*BT13*BY13*100/1000)) -> 0 | DX13: =IF(BI13<>"SÍ","",IF(OR(DM13<=0,BZ13<DATOS!$C$72-0.0001),0,DATOS!$C$86*MAX(0,IF(BM13>=0,DG13/(DATOS!$C$86*DM13*BT13*BZ13*100/1000)*(DS13*DO13-1)+DN13,DO13*DN13))*DM13*BT13*BZ13*100/1000)) -> 0 | DY13: =IF(BI13<>"SÍ","",IF(OR(DM13<=0,CA13<DATOS!$C$72-0.0001),0,DATOS!$C$86*MAX(0,IF(BM13>=0,DH13/(DATOS!$C$86*DM13*BT13*CA13*100/1000)*(DT13*DO13-1)+DN13,DO13*DN13))*DM13*BT13*CA13*100/1000)) -> 0 | DZ13: =IF(BI13<>"SÍ","",SUM(DU13:DY13)) -> 0 | EA13: =IF(BI13<>"SÍ","",IF(OR(AE13="",AE13="NINGUNO"),IF(DATOS!$C$41>=10,"FALTA refuerzo horizontal: v'm ≥ 10 kg/cm² (6.5.2.2)",IF(AND(BM13<0,BK13>0),"FALTA: P en tensión, el refuerzo debe tomar todo el cortante (6.5.1.3)","—")),IF(AE13="ESCALERILLA","NO CUENTA: la escalerilla no se permite para cortante por sismo (6.5.3.1.2)",IF(AE13="MALLA",IF(AND(DL13>=2.5,DL13<=MAX(0.15*DATOS!$C$33*DATOS!$C$24,2.5)),"CUMPLE","NO CUMPLE: "&IF(DL13<2.5,"p_h·f_yh < 2.5 (6.5.4.2.4)","p_h·f_yh > 0.15·f'm·f_an (6.5.4.2.4)")),IF(AND(DK13<=MIN(6*DATOS!$C$26,45),DL13>=3,DL13<=MIN(MAX(0.15*DATOS!$C$33*DATOS!$C$24,3),0.05*DATOS!$C$25/10*MIN(DATOS!$C$50,6000)/DK13),INDEX(TABLAS!$C$6:$C$14,MATCH(IF(AG13<>"",AG13,DATOS!$C$73),TABLAS!$B$6:$B$14,0))>=0.35,INDEX(TABLAS!$C$6:$C$14,MATCH(IF(AG13<>"",AG13,DATOS!$C$73),TABLAS!$B$6:$B$14,0))<=0.75*DATOS!$C$25/10),"CUMPLE","NO CUMPLE: "&IF(DK13>MIN(6*DATOS!$C$26,45),"s_h > 6 hiladas o 45 cm (6.5.3.2.1) ","")&IF(DL13<3,"p_h·f_yh < 3 (6.5.3.3.1) ","")&IF(DL13>MIN(MAX(0.15*DATOS!$C$33*DATOS!$C$24,3),0.05*DATOS!$C$25/10*MIN(DATOS!$C$50,6000)/DK13),"p_h·f_yh > máximo (6.5.3.3.2) ","")&IF(OR(INDEX(TABLAS!$C$6:$C$14,MATCH(IF(AG13<>"",AG13,DATOS!$C$73),TABLAS!$B$6:$B$14,0))<0.35,INDEX(TABLAS!$C$6:$C$14,MATCH(IF(AG13<>"",AG13,DATOS!$C$73),TABLAS!$B$6:$B$14,0))>0.75*DATOS!$C$25/10),"diámetro fuera de 3.5 mm a 0.75·h_j (4.2.2.2.1)","")))))) -> — | EB13: =IF(BI13<>"SÍ","",DI13+DZ13) -> 5.5022917 | EC13: =IF(BI13<>"SÍ","",IF(EB13>0,BK13/EB13,IF(BK13>0,99,0))) -> 0.54522737 | ED13: =IF(BI13<>"SÍ","",IF(CE13<=0,-1,IF(BK13<=DI13,0,IF(IF(BM13>=0,IF((DATOS!$C$86*IF(AE13="MALLA",0.5,IF(DATOS!$C$33<=60,0.55,IF(DATOS!$C$33>=90,0.75,0.55+0.2*(DATOS!$C$33-60)/30)))*CE13/1000-DATOS!$C$91*SUMPRODUCT(DP13:DT13,DD13:DH13))<=0,1E9,(BK13-SUMPRODUCT(DP13:DT13,DD13:DH13))/(DATOS!$C$86*IF(AE13="MALLA",0.5,IF(DATOS!$C$33<=60,0.55,IF(DATOS!$C$33>=90,0.75,0.55+0.2*(DATOS!$C$33-60)/30)))*CE13/1000-DATOS!$C$91*SUMPRODUCT(DP13:DT13,DD13:DH13))),IF((1-4*DATOS!$C$91*BK13*1000/(DATOS!$C$86*IF(AE13="MALLA",0.5,IF(DATOS!$C$33<=60,0.55,IF(DATOS!$C$33>=90,0.75,0.55+0.2*(DATOS!$C$33-60)/30)))*MAX(CE13,1)))<0,1E9,(1-SQRT((1-4*DATOS!$C$91*BK13*1000/(DATOS!$C$86*IF(AE13="MALLA",0.5,IF(DATOS!$C$33<=60,0.55,IF(DATOS!$C$33>=90,0.75,0.55+0.2*(DATOS!$C$33-60)/30)))*MAX(CE13,1)))))/(2*DATOS!$C$91)))>0.1*DATOS!$C$33*DATOS!$C$24+0.000001,-1,MAX(IF(AE13="MALLA",2.5,3),IF(BM13>=0,IF((DATOS!$C$86*IF(AE13="MALLA",0.5,IF(DATOS!$C$33<=60,0.55,IF(DATOS!$C$33>=90,0.75,0.55+0.2*(DATOS!$C$33-60)/30)))*CE13/1000-DATOS!$C$91*SUMPRODUCT(DP13:DT13,DD13:DH13))<=0,1E9,(BK13-SUMPRODUCT(DP13:DT13,DD13:DH13))/(DATOS!$C$86*IF(AE13="MALLA",0.5,IF(DATOS!$C$33<=60,0.55,IF(DATOS!$C$33>=90,0.75,0.55+0.2*(DATOS!$C$33-60)/30)))*CE13/1000-DATOS!$C$91*SUMPRODUCT(DP13:DT13,DD13:DH13))),IF((1-4*DATOS!$C$91*BK13*1000/(DATOS!$C$86*IF(AE13="MALLA",0.5,IF(DATOS!$C$33<=60,0.55,IF(DATOS!$C$33>=90,0.75,0.55+0.2*(DATOS!$C$33-60)/30)))*MAX(CE13,1)))<0,1E9,(1-SQRT((1-4*DATOS!$C$91*BK13*1000/(DATOS!$C$86*IF(AE13="MALLA",0.5,IF(DATOS!$C$33<=60,0.55,IF(DATOS!$C$33>=90,0.75,0.55+0.2*(DATOS!$C$33-60)/30)))*MAX(CE13,1)))))/(2*DATOS!$C$91)))))))) -> 0 | EE13: =IF(BI13<>"SÍ","",IF(ED13=0,"NO REQUIERE: V_mR ≥ V_u",IF(ED13<0,"NO ALCANZA con refuerzo horizontal (haría falta más de 0.1·f'm·f_an efectivo): sube v'm con ensayes, el espesor o la longitud del muro",IF(AND(OR(AE13="VARILLA EN JUNTAS",AE13="MALLA"),LEFT(EA13,6)="CUMPLE",EC13<=1),"YA LO TIENE (pide p_h·f_yh ≥ "&TEXT(ED13,"0.0")&" kg/cm²)","p_h·f_yh ≥ "&TEXT(ED13,"0.0")&" kg/cm² → "&IF(AND(MIN(6,FLOOR(45/DATOS!$C$26,1),FLOOR((2*INDEX(TABLAS!$D$6:$D$14,MATCH("3/16 in",TABLAS!$B$6:$B$14,0)))*MIN(DATOS!$C$50,6000)/(BT13*DATOS!$C$26*MAX(ED13,0.001)),1))>=1,((2*INDEX(TABLAS!$D$6:$D$14,MATCH("3/16 in",TABLAS!$B$6:$B$14,0)))*MIN(DATOS!$C$50,6000)/(MAX(MIN(6,FLOOR(45/DATOS!$C$26,1),FLOOR((2*INDEX(TABLAS!$D$6:$D$14,MATCH("3/16 in",TABLAS!$B$6:$B$14,0)))*MIN(DATOS!$C$50,6000)/(BT13*DATOS!$C$26*MAX(ED13,0.001)),1)),1)*DATOS!$C$26*BT13))<=MIN(MAX(0.15*DATOS!$C$33*DATOS!$C$24,3),0.05*DATOS!$C$25/10*MIN(DATOS!$C$50,6000)/(MIN(6,FLOOR(45/DATOS!$C$26,1),FLOOR((2*INDEX(TABLAS!$D$6:$D$14,MATCH("3/16 in",TABLAS!$B$6:$B$14,0)))*MIN(DATOS!$C$50,6000)/(BT13*DATOS!$C$26*MAX(ED13,0.001)),1))*DATOS!$C$26))),"2 alambres de 3/16"" por junta cada "&MIN(6,FLOOR(45/DATOS!$C$26,1),FLOOR((2*INDEX(TABLAS!$D$6:$D$14,MATCH("3/16 in",TABLAS!$B$6:$B$14,0)))*MIN(DATOS!$C$50,6000)/(BT13*DATOS!$C$26*MAX(ED13,0.001)),1))&" hilada(s) (p_h·f_yh = "&TEXT(((2*INDEX(TABLAS!$D$6:$D$14,MATCH("3/16 in",TABLAS!$B$6:$B$14,0)))*MIN(DATOS!$C$50,6000)/(MAX(MIN(6,FLOOR(45/DATOS!$C$26,1),FLOOR((2*INDEX(TABLAS!$D$6:$D$14,MATCH("3/16 in",TABLAS!$B$6:$B$14,0)))*MIN(DATOS!$C$50,6000)/(BT13*DATOS!$C$26*MAX(ED13,0.001)),1)),1)*DATOS!$C$26*BT13)),"0.00")&")",IF(AND(MIN(6,FLOOR(45/DATOS!$C$26,1),FLOOR((2*INDEX(TABLAS!$D$6:$D$14,MATCH("5/32 in",TABLAS!$B$6:$B$14,0)))*MIN(DATOS!$C$50,6000)/(BT13*DATOS!$C$26*MAX(ED13,0.001)),1))>=1,((2*INDEX(TABLAS!$D$6:$D$14,MATCH("5/32 in",TABLAS!$B$6:$B$14,0)))*MIN(DATOS!$C$50,6000)/(MAX(MIN(6,FLOOR(45/DATOS!$C$26,1),FLOOR((2*INDEX(TABLAS!$D$6:$D$14,MATCH("5/32 in",TABLAS!$B$6:$B$14,0)))*MIN(DATOS!$C$50,6000)/(BT13*DATOS!$C$26*MAX(ED13,0.001)),1)),1)*DATOS!$C$26*BT13))<=MIN(MAX(0.15*DATOS!$C$33*DATOS!$C$24,3),0.05*DATOS!$C$25/10*MIN(DATOS!$C$50,6000)/(MIN(6,FLOOR(45/DATOS!$C$26,1),FLOOR((2*INDEX(TABLAS!$D$6:$D$14,MATCH("5/32 in",TABLAS!$B$6:$B$14,0)))*MIN(DATOS!$C$50,6000)/(BT13*DATOS!$C$26*MAX(ED13,0.001)),1))*DATOS!$C$26))),"2 alambres de 5/32"" por junta cada "&MIN(6,FLOOR(45/DATOS!$C$26,1),FLOOR((2*INDEX(TABLAS!$D$6:$D$14,MATCH("5/32 in",TABLAS!$B$6:$B$14,0)))*MIN(DATOS!$C$50,6000)/(BT13*DATOS!$C$26*MAX(ED13,0.001)),1))&" hilada(s) (p_h·f_yh = "&TEXT(((2*INDEX(TABLAS!$D$6:$D$14,MATCH("5/32 in",TABLAS!$B$6:$B$14,0)))*MIN(DATOS!$C$50,6000)/(MAX(MIN(6,FLOOR(45/DATOS!$C$26,1),FLOOR((2*INDEX(TABLAS!$D$6:$D$14,MATCH("5/32 in",TABLAS!$B$6:$B$14,0)))*MIN(DATOS!$C$50,6000)/(BT13*DATOS!$C$26*MAX(ED13,0.001)),1)),1)*DATOS!$C$26*BT13)),"0.00")&")",IF(AND(MIN(6,FLOOR(45/DATOS!$C$26,1),FLOOR((1*INDEX(TABLAS!$D$6:$D$14,MATCH("3/16 in",TABLAS!$B$6:$B$14,0)))*MIN(DATOS!$C$50,6000)/(BT13*DATOS!$C$26*MAX(ED13,0.001)),1))>=1,((1*INDEX(TABLAS!$D$6:$D$14,MATCH("3/16 in",TABLAS!$B$6:$B$14,0)))*MIN(DATOS!$C$50,6000)/(MAX(MIN(6,FLOOR(45/DATOS!$C$26,1),FLOOR((1*INDEX(TABLAS!$D$6:$D$14,MATCH("3/16 in",TABLAS!$B$6:$B$14,0)))*MIN(DATOS!$C$50,6000)/(BT13*DATOS!$C$26*MAX(ED13,0.001)),1)),1)*DATOS!$C$26*BT13))<=MIN(MAX(0.15*DATOS!$C$33*DATOS!$C$24,3),0.05*DATOS!$C$25/10*MIN(DATOS!$C$50,6000)/(MIN(6,FLOOR(45/DATOS!$C$26,1),FLOOR((1*INDEX(TABLAS!$D$6:$D$14,MATCH("3/16 in",TABLAS!$B$6:$B$14,0)))*MIN(DATOS!$C$50,6000)/(BT13*DATOS!$C$26*MAX(ED13,0.001)),1))*DATOS!$C$26))),"1 alambre de 3/16"" por junta cada "&MIN(6,FLOOR(45/DATOS!$C$26,1),FLOOR((1*INDEX(TABLAS!$D$6:$D$14,MATCH("3/16 in",TABLAS!$B$6:$B$14,0)))*MIN(DATOS!$C$50,6000)/(BT13*DATOS!$C$26*MAX(ED13,0.001)),1))&" hilada(s) (p_h·f_yh = "&TEXT(((1*INDEX(TABLAS!$D$6:$D$14,MATCH("3/16 in",TABLAS!$B$6:$B$14,0)))*MIN(DATOS!$C$50,6000)/(MAX(MIN(6,FLOOR(45/DATOS!$C$26,1),FLOOR((1*INDEX(TABLAS!$D$6:$D$14,MATCH("3/16 in",TABLAS!$B$6:$B$14,0)))*MIN(DATOS!$C$50,6000)/(BT13*DATOS!$C$26*MAX(ED13,0.001)),1)),1)*DATOS!$C$26*BT13)),"0.00")&")",IF(AND(MIN(6,FLOOR(45/DATOS!$C$26,1),FLOOR((1*INDEX(TABLAS!$D$6:$D$14,MATCH("5/32 in",TABLAS!$B$6:$B$14,0)))*MIN(DATOS!$C$50,6000)/(BT13*DATOS!$C$26*MAX(ED13,0.001)),1))>=1,((1*INDEX(TABLAS!$D$6:$D$14,MATCH("5/32 in",TABLAS!$B$6:$B$14,0)))*MIN(DATOS!$C$50,6000)/(MAX(MIN(6,FLOOR(45/DATOS!$C$26,1),FLOOR((1*INDEX(TABLAS!$D$6:$D$14,MATCH("5/32 in",TABLAS!$B$6:$B$14,0)))*MIN(DATOS!$C$50,6000)/(BT13*DATOS!$C$26*MAX(ED13,0.001)),1)),1)*DATOS!$C$26*BT13))<=MIN(MAX(0.15*DATOS!$C$33*DATOS!$C$24,3),0.05*DATOS!$C$25/10*MIN(DATOS!$C$50,6000)/(MIN(6,FLOOR(45/DATOS!$C$26,1),FLOOR((1*INDEX(TABLAS!$D$6:$D$14,MATCH("5/32 in",TABLAS!$B$6:$B$14,0)))*MIN(DATOS!$C$50,6000)/(BT13*DATOS!$C$26*MAX(ED13,0.001)),1))*DATOS!$C$26))),"1 alambre de 5/32"" por junta cada "&MIN(6,FLOOR(45/DATOS!$C$26,1),FLOOR((1*INDEX(TABLAS!$D$6:$D$14,MATCH("5/32 in",TABLAS!$B$6:$B$14,0)))*MIN(DATOS!$C$50,6000)/(BT13*DATOS!$C$26*MAX(ED13,0.001)),1))&" hilada(s) (p_h·f_yh = "&TEXT(((1*INDEX(TABLAS!$D$6:$D$14,MATCH("5/32 in",TABLAS!$B$6:$B$14,0)))*MIN(DATOS!$C$50,6000)/(MAX(MIN(6,FLOOR(45/DATOS!$C$26,1),FLOOR((1*INDEX(TABLAS!$D$6:$D$14,MATCH("5/32 in",TABLAS!$B$6:$B$14,0)))*MIN(DATOS!$C$50,6000)/(BT13*DATOS!$C$26*MAX(ED13,0.001)),1)),1)*DATOS!$C$26*BT13)),"0.00")&")","ninguna combinación de 1 o 2 alambres por junta queda entre el mínimo y el máximo: revisa con malla (6.5.4)")))))))) -> NO REQUIERE: V_mR ≥ V_u | EF13: =IF(BI13<>"SÍ","",IF(AI13="SÍ",N(AK13)*N(AL13)^3/12,0)) -> 151875 | EG13: =IF(BI13<>"SÍ","",IF(AND(AI13="SÍ",N(AM13)>0),MIN(1,F13/AM13),0)) -> 0.9 | EH13: =IF(BI13<>"SÍ","",IF(AI13="SÍ",BP13*1000/(BT13*F13*100)*BT13*(EG13^4-4*EG13^3+8*EG13),0)) -> 123.5025 | EI13: =IF(BI13<>"SÍ","",IF(AND(AI13="SÍ",EH13>0),EH13/(EH13+5*N(AN13)*10),0)) -> 0.67302898 | EJ13: =IF(BI13<>"SÍ","",IF(AND(AI13="SÍ",EI13>0,EF13>0),(DATOS!$C$43*BT13*(AM13*100)^3/(DATOS!$C$53*EF13*EI13))^0.25,0)) -> 6.4184222 | EK13: =IF(BI13<>"SÍ","",IF(AI13<>"SÍ",0,IF(N(AM13)<=F13,1,IF(MIN(1,N(AO13)/((AM13-F13)/2))<=0.5,0.7+0.6*MIN(1,N(AO13)/((AM13-F13)/2)),1.5-MIN(1,N(AO13)/((AM13-F13)/2)))))) -> 0.7 | EL13: =IF(BI13<>"SÍ","",IF(AI13<>"SÍ",0,MAX(1,IF(EG13>=1,(1.6*EJ13-3.9),IF(EG13<0.9,((3.2*EJ13-7.8)*EK13),((3.2*EJ13-7.8)*EK13)+((1.6*EJ13-3.9)-((3.2*EJ13-7.8)*EK13))*(EG13-0.9)/0.1))))) -> 8.9172658 | EM13: =IF(BI13<>"SÍ","",IF(AI13="SÍ",EL13*BP13*1000/(BT13*F13*100),0)) -> 14.86211 | EN13: =IF(BI13<>"SÍ","",IF(AND(AI13="SÍ",N(AL13)>0),AM13*100/AL13,0)) -> 8.8888889 | EO13: =IF(BI13<>"SÍ","",IF(AI13="SÍ",(1/15*DATOS!$C$53*N(AK13)/MAX((IF(ISNUMBER(AP13),AP13,BP13/DATOS!$C$90)*1000/(BT13*F13*100)*BT13*(EG13^4-4*EG13^3+8*EG13))+5*N(AN13)/DATOS!$C$90*10,0.001))^(1/3),0)) -> 12.787316 | EP13: =IF(BI13<>"SÍ","",IF(AI13<>"SÍ","—",IF(OR(N(AK13)<=0,N(AL13)<=0,N(AM13)<=0),"REVISAR: faltan b, h o L_v de la viga",IF(AND(EM13<=DATOS!$C$87*DATOS!$C$33,EN13<=14,N(AL13)>=25,EN13<=EO13),IF(BS13/F13<0.6,"PENDIENTE: H/L < 0.6, falta el análisis de interacción muro–viga (4.1.18.2.1); f_CM es estimado","CUMPLE"),"NO CUMPLE: "&IF(EM13>DATOS!$C$87*DATOS!$C$33,"f_CM > F_R·f'm ","")&IF(EN13>14,"L_v/h_v > 14 ","")&IF(N(AL13)<25,"h_v < 25 cm ","")&IF(EN13>EO13,"flecha (4.1.18.3)",""))))) -> CUMPLE | EQ13: =IF(BI13<>"SÍ","",MAX(0,F13*BS13-(N(K13)*N(M13)+N(P13)*N(R13)+N(U13)*N(W13)+N(Z13)*N(AB13))-CK13*DATOS!$C$59/100*BS13)) -> 8.25 | ER13: =IF(BI13<>"SÍ","",CK13*DATOS!$C$59*DATOS!$C$60/10000*BS13) -> 0.1125 | ES13: =IF(BI13<>"SÍ","",CK13*(DATOS!$C$61*(BS13+0.6)*INDEX(TABLAS!$E$6:$E$14,MATCH(DATOS!$C$62,TABLAS!$B$6:$B$14,0))+(2*ROUNDUP(CN13/DATOS!$C$65,0)+ROUNDUP(MAX(0,BS13*100-2*CN13)/DATOS!$C$64,0))*((2*(DATOS!$C$60+DATOS!$C$59-4*(DATOS!$C$66-INDEX(TABLAS!$C$6:$C$14,MATCH(DATOS!$C$63,TABLAS!$B$6:$B$14,0))))+15)/100)*INDEX(TABLAS!$E$6:$E$14,MATCH(DATOS!$C$63,TABLAS!$B$6:$B$14,0)))) -> 20.589486 | ET13: =IF(BI13<>"SÍ","",IF(OR(AE13="VARILLA EN JUNTAS",AE13="ESCALERILLA"),INT(BS13*100/MAX(DK13,1))*IF(ISNUMBER(AF13),AF13,2)*CB13*INDEX(TABLAS!$E$6:$E$14,MATCH(IF(AG13<>"",AG13,DATOS!$C$73),TABLAS!$B$6:$B$14,0)),IF(AE13="MALLA",IF(ISNUMBER(AF13),AF13,1)*CB13*BS13*INDEX(TABLAS!$E$19:$E$22,MATCH(IF(AG13<>"",AG13,DATOS!$C$74),TABLAS!$B$19:$B$22,0)),0))) -> 0 | EU13: =IF(BI13<>"SÍ","",""&IF(BJ13="NO ESTÁ EN PIER_FORCES","sin fuerzas en PIER_FORCES; ","")&IF(BV13<>"CUMPLE","vanos; ","")&IF(LEFT(CH13,2)="NO","espesor o esbeltez; ","")&IF(CQ13>1,"compresión; ","")&IF(CX13>1,"flexión; ","")&IF(CB13<=0,"sin tramos de muro (todos son machones menores que L mín.: diséñalos como columnas o baja L mín.); ",IF(EC13>1,"cortante; ",""))&IF(OR(LEFT(EA13,2)="NO",LEFT(EA13,5)="FALTA"),"refuerzo horizontal; ","")&IF(OR(LEFT(EP13,2)="NO",LEFT(EP13,7)="REVISAR"),"muro sobre viga; ","")&IF(LEFT(DATOS!$C$81,2)="NO","castillo típico; ","")&IF(LEFT(DATOS!$C$82,2)="NO","dala típica; ","")&IF(AND(BT13<>DATOS!$C$58,DATOS!$C$60<BT13),"castillo más angosto que el muro; ","")) | EV13: =IF(BI13<>"SÍ","",""&IF(LEFT(EP13,9)="PENDIENTE","análisis muro–viga (H/L < 0.6); ","")&IF(BR13>50,"V_u casi todo por carga vertical; ","")&IF(OR(LEFT(DATOS!$C$42,9)="PENDIENTE",LEFT(DATOS!$C$34,9)="PENDIENTE"),"v'm provisional; ","")&IF(OR(LEFT(DATOS!$C$42,2)="NO",LEFT(DATOS!$C$34,2)="NO"),"f'm o v'm no válido; ","")) -> v'm provisional; | EW13: =IF(BI13<>"SÍ","",IF(EU13<>"","NO CUMPLE: "&LEFT(EU13,LEN(EU13)-2),IF(EV13<>"","CUMPLE — PENDIENTE: "&LEFT(EV13,LEN(EV13)-2),"CUMPLE"))) -> CUMPLE — PENDIENTE: v'm provisional | EX13: Ejemplo: muro sobre la viga T-1 (4.1.18).
A14: =IF(B14="","",ROW()-10) | AX14: =IF(B14="","",C14&"|"&B14) | AY14: =IF(B14="","",COUNTIFS(PIER_FORCES!$O$9:$O$3008,4,PIER_FORCES!$P$9:$P$3008,1)) | AZ14: =IF(B14="","",COUNTIFS(PIER_FORCES!$O$9:$O$3008,4,PIER_FORCES!$P$9:$P$3008,2)) | BA14: =IF(N(AY14)=0,0,SUMPRODUCT(MAX((PIER_FORCES!$O$9:$O$3008=4)*(PIER_FORCES!$P$9:$P$3008=1)*PIER_FORCES!$R$9:$R$3008))) -> 0 | BB14: =IF(N(AY14)=0,0,SUMPRODUCT(MAX((PIER_FORCES!$O$9:$O$3008=4)*(PIER_FORCES!$P$9:$P$3008=1)*PIER_FORCES!$S$9:$S$3008))) -> 0 | BC14: =IF(N(AY14)=0,0,-SUMPRODUCT(MAX((PIER_FORCES!$O$9:$O$3008=4)*(PIER_FORCES!$P$9:$P$3008=1)*(-PIER_FORCES!$Q$9:$Q$3008)+(1-(PIER_FORCES!$O$9:$O$3008=4)*(PIER_FORCES!$P$9:$P$3008=1))*(-1E9)))) -> 0 | BD14: =IF(N(AY14)=0,0,SUMPRODUCT(MAX((PIER_FORCES!$O$9:$O$3008=4)*(PIER_FORCES!$P$9:$P$3008=1)*PIER_FORCES!$Q$9:$Q$3008+(1-(PIER_FORCES!$O$9:$O$3008=4)*(PIER_FORCES!$P$9:$P$3008=1))*(-1E9)))) -> 0 | BE14: =IF(N(AZ14)=0,BD14,SUMPRODUCT(MAX((PIER_FORCES!$O$9:$O$3008=4)*(PIER_FORCES!$P$9:$P$3008=2)*PIER_FORCES!$Q$9:$Q$3008+(1-(PIER_FORCES!$O$9:$O$3008=4)*(PIER_FORCES!$P$9:$P$3008=2))*(-1E9)))) -> 0 | BF14: =IF(N(AZ14)=0,0,SUMPRODUCT(MAX((PIER_FORCES!$O$9:$O$3008=4)*(PIER_FORCES!$P$9:$P$3008=2)*PIER_FORCES!$R$9:$R$3008))) -> 0 | BG14: =IF(N(AY14)=0,0,SUMPRODUCT(MAX((PIER_FORCES!$O$9:$O$3008=4)*(PIER_FORCES!$P$9:$P$3008=1)*(ABS(PIER_FORCES!$R$9:$R$3008-BA14)<0.000001)*PIER_FORCES!$T$9:$T$3008))) -> 0 | BH14: =IF(N(BG14)=0,"",INDEX(PIER_FORCES!$D$9:$D$3008,BG14)&" "&INDEX(PIER_FORCES!$F$9:$F$3008,BG14)&" / "&INDEX(PIER_FORCES!$G$9:$G$3008,BG14)) | BI14: =IF(B14="","",IF(AND(C14<>"",OR(D14="X",D14="Y"),ISNUMBER(F14),N(F14)>0),"SÍ","NO")) | BJ14: =IF(BI14<>"SÍ","",IF(DATOS!$C$108="ETABS (PIER_FORCES)",IF(N(AY14)>0,"ETABS","NO ESTÁ EN PIER_FORCES"),"CAPTURA")) | BK14: =IF(BI14<>"SÍ","",IF(BJ14="ETABS",BA14,IF(BJ14="CAPTURA",N(AQ14),0))) | BL14: =IF(BI14<>"SÍ","",IF(BJ14="ETABS",BB14,IF(BJ14="CAPTURA",N(AR14),0))) | BM14: =IF(BI14<>"SÍ","",IF(BJ14="ETABS",BC14/DATOS!$C$89,IF(BJ14="CAPTURA",N(AS14),0))) | BN14: =IF(BI14<>"SÍ","",IF(BJ14="ETABS",BC14,IF(BJ14="CAPTURA",IF(ISNUMBER(AU14),AU14,N(AS14)*DATOS!$C$89),0))) | BO14: =IF(BI14<>"SÍ","",IF(BJ14="ETABS",MAX(BD14,BE14),IF(BJ14="CAPTURA",N(AT14),0))) | BP14: =IF(BI14<>"SÍ","",IF(BJ14="ETABS",BE14,IF(BJ14="CAPTURA",IF(ISNUMBER(AV14),AV14,N(AT14)),0))) | BQ14: =IF(BI14<>"SÍ","",IF(BJ14="ETABS",BF14,IF(BJ14="CAPTURA",N(AW14),0))) | BR14: =IF(BI14<>"SÍ","",IF(BK14>0,100*BQ14/BK14,0)) | BS14: =IF(BI14<>"SÍ","",IF(ISNUMBER(G14),G14,DATOS!$C$57)) | BT14: =IF(BI14<>"SÍ","",IF(ISNUMBER(H14),H14,DATOS!$C$58)) | BU14: =IF(BI14<>"SÍ","",IF(N(K14)>0,1+IF(N(P14)>0,1+IF(N(U14)>0,1+IF(N(Z14)>0,1,0),0),0),0)) | BV14: =IF(BI14<>"SÍ","",IF(AND(OR(BU14<1,AND(N(J14)>=0-0.001,J14+K14<=F14+0.001,N(L14)>=0,N(L14)+N(M14)<=BS14+0.001,N(M14)>0,OR(I14="PUERTA",I14="VENTANA"))),OR(BU14<2,AND(N(O14)>=(J14+K14)-0.001,O14+P14<=F14+0.001,N(Q14)>=0,N(Q14)+N(R14)<=BS14+0.001,N(R14)>0,OR(N14="PUERTA",N14="VENTANA"))),OR(BU14<3,AND(N(T14)>=(O14+P14)-0.001,T14+U14<=F14+0.001,N(V14)>=0,N(V14)+N(W14)<=BS14+0.001,N(W14)>0,OR(S14="PUERTA",S14="VENTANA"))),OR(BU14<4,AND(N(Y14)>=(T14+U14)-0.001,Y14+Z14<=F14+0.001,N(AA14)>=0,N(AA14)+N(AB14)<=BS14+0.001,N(AB14)>0,OR(X14="PUERTA",X14="VENTANA"))),(N(K14)>0)+(N(P14)>0)+(N(U14)>0)+(N(Z14)>0)=BU14),"CUMPLE","REVISAR VANOS: tipo, orden de izquierda a derecha, que quepan en L y en H")) | BW14: =IF(BI14<>"SÍ","",MAX(0,IF(BU14>=1,N(J14),F14))) | BX14: =IF(BI14<>"SÍ","",MAX(0,IF(BU14>=2,N(O14)-(N(J14)+N(K14)),IF(BU14=1,F14-(N(J14)+N(K14)),0)))) | BY14: =IF(BI14<>"SÍ","",MAX(0,IF(BU14>=3,N(T14)-(N(O14)+N(P14)),IF(BU14=2,F14-(N(O14)+N(P14)),0)))) | BZ14: =IF(BI14<>"SÍ","",MAX(0,IF(BU14>=4,N(Y14)-(N(T14)+N(U14)),IF(BU14=3,F14-(N(T14)+N(U14)),0)))) | CA14: =IF(BI14<>"SÍ","",MAX(0,IF(BU14=4,F14-(N(Y14)+N(Z14)),0))) | CB14: =IF(BI14<>"SÍ","",SUMPRODUCT((BW14:CA14>=DATOS!$C$72-0.0001)*BW14:CA14)) | CC14: =IF(BI14<>"SÍ","",SUMPRODUCT(--(BW14:CA14>=DATOS!$C$72-0.0001))) | CD14: =IF(BI14<>"SÍ","",SUM(BW14:CA14)) | CE14: =IF(BI14<>"SÍ","",BT14*CB14*100) | CF14: =IF(BI14<>"SÍ","",BT14*CD14*100) | CG14: =IF(BI14<>"SÍ","",BS14*100/BT14) | CH14: =IF(BI14<>"SÍ","",IF(AND(OR(DATOS!$C$14="TIPO II",BT14>=12),CG14<=25),"CUMPLE","NO CUMPLE: "&IF(AND(DATOS!$C$14="TIPO I",BT14<12),"t < 12 cm ","")&IF(CG14>25,"H/t > 25",""))) | CI14: =IF(BI14<>"SÍ","",MIN(1.5*BS14,4)) | CJ14: =IF(BI14<>"SÍ","",SUMPRODUCT((BW14:CA14>=2*DATOS!$C$59/100)*INT((BW14:CA14-DATOS!$C$59/100)/CI14-0.000001)*((BW14:CA14-DATOS!$C$59/100)>0))) | CK14: =IF(BI14<>"SÍ","",SUMPRODUCT((BW14:CA14>0.0001)*1+(BW14:CA14>=2*DATOS!$C$59/100)*1)+CJ14) | CL14: =IF(BI14<>"SÍ","",IF(ISNUMBER(AC14),AC14,DATOS!$C$61)*INDEX(TABLAS!$D$6:$D$14,MATCH(IF(AD14<>"",AD14,DATOS!$C$62),TABLAS!$B$6:$B$14,0))) | CM14: =IF(BI14<>"SÍ","",CK14*DATOS!$C$78+IF(CK14>=2,2,CK14)*(CL14-DATOS!$C$78)) | CN14: =IF(BI14<>"SÍ","",MAX(BS14*100/6,40)) | CO14: =IF(BI14<>"SÍ","",IF(CG14<=20,IF(E14="INTERIOR",0.7,0.6),MIN(IF(E14="INTERIOR",0.7,0.6),(1-2/24)*(1-(IF(E14="INTERIOR",0.8,1)*CG14/30)^2)))) | CP14: =IF(BI14<>"SÍ","",DATOS!$C$87*CO14*(DATOS!$C$33*CF14+CM14*DATOS!$C$48)/1000) | CQ14: =IF(BI14<>"SÍ","",IF(CP14>0,BO14/CP14,99)) | CR14: =IF(BI14<>"SÍ","",MAX(0,F14*100-DATOS!$C$59)) | CS14: =IF(BI14<>"SÍ","",MAX(0,F14*100-DATOS!$C$59/2)) | CT14: =IF(BI14<>"SÍ","",CL14*DATOS!$C$48*CR14/100000) | CU14: =IF(BI14<>"SÍ","",IF(BN14<0,0.8*CT14*MAX(0,1+BN14/(0.8*CM14*DATOS!$C$48/1000)),IF(BN14<=CP14/3,0.8*CT14+0.3*BN14*CS14/100,(1.5*0.6*CT14+0.15*CP14*CS14/100)*MAX(0,1-BN14/CP14)))) | CV14: =IF(BI14<>"SÍ","",IF(BO14<0,0.8*CT14*MAX(0,1+BO14/(0.8*CM14*DATOS!$C$48/1000)),IF(BO14<=CP14/3,0.8*CT14+0.3*BO14*CS14/100,(1.5*0.6*CT14+0.15*CP14*CS14/100)*MAX(0,1-BO14/CP14)))) | CW14: =IF(BI14<>"SÍ","",MAX(0,MIN(CU14,CV14))) | CX14: =IF(BI14<>"SÍ","",IF(CW14>0,BL14/CW14,IF(BL14>0,99,0))) | CY14: =IF(BI14<>"SÍ","",IF(BW14>0,MAX(1,MIN(1.5,1.5-0.625*(BS14/BW14-0.2))),0)) | CZ14: =IF(BI14<>"SÍ","",IF(BX14>0,MAX(1,MIN(1.5,1.5-0.625*(BS14/BX14-0.2))),0)) | DA14: =IF(BI14<>"SÍ","",IF(BY14>0,MAX(1,MIN(1.5,1.5-0.625*(BS14/BY14-0.2))),0)) | DB14: =IF(BI14<>"SÍ","",IF(BZ14>0,MAX(1,MIN(1.5,1.5-0.625*(BS14/BZ14-0.2))),0)) | DC14: =IF(BI14<>"SÍ","",IF(CA14>0,MAX(1,MIN(1.5,1.5-0.625*(BS14/CA14-0.2))),0)) | DD14: =IF(BI14<>"SÍ","",IF(OR(BW14<DATOS!$C$72-0.0001,BM14<0,CB14<=0),0,MIN(DATOS!$C$86*(0.5*DATOS!$C$41*BT14*BW14*100+0.3*BM14*BW14/CB14*1000)*CY14,1.5*DATOS!$C$86*DATOS!$C$41*BT14*BW14*100*CY14)/1000)) | DE14: =IF(BI14<>"SÍ","",IF(OR(BX14<DATOS!$C$72-0.0001,BM14<0,CB14<=0),0,MIN(DATOS!$C$86*(0.5*DATOS!$C$41*BT14*BX14*100+0.3*BM14*BX14/CB14*1000)*CZ14,1.5*DATOS!$C$86*DATOS!$C$41*BT14*BX14*100*CZ14)/1000)) | DF14: =IF(BI14<>"SÍ","",IF(OR(BY14<DATOS!$C$72-0.0001,BM14<0,CB14<=0),0,MIN(DATOS!$C$86*(0.5*DATOS!$C$41*BT14*BY14*100+0.3*BM14*BY14/CB14*1000)*DA14,1.5*DATOS!$C$86*DATOS!$C$41*BT14*BY14*100*DA14)/1000)) | DG14: =IF(BI14<>"SÍ","",IF(OR(BZ14<DATOS!$C$72-0.0001,BM14<0,CB14<=0),0,MIN(DATOS!$C$86*(0.5*DATOS!$C$41*BT14*BZ14*100+0.3*BM14*BZ14/CB14*1000)*DB14,1.5*DATOS!$C$86*DATOS!$C$41*BT14*BZ14*100*DB14)/1000)) | DH14: =IF(BI14<>"SÍ","",IF(OR(CA14<DATOS!$C$72-0.0001,BM14<0,CB14<=0),0,MIN(DATOS!$C$86*(0.5*DATOS!$C$41*BT14*CA14*100+0.3*BM14*CA14/CB14*1000)*DC14,1.5*DATOS!$C$86*DATOS!$C$41*BT14*CA14*100*DC14)/1000)) | DI14: =IF(BI14<>"SÍ","",SUM(DD14:DH14)) | DJ14: =IF(BI14<>"SÍ","",IF(AE14="VARILLA EN JUNTAS",IF(ISNUMBER(AF14),AF14,2)*INDEX(TABLAS!$D$6:$D$14,MATCH(IF(AG14<>"",AG14,DATOS!$C$73),TABLAS!$B$6:$B$14,0)),IF(AE14="MALLA",IF(ISNUMBER(AF14),AF14,1)*INDEX(TABLAS!$D$19:$D$22,MATCH(IF(AG14<>"",AG14,DATOS!$C$74),TABLAS!$B$19:$B$22,0))/100,IF(AE14="ESCALERILLA",IF(ISNUMBER(AF14),AF14,2)*INDEX(TABLAS!$D$6:$D$14,MATCH(IF(AG14<>"",AG14,DATOS!$C$73),TABLAS!$B$6:$B$14,0)),0)))) | DK14: =IF(BI14<>"SÍ","",IF(OR(AE14="VARILLA EN JUNTAS",AE14="ESCALERILLA"),IF(ISNUMBER(AH14),AH14,2)*DATOS!$C$26,IF(AE14="MALLA",1,0))) | DL14: =IF(BI14<>"SÍ","",IF(DK14>0,DJ14/(DK14*BT14)*MIN(DATOS!$C$50,IF(AE14="MALLA",5000,6000)),0)) | DM14: =IF(BI14<>"SÍ","",IF(AE14="ESCALERILLA",0,MIN(DL14,0.1*DATOS!$C$33*DATOS!$C$24))) | DN14: =IF(BI14<>"SÍ","",IF(AE14="MALLA",0.5,IF(DATOS!$C$33<=60,0.55,IF(DATOS!$C$33>=90,0.75,0.55+0.2*(DATOS!$C$33-60)/30)))) | DO14: =IF(BI14<>"SÍ","",1-DATOS!$C$91*DM14) | DP14: =IF(BI14<>"SÍ","",IF(BW14>0,IF(BS14/BW14<=1,1.3,IF(BS14/BW14>=1.5,1,1.3-0.6*(BS14/BW14-1))),0)) | DQ14: =IF(BI14<>"SÍ","",IF(BX14>0,IF(BS14/BX14<=1,1.3,IF(BS14/BX14>=1.5,1,1.3-0.6*(BS14/BX14-1))),0)) | DR14: =IF(BI14<>"SÍ","",IF(BY14>0,IF(BS14/BY14<=1,1.3,IF(BS14/BY14>=1.5,1,1.3-0.6*(BS14/BY14-1))),0)) | DS14: =IF(BI14<>"SÍ","",IF(BZ14>0,IF(BS14/BZ14<=1,1.3,IF(BS14/BZ14>=1.5,1,1.3-0.6*(BS14/BZ14-1))),0)) | DT14: =IF(BI14<>"SÍ","",IF(CA14>0,IF(BS14/CA14<=1,1.3,IF(BS14/CA14>=1.5,1,1.3-0.6*(BS14/CA14-1))),0)) | DU14: =IF(BI14<>"SÍ","",IF(OR(DM14<=0,BW14<DATOS!$C$72-0.0001),0,DATOS!$C$86*MAX(0,IF(BM14>=0,DD14/(DATOS!$C$86*DM14*BT14*BW14*100/1000)*(DP14*DO14-1)+DN14,DO14*DN14))*DM14*BT14*BW14*100/1000)) | DV14: =IF(BI14<>"SÍ","",IF(OR(DM14<=0,BX14<DATOS!$C$72-0.0001),0,DATOS!$C$86*MAX(0,IF(BM14>=0,DE14/(DATOS!$C$86*DM14*BT14*BX14*100/1000)*(DQ14*DO14-1)+DN14,DO14*DN14))*DM14*BT14*BX14*100/1000)) | DW14: =IF(BI14<>"SÍ","",IF(OR(DM14<=0,BY14<DATOS!$C$72-0.0001),0,DATOS!$C$86*MAX(0,IF(BM14>=0,DF14/(DATOS!$C$86*DM14*BT14*BY14*100/1000)*(DR14*DO14-1)+DN14,DO14*DN14))*DM14*BT14*BY14*100/1000)) | DX14: =IF(BI14<>"SÍ","",IF(OR(DM14<=0,BZ14<DATOS!$C$72-0.0001),0,DATOS!$C$86*MAX(0,IF(BM14>=0,DG14/(DATOS!$C$86*DM14*BT14*BZ14*100/1000)*(DS14*DO14-1)+DN14,DO14*DN14))*DM14*BT14*BZ14*100/1000)) | DY14: =IF(BI14<>"SÍ","",IF(OR(DM14<=0,CA14<DATOS!$C$72-0.0001),0,DATOS!$C$86*MAX(0,IF(BM14>=0,DH14/(DATOS!$C$86*DM14*BT14*CA14*100/1000)*(DT14*DO14-1)+DN14,DO14*DN14))*DM14*BT14*CA14*100/1000)) | DZ14: =IF(BI14<>"SÍ","",SUM(DU14:DY14)) | EA14: =IF(BI14<>"SÍ","",IF(OR(AE14="",AE14="NINGUNO"),IF(DATOS!$C$41>=10,"FALTA refuerzo horizontal: v'm ≥ 10 kg/cm² (6.5.2.2)",IF(AND(BM14<0,BK14>0),"FALTA: P en tensión, el refuerzo debe tomar todo el cortante (6.5.1.3)","—")),IF(AE14="ESCALERILLA","NO CUENTA: la escalerilla no se permite para cortante por sismo (6.5.3.1.2)",IF(AE14="MALLA",IF(AND(DL14>=2.5,DL14<=MAX(0.15*DATOS!$C$33*DATOS!$C$24,2.5)),"CUMPLE","NO CUMPLE: "&IF(DL14<2.5,"p_h·f_yh < 2.5 (6.5.4.2.4)","p_h·f_yh > 0.15·f'm·f_an (6.5.4.2.4)")),IF(AND(DK14<=MIN(6*DATOS!$C$26,45),DL14>=3,DL14<=MIN(MAX(0.15*DATOS!$C$33*DATOS!$C$24,3),0.05*DATOS!$C$25/10*MIN(DATOS!$C$50,6000)/DK14),INDEX(TABLAS!$C$6:$C$14,MATCH(IF(AG14<>"",AG14,DATOS!$C$73),TABLAS!$B$6:$B$14,0))>=0.35,INDEX(TABLAS!$C$6:$C$14,MATCH(IF(AG14<>"",AG14,DATOS!$C$73),TABLAS!$B$6:$B$14,0))<=0.75*DATOS!$C$25/10),"CUMPLE","NO CUMPLE: "&IF(DK14>MIN(6*DATOS!$C$26,45),"s_h > 6 hiladas o 45 cm (6.5.3.2.1) ","")&IF(DL14<3,"p_h·f_yh < 3 (6.5.3.3.1) ","")&IF(DL14>MIN(MAX(0.15*DATOS!$C$33*DATOS!$C$24,3),0.05*DATOS!$C$25/10*MIN(DATOS!$C$50,6000)/DK14),"p_h·f_yh > máximo (6.5.3.3.2) ","")&IF(OR(INDEX(TABLAS!$C$6:$C$14,MATCH(IF(AG14<>"",AG14,DATOS!$C$73),TABLAS!$B$6:$B$14,0))<0.35,INDEX(TABLAS!$C$6:$C$14,MATCH(IF(AG14<>"",AG14,DATOS!$C$73),TABLAS!$B$6:$B$14,0))>0.75*DATOS!$C$25/10),"diámetro fuera de 3.5 mm a 0.75·h_j (4.2.2.2.1)","")))))) | EB14: =IF(BI14<>"SÍ","",DI14+DZ14) | EC14: =IF(BI14<>"SÍ","",IF(EB14>0,BK14/EB14,IF(BK14>0,99,0))) | ED14: =IF(BI14<>"SÍ","",IF(CE14<=0,-1,IF(BK14<=DI14,0,IF(IF(BM14>=0,IF((DATOS!$C$86*IF(AE14="MALLA",0.5,IF(DATOS!$C$33<=60,0.55,IF(DATOS!$C$33>=90,0.75,0.55+0.2*(DATOS!$C$33-60)/30)))*CE14/1000-DATOS!$C$91*SUMPRODUCT(DP14:DT14,DD14:DH14))<=0,1E9,(BK14-SUMPRODUCT(DP14:DT14,DD14:DH14))/(DATOS!$C$86*IF(AE14="MALLA",0.5,IF(DATOS!$C$33<=60,0.55,IF(DATOS!$C$33>=90,0.75,0.55+0.2*(DATOS!$C$33-60)/30)))*CE14/1000-DATOS!$C$91*SUMPRODUCT(DP14:DT14,DD14:DH14))),IF((1-4*DATOS!$C$91*BK14*1000/(DATOS!$C$86*IF(AE14="MALLA",0.5,IF(DATOS!$C$33<=60,0.55,IF(DATOS!$C$33>=90,0.75,0.55+0.2*(DATOS!$C$33-60)/30)))*MAX(CE14,1)))<0,1E9,(1-SQRT((1-4*DATOS!$C$91*BK14*1000/(DATOS!$C$86*IF(AE14="MALLA",0.5,IF(DATOS!$C$33<=60,0.55,IF(DATOS!$C$33>=90,0.75,0.55+0.2*(DATOS!$C$33-60)/30)))*MAX(CE14,1)))))/(2*DATOS!$C$91)))>0.1*DATOS!$C$33*DATOS!$C$24+0.000001,-1,MAX(IF(AE14="MALLA",2.5,3),IF(BM14>=0,IF((DATOS!$C$86*IF(AE14="MALLA",0.5,IF(DATOS!$C$33<=60,0.55,IF(DATOS!$C$33>=90,0.75,0.55+0.2*(DATOS!$C$33-60)/30)))*CE14/1000-DATOS!$C$91*SUMPRODUCT(DP14:DT14,DD14:DH14))<=0,1E9,(BK14-SUMPRODUCT(DP14:DT14,DD14:DH14))/(DATOS!$C$86*IF(AE14="MALLA",0.5,IF(DATOS!$C$33<=60,0.55,IF(DATOS!$C$33>=90,0.75,0.55+0.2*(DATOS!$C$33-60)/30)))*CE14/1000-DATOS!$C$91*SUMPRODUCT(DP14:DT14,DD14:DH14))),IF((1-4*DATOS!$C$91*BK14*1000/(DATOS!$C$86*IF(AE14="MALLA",0.5,IF(DATOS!$C$33<=60,0.55,IF(DATOS!$C$33>=90,0.75,0.55+0.2*(DATOS!$C$33-60)/30)))*MAX(CE14,1)))<0,1E9,(1-SQRT((1-4*DATOS!$C$91*BK14*1000/(DATOS!$C$86*IF(AE14="MALLA",0.5,IF(DATOS!$C$33<=60,0.55,IF(DATOS!$C$33>=90,0.75,0.55+0.2*(DATOS!$C$33-60)/30)))*MAX(CE14,1)))))/(2*DATOS!$C$91)))))))) | EE14: =IF(BI14<>"SÍ","",IF(ED14=0,"NO REQUIERE: V_mR ≥ V_u",IF(ED14<0,"NO ALCANZA con refuerzo horizontal (haría falta más de 0.1·f'm·f_an efectivo): sube v'm con ensayes, el espesor o la longitud del muro",IF(AND(OR(AE14="VARILLA EN JUNTAS",AE14="MALLA"),LEFT(EA14,6)="CUMPLE",EC14<=1),"YA LO TIENE (pide p_h·f_yh ≥ "&TEXT(ED14,"0.0")&" kg/cm²)","p_h·f_yh ≥ "&TEXT(ED14,"0.0")&" kg/cm² → "&IF(AND(MIN(6,FLOOR(45/DATOS!$C$26,1),FLOOR((2*INDEX(TABLAS!$D$6:$D$14,MATCH("3/16 in",TABLAS!$B$6:$B$14,0)))*MIN(DATOS!$C$50,6000)/(BT14*DATOS!$C$26*MAX(ED14,0.001)),1))>=1,((2*INDEX(TABLAS!$D$6:$D$14,MATCH("3/16 in",TABLAS!$B$6:$B$14,0)))*MIN(DATOS!$C$50,6000)/(MAX(MIN(6,FLOOR(45/DATOS!$C$26,1),FLOOR((2*INDEX(TABLAS!$D$6:$D$14,MATCH("3/16 in",TABLAS!$B$6:$B$14,0)))*MIN(DATOS!$C$50,6000)/(BT14*DATOS!$C$26*MAX(ED14,0.001)),1)),1)*DATOS!$C$26*BT14))<=MIN(MAX(0.15*DATOS!$C$33*DATOS!$C$24,3),0.05*DATOS!$C$25/10*MIN(DATOS!$C$50,6000)/(MIN(6,FLOOR(45/DATOS!$C$26,1),FLOOR((2*INDEX(TABLAS!$D$6:$D$14,MATCH("3/16 in",TABLAS!$B$6:$B$14,0)))*MIN(DATOS!$C$50,6000)/(BT14*DATOS!$C$26*MAX(ED14,0.001)),1))*DATOS!$C$26))),"2 alambres de 3/16"" por junta cada "&MIN(6,FLOOR(45/DATOS!$C$26,1),FLOOR((2*INDEX(TABLAS!$D$6:$D$14,MATCH("3/16 in",TABLAS!$B$6:$B$14,0)))*MIN(DATOS!$C$50,6000)/(BT14*DATOS!$C$26*MAX(ED14,0.001)),1))&" hilada(s) (p_h·f_yh = "&TEXT(((2*INDEX(TABLAS!$D$6:$D$14,MATCH("3/16 in",TABLAS!$B$6:$B$14,0)))*MIN(DATOS!$C$50,6000)/(MAX(MIN(6,FLOOR(45/DATOS!$C$26,1),FLOOR((2*INDEX(TABLAS!$D$6:$D$14,MATCH("3/16 in",TABLAS!$B$6:$B$14,0)))*MIN(DATOS!$C$50,6000)/(BT14*DATOS!$C$26*MAX(ED14,0.001)),1)),1)*DATOS!$C$26*BT14)),"0.00")&")",IF(AND(MIN(6,FLOOR(45/DATOS!$C$26,1),FLOOR((2*INDEX(TABLAS!$D$6:$D$14,MATCH("5/32 in",TABLAS!$B$6:$B$14,0)))*MIN(DATOS!$C$50,6000)/(BT14*DATOS!$C$26*MAX(ED14,0.001)),1))>=1,((2*INDEX(TABLAS!$D$6:$D$14,MATCH("5/32 in",TABLAS!$B$6:$B$14,0)))*MIN(DATOS!$C$50,6000)/(MAX(MIN(6,FLOOR(45/DATOS!$C$26,1),FLOOR((2*INDEX(TABLAS!$D$6:$D$14,MATCH("5/32 in",TABLAS!$B$6:$B$14,0)))*MIN(DATOS!$C$50,6000)/(BT14*DATOS!$C$26*MAX(ED14,0.001)),1)),1)*DATOS!$C$26*BT14))<=MIN(MAX(0.15*DATOS!$C$33*DATOS!$C$24,3),0.05*DATOS!$C$25/10*MIN(DATOS!$C$50,6000)/(MIN(6,FLOOR(45/DATOS!$C$26,1),FLOOR((2*INDEX(TABLAS!$D$6:$D$14,MATCH("5/32 in",TABLAS!$B$6:$B$14,0)))*MIN(DATOS!$C$50,6000)/(BT14*DATOS!$C$26*MAX(ED14,0.001)),1))*DATOS!$C$26))),"2 alambres de 5/32"" por junta cada "&MIN(6,FLOOR(45/DATOS!$C$26,1),FLOOR((2*INDEX(TABLAS!$D$6:$D$14,MATCH("5/32 in",TABLAS!$B$6:$B$14,0)))*MIN(DATOS!$C$50,6000)/(BT14*DATOS!$C$26*MAX(ED14,0.001)),1))&" hilada(s) (p_h·f_yh = "&TEXT(((2*INDEX(TABLAS!$D$6:$D$14,MATCH("5/32 in",TABLAS!$B$6:$B$14,0)))*MIN(DATOS!$C$50,6000)/(MAX(MIN(6,FLOOR(45/DATOS!$C$26,1),FLOOR((2*INDEX(TABLAS!$D$6:$D$14,MATCH("5/32 in",TABLAS!$B$6:$B$14,0)))*MIN(DATOS!$C$50,6000)/(BT14*DATOS!$C$26*MAX(ED14,0.001)),1)),1)*DATOS!$C$26*BT14)),"0.00")&")",IF(AND(MIN(6,FLOOR(45/DATOS!$C$26,1),FLOOR((1*INDEX(TABLAS!$D$6:$D$14,MATCH("3/16 in",TABLAS!$B$6:$B$14,0)))*MIN(DATOS!$C$50,6000)/(BT14*DATOS!$C$26*MAX(ED14,0.001)),1))>=1,((1*INDEX(TABLAS!$D$6:$D$14,MATCH("3/16 in",TABLAS!$B$6:$B$14,0)))*MIN(DATOS!$C$50,6000)/(MAX(MIN(6,FLOOR(45/DATOS!$C$26,1),FLOOR((1*INDEX(TABLAS!$D$6:$D$14,MATCH("3/16 in",TABLAS!$B$6:$B$14,0)))*MIN(DATOS!$C$50,6000)/(BT14*DATOS!$C$26*MAX(ED14,0.001)),1)),1)*DATOS!$C$26*BT14))<=MIN(MAX(0.15*DATOS!$C$33*DATOS!$C$24,3),0.05*DATOS!$C$25/10*MIN(DATOS!$C$50,6000)/(MIN(6,FLOOR(45/DATOS!$C$26,1),FLOOR((1*INDEX(TABLAS!$D$6:$D$14,MATCH("3/16 in",TABLAS!$B$6:$B$14,0)))*MIN(DATOS!$C$50,6000)/(BT14*DATOS!$C$26*MAX(ED14,0.001)),1))*DATOS!$C$26))),"1 alambre de 3/16"" por junta cada "&MIN(6,FLOOR(45/DATOS!$C$26,1),FLOOR((1*INDEX(TABLAS!$D$6:$D$14,MATCH("3/16 in",TABLAS!$B$6:$B$14,0)))*MIN(DATOS!$C$50,6000)/(BT14*DATOS!$C$26*MAX(ED14,0.001)),1))&" hilada(s) (p_h·f_yh = "&TEXT(((1*INDEX(TABLAS!$D$6:$D$14,MATCH("3/16 in",TABLAS!$B$6:$B$14,0)))*MIN(DATOS!$C$50,6000)/(MAX(MIN(6,FLOOR(45/DATOS!$C$26,1),FLOOR((1*INDEX(TABLAS!$D$6:$D$14,MATCH("3/16 in",TABLAS!$B$6:$B$14,0)))*MIN(DATOS!$C$50,6000)/(BT14*DATOS!$C$26*MAX(ED14,0.001)),1)),1)*DATOS!$C$26*BT14)),"0.00")&")",IF(AND(MIN(6,FLOOR(45/DATOS!$C$26,1),FLOOR((1*INDEX(TABLAS!$D$6:$D$14,MATCH("5/32 in",TABLAS!$B$6:$B$14,0)))*MIN(DATOS!$C$50,6000)/(BT14*DATOS!$C$26*MAX(ED14,0.001)),1))>=1,((1*INDEX(TABLAS!$D$6:$D$14,MATCH("5/32 in",TABLAS!$B$6:$B$14,0)))*MIN(DATOS!$C$50,6000)/(MAX(MIN(6,FLOOR(45/DATOS!$C$26,1),FLOOR((1*INDEX(TABLAS!$D$6:$D$14,MATCH("5/32 in",TABLAS!$B$6:$B$14,0)))*MIN(DATOS!$C$50,6000)/(BT14*DATOS!$C$26*MAX(ED14,0.001)),1)),1)*DATOS!$C$26*BT14))<=MIN(MAX(0.15*DATOS!$C$33*DATOS!$C$24,3),0.05*DATOS!$C$25/10*MIN(DATOS!$C$50,6000)/(MIN(6,FLOOR(45/DATOS!$C$26,1),FLOOR((1*INDEX(TABLAS!$D$6:$D$14,MATCH("5/32 in",TABLAS!$B$6:$B$14,0)))*MIN(DATOS!$C$50,6000)/(BT14*DATOS!$C$26*MAX(ED14,0.001)),1))*DATOS!$C$26))),"1 alambre de 5/32"" por junta cada "&MIN(6,FLOOR(45/DATOS!$C$26,1),FLOOR((1*INDEX(TABLAS!$D$6:$D$14,MATCH("5/32 in",TABLAS!$B$6:$B$14,0)))*MIN(DATOS!$C$50,6000)/(BT14*DATOS!$C$26*MAX(ED14,0.001)),1))&" hilada(s) (p_h·f_yh = "&TEXT(((1*INDEX(TABLAS!$D$6:$D$14,MATCH("5/32 in",TABLAS!$B$6:$B$14,0)))*MIN(DATOS!$C$50,6000)/(MAX(MIN(6,FLOOR(45/DATOS!$C$26,1),FLOOR((1*INDEX(TABLAS!$D$6:$D$14,MATCH("5/32 in",TABLAS!$B$6:$B$14,0)))*MIN(DATOS!$C$50,6000)/(BT14*DATOS!$C$26*MAX(ED14,0.001)),1)),1)*DATOS!$C$26*BT14)),"0.00")&")","ninguna combinación de 1 o 2 alambres por junta queda entre el mínimo y el máximo: revisa con malla (6.5.4)")))))))) | EF14: =IF(BI14<>"SÍ","",IF(AI14="SÍ",N(AK14)*N(AL14)^3/12,0)) | EG14: =IF(BI14<>"SÍ","",IF(AND(AI14="SÍ",N(AM14)>0),MIN(1,F14/AM14),0)) | EH14: =IF(BI14<>"SÍ","",IF(AI14="SÍ",BP14*1000/(BT14*F14*100)*BT14*(EG14^4-4*EG14^3+8*EG14),0)) | EI14: =IF(BI14<>"SÍ","",IF(AND(AI14="SÍ",EH14>0),EH14/(EH14+5*N(AN14)*10),0)) | EJ14: =IF(BI14<>"SÍ","",IF(AND(AI14="SÍ",EI14>0,EF14>0),(DATOS!$C$43*BT14*(AM14*100)^3/(DATOS!$C$53*EF14*EI14))^0.25,0)) | EK14: =IF(BI14<>"SÍ","",IF(AI14<>"SÍ",0,IF(N(AM14)<=F14,1,IF(MIN(1,N(AO14)/((AM14-F14)/2))<=0.5,0.7+0.6*MIN(1,N(AO14)/((AM14-F14)/2)),1.5-MIN(1,N(AO14)/((AM14-F14)/2)))))) | EL14: =IF(BI14<>"SÍ","",IF(AI14<>"SÍ",0,MAX(1,IF(EG14>=1,(1.6*EJ14-3.9),IF(EG14<0.9,((3.2*EJ14-7.8)*EK14),((3.2*EJ14-7.8)*EK14)+((1.6*EJ14-3.9)-((3.2*EJ14-7.8)*EK14))*(EG14-0.9)/0.1))))) | EM14: =IF(BI14<>"SÍ","",IF(AI14="SÍ",EL14*BP14*1000/(BT14*F14*100),0)) | EN14: =IF(BI14<>"SÍ","",IF(AND(AI14="SÍ",N(AL14)>0),AM14*100/AL14,0)) | EO14: =IF(BI14<>"SÍ","",IF(AI14="SÍ",(1/15*DATOS!$C$53*N(AK14)/MAX((IF(ISNUMBER(AP14),AP14,BP14/DATOS!$C$90)*1000/(BT14*F14*100)*BT14*(EG14^4-4*EG14^3+8*EG14))+5*N(AN14)/DATOS!$C$90*10,0.001))^(1/3),0)) | EP14: =IF(BI14<>"SÍ","",IF(AI14<>"SÍ","—",IF(OR(N(AK14)<=0,N(AL14)<=0,N(AM14)<=0),"REVISAR: faltan b, h o L_v de la viga",IF(AND(EM14<=DATOS!$C$87*DATOS!$C$33,EN14<=14,N(AL14)>=25,EN14<=EO14),IF(BS14/F14<0.6,"PENDIENTE: H/L < 0.6, falta el análisis de interacción muro–viga (4.1.18.2.1); f_CM es estimado","CUMPLE"),"NO CUMPLE: "&IF(EM14>DATOS!$C$87*DATOS!$C$33,"f_CM > F_R·f'm ","")&IF(EN14>14,"L_v/h_v > 14 ","")&IF(N(AL14)<25,"h_v < 25 cm ","")&IF(EN14>EO14,"flecha (4.1.18.3)",""))))) | EQ14: =IF(BI14<>"SÍ","",MAX(0,F14*BS14-(N(K14)*N(M14)+N(P14)*N(R14)+N(U14)*N(W14)+N(Z14)*N(AB14))-CK14*DATOS!$C$59/100*BS14)) | ER14: =IF(BI14<>"SÍ","",CK14*DATOS!$C$59*DATOS!$C$60/10000*BS14) | ES14: =IF(BI14<>"SÍ","",CK14*(DATOS!$C$61*(BS14+0.6)*INDEX(TABLAS!$E$6:$E$14,MATCH(DATOS!$C$62,TABLAS!$B$6:$B$14,0))+(2*ROUNDUP(CN14/DATOS!$C$65,0)+ROUNDUP(MAX(0,BS14*100-2*CN14)/DATOS!$C$64,0))*((2*(DATOS!$C$60+DATOS!$C$59-4*(DATOS!$C$66-INDEX(TABLAS!$C$6:$C$14,MATCH(DATOS!$C$63,TABLAS!$B$6:$B$14,0))))+15)/100)*INDEX(TABLAS!$E$6:$E$14,MATCH(DATOS!$C$63,TABLAS!$B$6:$B$14,0)))) | ET14: =IF(BI14<>"SÍ","",IF(OR(AE14="VARILLA EN JUNTAS",AE14="ESCALERILLA"),INT(BS14*100/MAX(DK14,1))*IF(ISNUMBER(AF14),AF14,2)*CB14*INDEX(TABLAS!$E$6:$E$14,MATCH(IF(AG14<>"",AG14,DATOS!$C$73),TABLAS!$B$6:$B$14,0)),IF(AE14="MALLA",IF(ISNUMBER(AF14),AF14,1)*CB14*BS14*INDEX(TABLAS!$E$19:$E$22,MATCH(IF(AG14<>"",AG14,DATOS!$C$74),TABLAS!$B$19:$B$22,0)),0))) | EU14: =IF(BI14<>"SÍ","",""&IF(BJ14="NO ESTÁ EN PIER_FORCES","sin fuerzas en PIER_FORCES; ","")&IF(BV14<>"CUMPLE","vanos; ","")&IF(LEFT(CH14,2)="NO","espesor o esbeltez; ","")&IF(CQ14>1,"compresión; ","")&IF(CX14>1,"flexión; ","")&IF(CB14<=0,"sin tramos de muro (todos son machones menores que L mín.: diséñalos como columnas o baja L mín.); ",IF(EC14>1,"cortante; ",""))&IF(OR(LEFT(EA14,2)="NO",LEFT(EA14,5)="FALTA"),"refuerzo horizontal; ","")&IF(OR(LEFT(EP14,2)="NO",LEFT(EP14,7)="REVISAR"),"muro sobre viga; ","")&IF(LEFT(DATOS!$C$81,2)="NO","castillo típico; ","")&IF(LEFT(DATOS!$C$82,2)="NO","dala típica; ","")&IF(AND(BT14<>DATOS!$C$58,DATOS!$C$60<BT14),"castillo más angosto que el muro; ","")) | EV14: =IF(BI14<>"SÍ","",""&IF(LEFT(EP14,9)="PENDIENTE","análisis muro–viga (H/L < 0.6); ","")&IF(BR14>50,"V_u casi todo por carga vertical; ","")&IF(OR(LEFT(DATOS!$C$42,9)="PENDIENTE",LEFT(DATOS!$C$34,9)="PENDIENTE"),"v'm provisional; ","")&IF(OR(LEFT(DATOS!$C$42,2)="NO",LEFT(DATOS!$C$34,2)="NO"),"f'm o v'm no válido; ","")) | EW14: =IF(BI14<>"SÍ","",IF(EU14<>"","NO CUMPLE: "&LEFT(EU14,LEN(EU14)-2),IF(EV14<>"","CUMPLE — PENDIENTE: "&LEFT(EV14,LEN(EV14)-2),"CUMPLE")))
A15: =IF(B15="","",ROW()-10) | AX15: =IF(B15="","",C15&"|"&B15) | AY15: =IF(B15="","",COUNTIFS(PIER_FORCES!$O$9:$O$3008,5,PIER_FORCES!$P$9:$P$3008,1)) | AZ15: =IF(B15="","",COUNTIFS(PIER_FORCES!$O$9:$O$3008,5,PIER_FORCES!$P$9:$P$3008,2)) | BA15: =IF(N(AY15)=0,0,SUMPRODUCT(MAX((PIER_FORCES!$O$9:$O$3008=5)*(PIER_FORCES!$P$9:$P$3008=1)*PIER_FORCES!$R$9:$R$3008))) -> 0 | BB15: =IF(N(AY15)=0,0,SUMPRODUCT(MAX((PIER_FORCES!$O$9:$O$3008=5)*(PIER_FORCES!$P$9:$P$3008=1)*PIER_FORCES!$S$9:$S$3008))) -> 0 | BC15: =IF(N(AY15)=0,0,-SUMPRODUCT(MAX((PIER_FORCES!$O$9:$O$3008=5)*(PIER_FORCES!$P$9:$P$3008=1)*(-PIER_FORCES!$Q$9:$Q$3008)+(1-(PIER_FORCES!$O$9:$O$3008=5)*(PIER_FORCES!$P$9:$P$3008=1))*(-1E9)))) -> 0 | BD15: =IF(N(AY15)=0,0,SUMPRODUCT(MAX((PIER_FORCES!$O$9:$O$3008=5)*(PIER_FORCES!$P$9:$P$3008=1)*PIER_FORCES!$Q$9:$Q$3008+(1-(PIER_FORCES!$O$9:$O$3008=5)*(PIER_FORCES!$P$9:$P$3008=1))*(-1E9)))) -> 0 | BE15: =IF(N(AZ15)=0,BD15,SUMPRODUCT(MAX((PIER_FORCES!$O$9:$O$3008=5)*(PIER_FORCES!$P$9:$P$3008=2)*PIER_FORCES!$Q$9:$Q$3008+(1-(PIER_FORCES!$O$9:$O$3008=5)*(PIER_FORCES!$P$9:$P$3008=2))*(-1E9)))) -> 0 | BF15: =IF(N(AZ15)=0,0,SUMPRODUCT(MAX((PIER_FORCES!$O$9:$O$3008=5)*(PIER_FORCES!$P$9:$P$3008=2)*PIER_FORCES!$R$9:$R$3008))) -> 0 | BG15: =IF(N(AY15)=0,0,SUMPRODUCT(MAX((PIER_FORCES!$O$9:$O$3008=5)*(PIER_FORCES!$P$9:$P$3008=1)*(ABS(PIER_FORCES!$R$9:$R$3008-BA15)<0.000001)*PIER_FORCES!$T$9:$T$3008))) -> 0 | BH15: =IF(N(BG15)=0,"",INDEX(PIER_FORCES!$D$9:$D$3008,BG15)&" "&INDEX(PIER_FORCES!$F$9:$F$3008,BG15)&" / "&INDEX(PIER_FORCES!$G$9:$G$3008,BG15)) | BI15: =IF(B15="","",IF(AND(C15<>"",OR(D15="X",D15="Y"),ISNUMBER(F15),N(F15)>0),"SÍ","NO")) | BJ15: =IF(BI15<>"SÍ","",IF(DATOS!$C$108="ETABS (PIER_FORCES)",IF(N(AY15)>0,"ETABS","NO ESTÁ EN PIER_FORCES"),"CAPTURA")) | BK15: =IF(BI15<>"SÍ","",IF(BJ15="ETABS",BA15,IF(BJ15="CAPTURA",N(AQ15),0))) | BL15: =IF(BI15<>"SÍ","",IF(BJ15="ETABS",BB15,IF(BJ15="CAPTURA",N(AR15),0))) | BM15: =IF(BI15<>"SÍ","",IF(BJ15="ETABS",BC15/DATOS!$C$89,IF(BJ15="CAPTURA",N(AS15),0))) | BN15: =IF(BI15<>"SÍ","",IF(BJ15="ETABS",BC15,IF(BJ15="CAPTURA",IF(ISNUMBER(AU15),AU15,N(AS15)*DATOS!$C$89),0))) | BO15: =IF(BI15<>"SÍ","",IF(BJ15="ETABS",MAX(BD15,BE15),IF(BJ15="CAPTURA",N(AT15),0))) | BP15: =IF(BI15<>"SÍ","",IF(BJ15="ETABS",BE15,IF(BJ15="CAPTURA",IF(ISNUMBER(AV15),AV15,N(AT15)),0))) | BQ15: =IF(BI15<>"SÍ","",IF(BJ15="ETABS",BF15,IF(BJ15="CAPTURA",N(AW15),0))) | BR15: =IF(BI15<>"SÍ","",IF(BK15>0,100*BQ15/BK15,0)) | BS15: =IF(BI15<>"SÍ","",IF(ISNUMBER(G15),G15,DATOS!$C$57)) | BT15: =IF(BI15<>"SÍ","",IF(ISNUMBER(H15),H15,DATOS!$C$58)) | BU15: =IF(BI15<>"SÍ","",IF(N(K15)>0,1+IF(N(P15)>0,1+IF(N(U15)>0,1+IF(N(Z15)>0,1,0),0),0),0)) | BV15: =IF(BI15<>"SÍ","",IF(AND(OR(BU15<1,AND(N(J15)>=0-0.001,J15+K15<=F15+0.001,N(L15)>=0,N(L15)+N(M15)<=BS15+0.001,N(M15)>0,OR(I15="PUERTA",I15="VENTANA"))),OR(BU15<2,AND(N(O15)>=(J15+K15)-0.001,O15+P15<=F15+0.001,N(Q15)>=0,N(Q15)+N(R15)<=BS15+0.001,N(R15)>0,OR(N15="PUERTA",N15="VENTANA"))),OR(BU15<3,AND(N(T15)>=(O15+P15)-0.001,T15+U15<=F15+0.001,N(V15)>=0,N(V15)+N(W15)<=BS15+0.001,N(W15)>0,OR(S15="PUERTA",S15="VENTANA"))),OR(BU15<4,AND(N(Y15)>=(T15+U15)-0.001,Y15+Z15<=F15+0.001,N(AA15)>=0,N(AA15)+N(AB15)<=BS15+0.001,N(AB15)>0,OR(X15="PUERTA",X15="VENTANA"))),(N(K15)>0)+(N(P15)>0)+(N(U15)>0)+(N(Z15)>0)=BU15),"CUMPLE","REVISAR VANOS: tipo, orden de izquierda a derecha, que quepan en L y en H")) | BW15: =IF(BI15<>"SÍ","",MAX(0,IF(BU15>=1,N(J15),F15))) | BX15: =IF(BI15<>"SÍ","",MAX(0,IF(BU15>=2,N(O15)-(N(J15)+N(K15)),IF(BU15=1,F15-(N(J15)+N(K15)),0)))) | BY15: =IF(BI15<>"SÍ","",MAX(0,IF(BU15>=3,N(T15)-(N(O15)+N(P15)),IF(BU15=2,F15-(N(O15)+N(P15)),0)))) | BZ15: =IF(BI15<>"SÍ","",MAX(0,IF(BU15>=4,N(Y15)-(N(T15)+N(U15)),IF(BU15=3,F15-(N(T15)+N(U15)),0)))) | CA15: =IF(BI15<>"SÍ","",MAX(0,IF(BU15=4,F15-(N(Y15)+N(Z15)),0))) | CB15: =IF(BI15<>"SÍ","",SUMPRODUCT((BW15:CA15>=DATOS!$C$72-0.0001)*BW15:CA15)) | CC15: =IF(BI15<>"SÍ","",SUMPRODUCT(--(BW15:CA15>=DATOS!$C$72-0.0001))) | CD15: =IF(BI15<>"SÍ","",SUM(BW15:CA15)) | CE15: =IF(BI15<>"SÍ","",BT15*CB15*100) | CF15: =IF(BI15<>"SÍ","",BT15*CD15*100) | CG15: =IF(BI15<>"SÍ","",BS15*100/BT15) | CH15: =IF(BI15<>"SÍ","",IF(AND(OR(DATOS!$C$14="TIPO II",BT15>=12),CG15<=25),"CUMPLE","NO CUMPLE: "&IF(AND(DATOS!$C$14="TIPO I",BT15<12),"t < 12 cm ","")&IF(CG15>25,"H/t > 25",""))) | CI15: =IF(BI15<>"SÍ","",MIN(1.5*BS15,4)) | CJ15: =IF(BI15<>"SÍ","",SUMPRODUCT((BW15:CA15>=2*DATOS!$C$59/100)*INT((BW15:CA15-DATOS!$C$59/100)/CI15-0.000001)*((BW15:CA15-DATOS!$C$59/100)>0))) | CK15: =IF(BI15<>"SÍ","",SUMPRODUCT((BW15:CA15>0.0001)*1+(BW15:CA15>=2*DATOS!$C$59/100)*1)+CJ15) | CL15: =IF(BI15<>"SÍ","",IF(ISNUMBER(AC15),AC15,DATOS!$C$61)*INDEX(TABLAS!$D$6:$D$14,MATCH(IF(AD15<>"",AD15,DATOS!$C$62),TABLAS!$B$6:$B$14,0))) | CM15: =IF(BI15<>"SÍ","",CK15*DATOS!$C$78+IF(CK15>=2,2,CK15)*(CL15-DATOS!$C$78)) | CN15: =IF(BI15<>"SÍ","",MAX(BS15*100/6,40)) | CO15: =IF(BI15<>"SÍ","",IF(CG15<=20,IF(E15="INTERIOR",0.7,0.6),MIN(IF(E15="INTERIOR",0.7,0.6),(1-2/24)*(1-(IF(E15="INTERIOR",0.8,1)*CG15/30)^2)))) | CP15: =IF(BI15<>"SÍ","",DATOS!$C$87*CO15*(DATOS!$C$33*CF15+CM15*DATOS!$C$48)/1000) | CQ15: =IF(BI15<>"SÍ","",IF(CP15>0,BO15/CP15,99)) | CR15: =IF(BI15<>"SÍ","",MAX(0,F15*100-DATOS!$C$59)) | CS15: =IF(BI15<>"SÍ","",MAX(0,F15*100-DATOS!$C$59/2)) | CT15: =IF(BI15<>"SÍ","",CL15*DATOS!$C$48*CR15/100000) | CU15: =IF(BI15<>"SÍ","",IF(BN15<0,0.8*CT15*MAX(0,1+BN15/(0.8*CM15*DATOS!$C$48/1000)),IF(BN15<=CP15/3,0.8*CT15+0.3*BN15*CS15/100,(1.5*0.6*CT15+0.15*CP15*CS15/100)*MAX(0,1-BN15/CP15)))) | CV15: =IF(BI15<>"SÍ","",IF(BO15<0,0.8*CT15*MAX(0,1+BO15/(0.8*CM15*DATOS!$C$48/1000)),IF(BO15<=CP15/3,0.8*CT15+0.3*BO15*CS15/100,(1.5*0.6*CT15+0.15*CP15*CS15/100)*MAX(0,1-BO15/CP15)))) | CW15: =IF(BI15<>"SÍ","",MAX(0,MIN(CU15,CV15))) | CX15: =IF(BI15<>"SÍ","",IF(CW15>0,BL15/CW15,IF(BL15>0,99,0))) | CY15: =IF(BI15<>"SÍ","",IF(BW15>0,MAX(1,MIN(1.5,1.5-0.625*(BS15/BW15-0.2))),0)) | CZ15: =IF(BI15<>"SÍ","",IF(BX15>0,MAX(1,MIN(1.5,1.5-0.625*(BS15/BX15-0.2))),0)) | DA15: =IF(BI15<>"SÍ","",IF(BY15>0,MAX(1,MIN(1.5,1.5-0.625*(BS15/BY15-0.2))),0)) | DB15: =IF(BI15<>"SÍ","",IF(BZ15>0,MAX(1,MIN(1.5,1.5-0.625*(BS15/BZ15-0.2))),0)) | DC15: =IF(BI15<>"SÍ","",IF(CA15>0,MAX(1,MIN(1.5,1.5-0.625*(BS15/CA15-0.2))),0)) | DD15: =IF(BI15<>"SÍ","",IF(OR(BW15<DATOS!$C$72-0.0001,BM15<0,CB15<=0),0,MIN(DATOS!$C$86*(0.5*DATOS!$C$41*BT15*BW15*100+0.3*BM15*BW15/CB15*1000)*CY15,1.5*DATOS!$C$86*DATOS!$C$41*BT15*BW15*100*CY15)/1000)) | DE15: =IF(BI15<>"SÍ","",IF(OR(BX15<DATOS!$C$72-0.0001,BM15<0,CB15<=0),0,MIN(DATOS!$C$86*(0.5*DATOS!$C$41*BT15*BX15*100+0.3*BM15*BX15/CB15*1000)*CZ15,1.5*DATOS!$C$86*DATOS!$C$41*BT15*BX15*100*CZ15)/1000)) | DF15: =IF(BI15<>"SÍ","",IF(OR(BY15<DATOS!$C$72-0.0001,BM15<0,CB15<=0),0,MIN(DATOS!$C$86*(0.5*DATOS!$C$41*BT15*BY15*100+0.3*BM15*BY15/CB15*1000)*DA15,1.5*DATOS!$C$86*DATOS!$C$41*BT15*BY15*100*DA15)/1000)) | DG15: =IF(BI15<>"SÍ","",IF(OR(BZ15<DATOS!$C$72-0.0001,BM15<0,CB15<=0),0,MIN(DATOS!$C$86*(0.5*DATOS!$C$41*BT15*BZ15*100+0.3*BM15*BZ15/CB15*1000)*DB15,1.5*DATOS!$C$86*DATOS!$C$41*BT15*BZ15*100*DB15)/1000)) | DH15: =IF(BI15<>"SÍ","",IF(OR(CA15<DATOS!$C$72-0.0001,BM15<0,CB15<=0),0,MIN(DATOS!$C$86*(0.5*DATOS!$C$41*BT15*CA15*100+0.3*BM15*CA15/CB15*1000)*DC15,1.5*DATOS!$C$86*DATOS!$C$41*BT15*CA15*100*DC15)/1000)) | DI15: =IF(BI15<>"SÍ","",SUM(DD15:DH15)) | DJ15: =IF(BI15<>"SÍ","",IF(AE15="VARILLA EN JUNTAS",IF(ISNUMBER(AF15),AF15,2)*INDEX(TABLAS!$D$6:$D$14,MATCH(IF(AG15<>"",AG15,DATOS!$C$73),TABLAS!$B$6:$B$14,0)),IF(AE15="MALLA",IF(ISNUMBER(AF15),AF15,1)*INDEX(TABLAS!$D$19:$D$22,MATCH(IF(AG15<>"",AG15,DATOS!$C$74),TABLAS!$B$19:$B$22,0))/100,IF(AE15="ESCALERILLA",IF(ISNUMBER(AF15),AF15,2)*INDEX(TABLAS!$D$6:$D$14,MATCH(IF(AG15<>"",AG15,DATOS!$C$73),TABLAS!$B$6:$B$14,0)),0)))) | DK15: =IF(BI15<>"SÍ","",IF(OR(AE15="VARILLA EN JUNTAS",AE15="ESCALERILLA"),IF(ISNUMBER(AH15),AH15,2)*DATOS!$C$26,IF(AE15="MALLA",1,0))) | DL15: =IF(BI15<>"SÍ","",IF(DK15>0,DJ15/(DK15*BT15)*MIN(DATOS!$C$50,IF(AE15="MALLA",5000,6000)),0)) | DM15: =IF(BI15<>"SÍ","",IF(AE15="ESCALERILLA",0,MIN(DL15,0.1*DATOS!$C$33*DATOS!$C$24))) | DN15: =IF(BI15<>"SÍ","",IF(AE15="MALLA",0.5,IF(DATOS!$C$33<=60,0.55,IF(DATOS!$C$33>=90,0.75,0.55+0.2*(DATOS!$C$33-60)/30)))) | DO15: =IF(BI15<>"SÍ","",1-DATOS!$C$91*DM15) | DP15: =IF(BI15<>"SÍ","",IF(BW15>0,IF(BS15/BW15<=1,1.3,IF(BS15/BW15>=1.5,1,1.3-0.6*(BS15/BW15-1))),0)) | DQ15: =IF(BI15<>"SÍ","",IF(BX15>0,IF(BS15/BX15<=1,1.3,IF(BS15/BX15>=1.5,1,1.3-0.6*(BS15/BX15-1))),0)) | DR15: =IF(BI15<>"SÍ","",IF(BY15>0,IF(BS15/BY15<=1,1.3,IF(BS15/BY15>=1.5,1,1.3-0.6*(BS15/BY15-1))),0)) | DS15: =IF(BI15<>"SÍ","",IF(BZ15>0,IF(BS15/BZ15<=1,1.3,IF(BS15/BZ15>=1.5,1,1.3-0.6*(BS15/BZ15-1))),0)) | DT15: =IF(BI15<>"SÍ","",IF(CA15>0,IF(BS15/CA15<=1,1.3,IF(BS15/CA15>=1.5,1,1.3-0.6*(BS15/CA15-1))),0)) | DU15: =IF(BI15<>"SÍ","",IF(OR(DM15<=0,BW15<DATOS!$C$72-0.0001),0,DATOS!$C$86*MAX(0,IF(BM15>=0,DD15/(DATOS!$C$86*DM15*BT15*BW15*100/1000)*(DP15*DO15-1)+DN15,DO15*DN15))*DM15*BT15*BW15*100/1000)) | DV15: =IF(BI15<>"SÍ","",IF(OR(DM15<=0,BX15<DATOS!$C$72-0.0001),0,DATOS!$C$86*MAX(0,IF(BM15>=0,DE15/(DATOS!$C$86*DM15*BT15*BX15*100/1000)*(DQ15*DO15-1)+DN15,DO15*DN15))*DM15*BT15*BX15*100/1000)) | DW15: =IF(BI15<>"SÍ","",IF(OR(DM15<=0,BY15<DATOS!$C$72-0.0001),0,DATOS!$C$86*MAX(0,IF(BM15>=0,DF15/(DATOS!$C$86*DM15*BT15*BY15*100/1000)*(DR15*DO15-1)+DN15,DO15*DN15))*DM15*BT15*BY15*100/1000)) | DX15: =IF(BI15<>"SÍ","",IF(OR(DM15<=0,BZ15<DATOS!$C$72-0.0001),0,DATOS!$C$86*MAX(0,IF(BM15>=0,DG15/(DATOS!$C$86*DM15*BT15*BZ15*100/1000)*(DS15*DO15-1)+DN15,DO15*DN15))*DM15*BT15*BZ15*100/1000)) | DY15: =IF(BI15<>"SÍ","",IF(OR(DM15<=0,CA15<DATOS!$C$72-0.0001),0,DATOS!$C$86*MAX(0,IF(BM15>=0,DH15/(DATOS!$C$86*DM15*BT15*CA15*100/1000)*(DT15*DO15-1)+DN15,DO15*DN15))*DM15*BT15*CA15*100/1000)) | DZ15: =IF(BI15<>"SÍ","",SUM(DU15:DY15)) | EA15: =IF(BI15<>"SÍ","",IF(OR(AE15="",AE15="NINGUNO"),IF(DATOS!$C$41>=10,"FALTA refuerzo horizontal: v'm ≥ 10 kg/cm² (6.5.2.2)",IF(AND(BM15<0,BK15>0),"FALTA: P en tensión, el refuerzo debe tomar todo el cortante (6.5.1.3)","—")),IF(AE15="ESCALERILLA","NO CUENTA: la escalerilla no se permite para cortante por sismo (6.5.3.1.2)",IF(AE15="MALLA",IF(AND(DL15>=2.5,DL15<=MAX(0.15*DATOS!$C$33*DATOS!$C$24,2.5)),"CUMPLE","NO CUMPLE: "&IF(DL15<2.5,"p_h·f_yh < 2.5 (6.5.4.2.4)","p_h·f_yh > 0.15·f'm·f_an (6.5.4.2.4)")),IF(AND(DK15<=MIN(6*DATOS!$C$26,45),DL15>=3,DL15<=MIN(MAX(0.15*DATOS!$C$33*DATOS!$C$24,3),0.05*DATOS!$C$25/10*MIN(DATOS!$C$50,6000)/DK15),INDEX(TABLAS!$C$6:$C$14,MATCH(IF(AG15<>"",AG15,DATOS!$C$73),TABLAS!$B$6:$B$14,0))>=0.35,INDEX(TABLAS!$C$6:$C$14,MATCH(IF(AG15<>"",AG15,DATOS!$C$73),TABLAS!$B$6:$B$14,0))<=0.75*DATOS!$C$25/10),"CUMPLE","NO CUMPLE: "&IF(DK15>MIN(6*DATOS!$C$26,45),"s_h > 6 hiladas o 45 cm (6.5.3.2.1) ","")&IF(DL15<3,"p_h·f_yh < 3 (6.5.3.3.1) ","")&IF(DL15>MIN(MAX(0.15*DATOS!$C$33*DATOS!$C$24,3),0.05*DATOS!$C$25/10*MIN(DATOS!$C$50,6000)/DK15),"p_h·f_yh > máximo (6.5.3.3.2) ","")&IF(OR(INDEX(TABLAS!$C$6:$C$14,MATCH(IF(AG15<>"",AG15,DATOS!$C$73),TABLAS!$B$6:$B$14,0))<0.35,INDEX(TABLAS!$C$6:$C$14,MATCH(IF(AG15<>"",AG15,DATOS!$C$73),TABLAS!$B$6:$B$14,0))>0.75*DATOS!$C$25/10),"diámetro fuera de 3.5 mm a 0.75·h_j (4.2.2.2.1)","")))))) | EB15: =IF(BI15<>"SÍ","",DI15+DZ15) | EC15: =IF(BI15<>"SÍ","",IF(EB15>0,BK15/EB15,IF(BK15>0,99,0))) | ED15: =IF(BI15<>"SÍ","",IF(CE15<=0,-1,IF(BK15<=DI15,0,IF(IF(BM15>=0,IF((DATOS!$C$86*IF(AE15="MALLA",0.5,IF(DATOS!$C$33<=60,0.55,IF(DATOS!$C$33>=90,0.75,0.55+0.2*(DATOS!$C$33-60)/30)))*CE15/1000-DATOS!$C$91*SUMPRODUCT(DP15:DT15,DD15:DH15))<=0,1E9,(BK15-SUMPRODUCT(DP15:DT15,DD15:DH15))/(DATOS!$C$86*IF(AE15="MALLA",0.5,IF(DATOS!$C$33<=60,0.55,IF(DATOS!$C$33>=90,0.75,0.55+0.2*(DATOS!$C$33-60)/30)))*CE15/1000-DATOS!$C$91*SUMPRODUCT(DP15:DT15,DD15:DH15))),IF((1-4*DATOS!$C$91*BK15*1000/(DATOS!$C$86*IF(AE15="MALLA",0.5,IF(DATOS!$C$33<=60,0.55,IF(DATOS!$C$33>=90,0.75,0.55+0.2*(DATOS!$C$33-60)/30)))*MAX(CE15,1)))<0,1E9,(1-SQRT((1-4*DATOS!$C$91*BK15*1000/(DATOS!$C$86*IF(AE15="MALLA",0.5,IF(DATOS!$C$33<=60,0.55,IF(DATOS!$C$33>=90,0.75,0.55+0.2*(DATOS!$C$33-60)/30)))*MAX(CE15,1)))))/(2*DATOS!$C$91)))>0.1*DATOS!$C$33*DATOS!$C$24+0.000001,-1,MAX(IF(AE15="MALLA",2.5,3),IF(BM15>=0,IF((DATOS!$C$86*IF(AE15="MALLA",0.5,IF(DATOS!$C$33<=60,0.55,IF(DATOS!$C$33>=90,0.75,0.55+0.2*(DATOS!$C$33-60)/30)))*CE15/1000-DATOS!$C$91*SUMPRODUCT(DP15:DT15,DD15:DH15))<=0,1E9,(BK15-SUMPRODUCT(DP15:DT15,DD15:DH15))/(DATOS!$C$86*IF(AE15="MALLA",0.5,IF(DATOS!$C$33<=60,0.55,IF(DATOS!$C$33>=90,0.75,0.55+0.2*(DATOS!$C$33-60)/30)))*CE15/1000-DATOS!$C$91*SUMPRODUCT(DP15:DT15,DD15:DH15))),IF((1-4*DATOS!$C$91*BK15*1000/(DATOS!$C$86*IF(AE15="MALLA",0.5,IF(DATOS!$C$33<=60,0.55,IF(DATOS!$C$33>=90,0.75,0.55+0.2*(DATOS!$C$33-60)/30)))*MAX(CE15,1)))<0,1E9,(1-SQRT((1-4*DATOS!$C$91*BK15*1000/(DATOS!$C$86*IF(AE15="MALLA",0.5,IF(DATOS!$C$33<=60,0.55,IF(DATOS!$C$33>=90,0.75,0.55+0.2*(DATOS!$C$33-60)/30)))*MAX(CE15,1)))))/(2*DATOS!$C$91)))))))) | EE15: =IF(BI15<>"SÍ","",IF(ED15=0,"NO REQUIERE: V_mR ≥ V_u",IF(ED15<0,"NO ALCANZA con refuerzo horizontal (haría falta más de 0.1·f'm·f_an efectivo): sube v'm con ensayes, el espesor o la longitud del muro",IF(AND(OR(AE15="VARILLA EN JUNTAS",AE15="MALLA"),LEFT(EA15,6)="CUMPLE",EC15<=1),"YA LO TIENE (pide p_h·f_yh ≥ "&TEXT(ED15,"0.0")&" kg/cm²)","p_h·f_yh ≥ "&TEXT(ED15,"0.0")&" kg/cm² → "&IF(AND(MIN(6,FLOOR(45/DATOS!$C$26,1),FLOOR((2*INDEX(TABLAS!$D$6:$D$14,MATCH("3/16 in",TABLAS!$B$6:$B$14,0)))*MIN(DATOS!$C$50,6000)/(BT15*DATOS!$C$26*MAX(ED15,0.001)),1))>=1,((2*INDEX(TABLAS!$D$6:$D$14,MATCH("3/16 in",TABLAS!$B$6:$B$14,0)))*MIN(DATOS!$C$50,6000)/(MAX(MIN(6,FLOOR(45/DATOS!$C$26,1),FLOOR((2*INDEX(TABLAS!$D$6:$D$14,MATCH("3/16 in",TABLAS!$B$6:$B$14,0)))*MIN(DATOS!$C$50,6000)/(BT15*DATOS!$C$26*MAX(ED15,0.001)),1)),1)*DATOS!$C$26*BT15))<=MIN(MAX(0.15*DATOS!$C$33*DATOS!$C$24,3),0.05*DATOS!$C$25/10*MIN(DATOS!$C$50,6000)/(MIN(6,FLOOR(45/DATOS!$C$26,1),FLOOR((2*INDEX(TABLAS!$D$6:$D$14,MATCH("3/16 in",TABLAS!$B$6:$B$14,0)))*MIN(DATOS!$C$50,6000)/(BT15*DATOS!$C$26*MAX(ED15,0.001)),1))*DATOS!$C$26))),"2 alambres de 3/16"" por junta cada "&MIN(6,FLOOR(45/DATOS!$C$26,1),FLOOR((2*INDEX(TABLAS!$D$6:$D$14,MATCH("3/16 in",TABLAS!$B$6:$B$14,0)))*MIN(DATOS!$C$50,6000)/(BT15*DATOS!$C$26*MAX(ED15,0.001)),1))&" hilada(s) (p_h·f_yh = "&TEXT(((2*INDEX(TABLAS!$D$6:$D$14,MATCH("3/16 in",TABLAS!$B$6:$B$14,0)))*MIN(DATOS!$C$50,6000)/(MAX(MIN(6,FLOOR(45/DATOS!$C$26,1),FLOOR((2*INDEX(TABLAS!$D$6:$D$14,MATCH("3/16 in",TABLAS!$B$6:$B$14,0)))*MIN(DATOS!$C$50,6000)/(BT15*DATOS!$C$26*MAX(ED15,0.001)),1)),1)*DATOS!$C$26*BT15)),"0.00")&")",IF(AND(MIN(6,FLOOR(45/DATOS!$C$26,1),FLOOR((2*INDEX(TABLAS!$D$6:$D$14,MATCH("5/32 in",TABLAS!$B$6:$B$14,0)))*MIN(DATOS!$C$50,6000)/(BT15*DATOS!$C$26*MAX(ED15,0.001)),1))>=1,((2*INDEX(TABLAS!$D$6:$D$14,MATCH("5/32 in",TABLAS!$B$6:$B$14,0)))*MIN(DATOS!$C$50,6000)/(MAX(MIN(6,FLOOR(45/DATOS!$C$26,1),FLOOR((2*INDEX(TABLAS!$D$6:$D$14,MATCH("5/32 in",TABLAS!$B$6:$B$14,0)))*MIN(DATOS!$C$50,6000)/(BT15*DATOS!$C$26*MAX(ED15,0.001)),1)),1)*DATOS!$C$26*BT15))<=MIN(MAX(0.15*DATOS!$C$33*DATOS!$C$24,3),0.05*DATOS!$C$25/10*MIN(DATOS!$C$50,6000)/(MIN(6,FLOOR(45/DATOS!$C$26,1),FLOOR((2*INDEX(TABLAS!$D$6:$D$14,MATCH("5/32 in",TABLAS!$B$6:$B$14,0)))*MIN(DATOS!$C$50,6000)/(BT15*DATOS!$C$26*MAX(ED15,0.001)),1))*DATOS!$C$26))),"2 alambres de 5/32"" por junta cada "&MIN(6,FLOOR(45/DATOS!$C$26,1),FLOOR((2*INDEX(TABLAS!$D$6:$D$14,MATCH("5/32 in",TABLAS!$B$6:$B$14,0)))*MIN(DATOS!$C$50,6000)/(BT15*DATOS!$C$26*MAX(ED15,0.001)),1))&" hilada(s) (p_h·f_yh = "&TEXT(((2*INDEX(TABLAS!$D$6:$D$14,MATCH("5/32 in",TABLAS!$B$6:$B$14,0)))*MIN(DATOS!$C$50,6000)/(MAX(MIN(6,FLOOR(45/DATOS!$C$26,1),FLOOR((2*INDEX(TABLAS!$D$6:$D$14,MATCH("5/32 in",TABLAS!$B$6:$B$14,0)))*MIN(DATOS!$C$50,6000)/(BT15*DATOS!$C$26*MAX(ED15,0.001)),1)),1)*DATOS!$C$26*BT15)),"0.00")&")",IF(AND(MIN(6,FLOOR(45/DATOS!$C$26,1),FLOOR((1*INDEX(TABLAS!$D$6:$D$14,MATCH("3/16 in",TABLAS!$B$6:$B$14,0)))*MIN(DATOS!$C$50,6000)/(BT15*DATOS!$C$26*MAX(ED15,0.001)),1))>=1,((1*INDEX(TABLAS!$D$6:$D$14,MATCH("3/16 in",TABLAS!$B$6:$B$14,0)))*MIN(DATOS!$C$50,6000)/(MAX(MIN(6,FLOOR(45/DATOS!$C$26,1),FLOOR((1*INDEX(TABLAS!$D$6:$D$14,MATCH("3/16 in",TABLAS!$B$6:$B$14,0)))*MIN(DATOS!$C$50,6000)/(BT15*DATOS!$C$26*MAX(ED15,0.001)),1)),1)*DATOS!$C$26*BT15))<=MIN(MAX(0.15*DATOS!$C$33*DATOS!$C$24,3),0.05*DATOS!$C$25/10*MIN(DATOS!$C$50,6000)/(MIN(6,FLOOR(45/DATOS!$C$26,1),FLOOR((1*INDEX(TABLAS!$D$6:$D$14,MATCH("3/16 in",TABLAS!$B$6:$B$14,0)))*MIN(DATOS!$C$50,6000)/(BT15*DATOS!$C$26*MAX(ED15,0.001)),1))*DATOS!$C$26))),"1 alambre de 3/16"" por junta cada "&MIN(6,FLOOR(45/DATOS!$C$26,1),FLOOR((1*INDEX(TABLAS!$D$6:$D$14,MATCH("3/16 in",TABLAS!$B$6:$B$14,0)))*MIN(DATOS!$C$50,6000)/(BT15*DATOS!$C$26*MAX(ED15,0.001)),1))&" hilada(s) (p_h·f_yh = "&TEXT(((1*INDEX(TABLAS!$D$6:$D$14,MATCH("3/16 in",TABLAS!$B$6:$B$14,0)))*MIN(DATOS!$C$50,6000)/(MAX(MIN(6,FLOOR(45/DATOS!$C$26,1),FLOOR((1*INDEX(TABLAS!$D$6:$D$14,MATCH("3/16 in",TABLAS!$B$6:$B$14,0)))*MIN(DATOS!$C$50,6000)/(BT15*DATOS!$C$26*MAX(ED15,0.001)),1)),1)*DATOS!$C$26*BT15)),"0.00")&")",IF(AND(MIN(6,FLOOR(45/DATOS!$C$26,1),FLOOR((1*INDEX(TABLAS!$D$6:$D$14,MATCH("5/32 in",TABLAS!$B$6:$B$14,0)))*MIN(DATOS!$C$50,6000)/(BT15*DATOS!$C$26*MAX(ED15,0.001)),1))>=1,((1*INDEX(TABLAS!$D$6:$D$14,MATCH("5/32 in",TABLAS!$B$6:$B$14,0)))*MIN(DATOS!$C$50,6000)/(MAX(MIN(6,FLOOR(45/DATOS!$C$26,1),FLOOR((1*INDEX(TABLAS!$D$6:$D$14,MATCH("5/32 in",TABLAS!$B$6:$B$14,0)))*MIN(DATOS!$C$50,6000)/(BT15*DATOS!$C$26*MAX(ED15,0.001)),1)),1)*DATOS!$C$26*BT15))<=MIN(MAX(0.15*DATOS!$C$33*DATOS!$C$24,3),0.05*DATOS!$C$25/10*MIN(DATOS!$C$50,6000)/(MIN(6,FLOOR(45/DATOS!$C$26,1),FLOOR((1*INDEX(TABLAS!$D$6:$D$14,MATCH("5/32 in",TABLAS!$B$6:$B$14,0)))*MIN(DATOS!$C$50,6000)/(BT15*DATOS!$C$26*MAX(ED15,0.001)),1))*DATOS!$C$26))),"1 alambre de 5/32"" por junta cada "&MIN(6,FLOOR(45/DATOS!$C$26,1),FLOOR((1*INDEX(TABLAS!$D$6:$D$14,MATCH("5/32 in",TABLAS!$B$6:$B$14,0)))*MIN(DATOS!$C$50,6000)/(BT15*DATOS!$C$26*MAX(ED15,0.001)),1))&" hilada(s) (p_h·f_yh = "&TEXT(((1*INDEX(TABLAS!$D$6:$D$14,MATCH("5/32 in",TABLAS!$B$6:$B$14,0)))*MIN(DATOS!$C$50,6000)/(MAX(MIN(6,FLOOR(45/DATOS!$C$26,1),FLOOR((1*INDEX(TABLAS!$D$6:$D$14,MATCH("5/32 in",TABLAS!$B$6:$B$14,0)))*MIN(DATOS!$C$50,6000)/(BT15*DATOS!$C$26*MAX(ED15,0.001)),1)),1)*DATOS!$C$26*BT15)),"0.00")&")","ninguna combinación de 1 o 2 alambres por junta queda entre el mínimo y el máximo: revisa con malla (6.5.4)")))))))) | EF15: =IF(BI15<>"SÍ","",IF(AI15="SÍ",N(AK15)*N(AL15)^3/12,0)) | EG15: =IF(BI15<>"SÍ","",IF(AND(AI15="SÍ",N(AM15)>0),MIN(1,F15/AM15),0)) | EH15: =IF(BI15<>"SÍ","",IF(AI15="SÍ",BP15*1000/(BT15*F15*100)*BT15*(EG15^4-4*EG15^3+8*EG15),0)) | EI15: =IF(BI15<>"SÍ","",IF(AND(AI15="SÍ",EH15>0),EH15/(EH15+5*N(AN15)*10),0)) | EJ15: =IF(BI15<>"SÍ","",IF(AND(AI15="SÍ",EI15>0,EF15>0),(DATOS!$C$43*BT15*(AM15*100)^3/(DATOS!$C$53*EF15*EI15))^0.25,0)) | EK15: =IF(BI15<>"SÍ","",IF(AI15<>"SÍ",0,IF(N(AM15)<=F15,1,IF(MIN(1,N(AO15)/((AM15-F15)/2))<=0.5,0.7+0.6*MIN(1,N(AO15)/((AM15-F15)/2)),1.5-MIN(1,N(AO15)/((AM15-F15)/2)))))) | EL15: =IF(BI15<>"SÍ","",IF(AI15<>"SÍ",0,MAX(1,IF(EG15>=1,(1.6*EJ15-3.9),IF(EG15<0.9,((3.2*EJ15-7.8)*EK15),((3.2*EJ15-7.8)*EK15)+((1.6*EJ15-3.9)-((3.2*EJ15-7.8)*EK15))*(EG15-0.9)/0.1))))) | EM15: =IF(BI15<>"SÍ","",IF(AI15="SÍ",EL15*BP15*1000/(BT15*F15*100),0)) | EN15: =IF(BI15<>"SÍ","",IF(AND(AI15="SÍ",N(AL15)>0),AM15*100/AL15,0)) | EO15: =IF(BI15<>"SÍ","",IF(AI15="SÍ",(1/15*DATOS!$C$53*N(AK15)/MAX((IF(ISNUMBER(AP15),AP15,BP15/DATOS!$C$90)*1000/(BT15*F15*100)*BT15*(EG15^4-4*EG15^3+8*EG15))+5*N(AN15)/DATOS!$C$90*10,0.001))^(1/3),0)) | EP15: =IF(BI15<>"SÍ","",IF(AI15<>"SÍ","—",IF(OR(N(AK15)<=0,N(AL15)<=0,N(AM15)<=0),"REVISAR: faltan b, h o L_v de la viga",IF(AND(EM15<=DATOS!$C$87*DATOS!$C$33,EN15<=14,N(AL15)>=25,EN15<=EO15),IF(BS15/F15<0.6,"PENDIENTE: H/L < 0.6, falta el análisis de interacción muro–viga (4.1.18.2.1); f_CM es estimado","CUMPLE"),"NO CUMPLE: "&IF(EM15>DATOS!$C$87*DATOS!$C$33,"f_CM > F_R·f'm ","")&IF(EN15>14,"L_v/h_v > 14 ","")&IF(N(AL15)<25,"h_v < 25 cm ","")&IF(EN15>EO15,"flecha (4.1.18.3)",""))))) | EQ15: =IF(BI15<>"SÍ","",MAX(0,F15*BS15-(N(K15)*N(M15)+N(P15)*N(R15)+N(U15)*N(W15)+N(Z15)*N(AB15))-CK15*DATOS!$C$59/100*BS15)) | ER15: =IF(BI15<>"SÍ","",CK15*DATOS!$C$59*DATOS!$C$60/10000*BS15) | ES15: =IF(BI15<>"SÍ","",CK15*(DATOS!$C$61*(BS15+0.6)*INDEX(TABLAS!$E$6:$E$14,MATCH(DATOS!$C$62,TABLAS!$B$6:$B$14,0))+(2*ROUNDUP(CN15/DATOS!$C$65,0)+ROUNDUP(MAX(0,BS15*100-2*CN15)/DATOS!$C$64,0))*((2*(DATOS!$C$60+DATOS!$C$59-4*(DATOS!$C$66-INDEX(TABLAS!$C$6:$C$14,MATCH(DATOS!$C$63,TABLAS!$B$6:$B$14,0))))+15)/100)*INDEX(TABLAS!$E$6:$E$14,MATCH(DATOS!$C$63,TABLAS!$B$6:$B$14,0)))) | ET15: =IF(BI15<>"SÍ","",IF(OR(AE15="VARILLA EN JUNTAS",AE15="ESCALERILLA"),INT(BS15*100/MAX(DK15,1))*IF(ISNUMBER(AF15),AF15,2)*CB15*INDEX(TABLAS!$E$6:$E$14,MATCH(IF(AG15<>"",AG15,DATOS!$C$73),TABLAS!$B$6:$B$14,0)),IF(AE15="MALLA",IF(ISNUMBER(AF15),AF15,1)*CB15*BS15*INDEX(TABLAS!$E$19:$E$22,MATCH(IF(AG15<>"",AG15,DATOS!$C$74),TABLAS!$B$19:$B$22,0)),0))) | EU15: =IF(BI15<>"SÍ","",""&IF(BJ15="NO ESTÁ EN PIER_FORCES","sin fuerzas en PIER_FORCES; ","")&IF(BV15<>"CUMPLE","vanos; ","")&IF(LEFT(CH15,2)="NO","espesor o esbeltez; ","")&IF(CQ15>1,"compresión; ","")&IF(CX15>1,"flexión; ","")&IF(CB15<=0,"sin tramos de muro (todos son machones menores que L mín.: diséñalos como columnas o baja L mín.); ",IF(EC15>1,"cortante; ",""))&IF(OR(LEFT(EA15,2)="NO",LEFT(EA15,5)="FALTA"),"refuerzo horizontal; ","")&IF(OR(LEFT(EP15,2)="NO",LEFT(EP15,7)="REVISAR"),"muro sobre viga; ","")&IF(LEFT(DATOS!$C$81,2)="NO","castillo típico; ","")&IF(LEFT(DATOS!$C$82,2)="NO","dala típica; ","")&IF(AND(BT15<>DATOS!$C$58,DATOS!$C$60<BT15),"castillo más angosto que el muro; ","")) | EV15: =IF(BI15<>"SÍ","",""&IF(LEFT(EP15,9)="PENDIENTE","análisis muro–viga (H/L < 0.6); ","")&IF(BR15>50,"V_u casi todo por carga vertical; ","")&IF(OR(LEFT(DATOS!$C$42,9)="PENDIENTE",LEFT(DATOS!$C$34,9)="PENDIENTE"),"v'm provisional; ","")&IF(OR(LEFT(DATOS!$C$42,2)="NO",LEFT(DATOS!$C$34,2)="NO"),"f'm o v'm no válido; ","")) | EW15: =IF(BI15<>"SÍ","",IF(EU15<>"","NO CUMPLE: "&LEFT(EU15,LEN(EU15)-2),IF(EV15<>"","CUMPLE — PENDIENTE: "&LEFT(EV15,LEN(EV15)-2),"CUMPLE")))
A16: =IF(B16="","",ROW()-10) | AX16: =IF(B16="","",C16&"|"&B16) | AY16: =IF(B16="","",COUNTIFS(PIER_FORCES!$O$9:$O$3008,6,PIER_FORCES!$P$9:$P$3008,1)) | AZ16: =IF(B16="","",COUNTIFS(PIER_FORCES!$O$9:$O$3008,6,PIER_FORCES!$P$9:$P$3008,2)) | BA16: =IF(N(AY16)=0,0,SUMPRODUCT(MAX((PIER_FORCES!$O$9:$O$3008=6)*(PIER_FORCES!$P$9:$P$3008=1)*PIER_FORCES!$R$9:$R$3008))) -> 0 | BB16: =IF(N(AY16)=0,0,SUMPRODUCT(MAX((PIER_FORCES!$O$9:$O$3008=6)*(PIER_FORCES!$P$9:$P$3008=1)*PIER_FORCES!$S$9:$S$3008))) -> 0 | BC16: =IF(N(AY16)=0,0,-SUMPRODUCT(MAX((PIER_FORCES!$O$9:$O$3008=6)*(PIER_FORCES!$P$9:$P$3008=1)*(-PIER_FORCES!$Q$9:$Q$3008)+(1-(PIER_FORCES!$O$9:$O$3008=6)*(PIER_FORCES!$P$9:$P$3008=1))*(-1E9)))) -> 0 | BD16: =IF(N(AY16)=0,0,SUMPRODUCT(MAX((PIER_FORCES!$O$9:$O$3008=6)*(PIER_FORCES!$P$9:$P$3008=1)*PIER_FORCES!$Q$9:$Q$3008+(1-(PIER_FORCES!$O$9:$O$3008=6)*(PIER_FORCES!$P$9:$P$3008=1))*(-1E9)))) -> 0 | BE16: =IF(N(AZ16)=0,BD16,SUMPRODUCT(MAX((PIER_FORCES!$O$9:$O$3008=6)*(PIER_FORCES!$P$9:$P$3008=2)*PIER_FORCES!$Q$9:$Q$3008+(1-(PIER_FORCES!$O$9:$O$3008=6)*(PIER_FORCES!$P$9:$P$3008=2))*(-1E9)))) -> 0 | BF16: =IF(N(AZ16)=0,0,SUMPRODUCT(MAX((PIER_FORCES!$O$9:$O$3008=6)*(PIER_FORCES!$P$9:$P$3008=2)*PIER_FORCES!$R$9:$R$3008))) -> 0 | BG16: =IF(N(AY16)=0,0,SUMPRODUCT(MAX((PIER_FORCES!$O$9:$O$3008=6)*(PIER_FORCES!$P$9:$P$3008=1)*(ABS(PIER_FORCES!$R$9:$R$3008-BA16)<0.000001)*PIER_FORCES!$T$9:$T$3008))) -> 0 | BH16: =IF(N(BG16)=0,"",INDEX(PIER_FORCES!$D$9:$D$3008,BG16)&" "&INDEX(PIER_FORCES!$F$9:$F$3008,BG16)&" / "&INDEX(PIER_FORCES!$G$9:$G$3008,BG16)) | BI16: =IF(B16="","",IF(AND(C16<>"",OR(D16="X",D16="Y"),ISNUMBER(F16),N(F16)>0),"SÍ","NO")) | BJ16: =IF(BI16<>"SÍ","",IF(DATOS!$C$108="ETABS (PIER_FORCES)",IF(N(AY16)>0,"ETABS","NO ESTÁ EN PIER_FORCES"),"CAPTURA")) | BK16: =IF(BI16<>"SÍ","",IF(BJ16="ETABS",BA16,IF(BJ16="CAPTURA",N(AQ16),0))) | BL16: =IF(BI16<>"SÍ","",IF(BJ16="ETABS",BB16,IF(BJ16="CAPTURA",N(AR16),0))) | BM16: =IF(BI16<>"SÍ","",IF(BJ16="ETABS",BC16/DATOS!$C$89,IF(BJ16="CAPTURA",N(AS16),0))) | BN16: =IF(BI16<>"SÍ","",IF(BJ16="ETABS",BC16,IF(BJ16="CAPTURA",IF(ISNUMBER(AU16),AU16,N(AS16)*DATOS!$C$89),0))) | BO16: =IF(BI16<>"SÍ","",IF(BJ16="ETABS",MAX(BD16,BE16),IF(BJ16="CAPTURA",N(AT16),0))) | BP16: =IF(BI16<>"SÍ","",IF(BJ16="ETABS",BE16,IF(BJ16="CAPTURA",IF(ISNUMBER(AV16),AV16,N(AT16)),0))) | BQ16: =IF(BI16<>"SÍ","",IF(BJ16="ETABS",BF16,IF(BJ16="CAPTURA",N(AW16),0))) | BR16: =IF(BI16<>"SÍ","",IF(BK16>0,100*BQ16/BK16,0)) | BS16: =IF(BI16<>"SÍ","",IF(ISNUMBER(G16),G16,DATOS!$C$57)) | BT16: =IF(BI16<>"SÍ","",IF(ISNUMBER(H16),H16,DATOS!$C$58)) | BU16: =IF(BI16<>"SÍ","",IF(N(K16)>0,1+IF(N(P16)>0,1+IF(N(U16)>0,1+IF(N(Z16)>0,1,0),0),0),0)) | BV16: =IF(BI16<>"SÍ","",IF(AND(OR(BU16<1,AND(N(J16)>=0-0.001,J16+K16<=F16+0.001,N(L16)>=0,N(L16)+N(M16)<=BS16+0.001,N(M16)>0,OR(I16="PUERTA",I16="VENTANA"))),OR(BU16<2,AND(N(O16)>=(J16+K16)-0.001,O16+P16<=F16+0.001,N(Q16)>=0,N(Q16)+N(R16)<=BS16+0.001,N(R16)>0,OR(N16="PUERTA",N16="VENTANA"))),OR(BU16<3,AND(N(T16)>=(O16+P16)-0.001,T16+U16<=F16+0.001,N(V16)>=0,N(V16)+N(W16)<=BS16+0.001,N(W16)>0,OR(S16="PUERTA",S16="VENTANA"))),OR(BU16<4,AND(N(Y16)>=(T16+U16)-0.001,Y16+Z16<=F16+0.001,N(AA16)>=0,N(AA16)+N(AB16)<=BS16+0.001,N(AB16)>0,OR(X16="PUERTA",X16="VENTANA"))),(N(K16)>0)+(N(P16)>0)+(N(U16)>0)+(N(Z16)>0)=BU16),"CUMPLE","REVISAR VANOS: tipo, orden de izquierda a derecha, que quepan en L y en H")) | BW16: =IF(BI16<>"SÍ","",MAX(0,IF(BU16>=1,N(J16),F16))) | BX16: =IF(BI16<>"SÍ","",MAX(0,IF(BU16>=2,N(O16)-(N(J16)+N(K16)),IF(BU16=1,F16-(N(J16)+N(K16)),0)))) | BY16: =IF(BI16<>"SÍ","",MAX(0,IF(BU16>=3,N(T16)-(N(O16)+N(P16)),IF(BU16=2,F16-(N(O16)+N(P16)),0)))) | BZ16: =IF(BI16<>"SÍ","",MAX(0,IF(BU16>=4,N(Y16)-(N(T16)+N(U16)),IF(BU16=3,F16-(N(T16)+N(U16)),0)))) | CA16: =IF(BI16<>"SÍ","",MAX(0,IF(BU16=4,F16-(N(Y16)+N(Z16)),0))) | CB16: =IF(BI16<>"SÍ","",SUMPRODUCT((BW16:CA16>=DATOS!$C$72-0.0001)*BW16:CA16)) | CC16: =IF(BI16<>"SÍ","",SUMPRODUCT(--(BW16:CA16>=DATOS!$C$72-0.0001))) | CD16: =IF(BI16<>"SÍ","",SUM(BW16:CA16)) | CE16: =IF(BI16<>"SÍ","",BT16*CB16*100) | CF16: =IF(BI16<>"SÍ","",BT16*CD16*100) | CG16: =IF(BI16<>"SÍ","",BS16*100/BT16) | CH16: =IF(BI16<>"SÍ","",IF(AND(OR(DATOS!$C$14="TIPO II",BT16>=12),CG16<=25),"CUMPLE","NO CUMPLE: "&IF(AND(DATOS!$C$14="TIPO I",BT16<12),"t < 12 cm ","")&IF(CG16>25,"H/t > 25",""))) | CI16: =IF(BI16<>"SÍ","",MIN(1.5*BS16,4)) | CJ16: =IF(BI16<>"SÍ","",SUMPRODUCT((BW16:CA16>=2*DATOS!$C$59/100)*INT((BW16:CA16-DATOS!$C$59/100)/CI16-0.000001)*((BW16:CA16-DATOS!$C$59/100)>0))) | CK16: =IF(BI16<>"SÍ","",SUMPRODUCT((BW16:CA16>0.0001)*1+(BW16:CA16>=2*DATOS!$C$59/100)*1)+CJ16) | CL16: =IF(BI16<>"SÍ","",IF(ISNUMBER(AC16),AC16,DATOS!$C$61)*INDEX(TABLAS!$D$6:$D$14,MATCH(IF(AD16<>"",AD16,DATOS!$C$62),TABLAS!$B$6:$B$14,0))) | CM16: =IF(BI16<>"SÍ","",CK16*DATOS!$C$78+IF(CK16>=2,2,CK16)*(CL16-DATOS!$C$78)) | CN16: =IF(BI16<>"SÍ","",MAX(BS16*100/6,40)) | CO16: =IF(BI16<>"SÍ","",IF(CG16<=20,IF(E16="INTERIOR",0.7,0.6),MIN(IF(E16="INTERIOR",0.7,0.6),(1-2/24)*(1-(IF(E16="INTERIOR",0.8,1)*CG16/30)^2)))) | CP16: =IF(BI16<>"SÍ","",DATOS!$C$87*CO16*(DATOS!$C$33*CF16+CM16*DATOS!$C$48)/1000) | CQ16: =IF(BI16<>"SÍ","",IF(CP16>0,BO16/CP16,99)) | CR16: =IF(BI16<>"SÍ","",MAX(0,F16*100-DATOS!$C$59)) | CS16: =IF(BI16<>"SÍ","",MAX(0,F16*100-DATOS!$C$59/2)) | CT16: =IF(BI16<>"SÍ","",CL16*DATOS!$C$48*CR16/100000) | CU16: =IF(BI16<>"SÍ","",IF(BN16<0,0.8*CT16*MAX(0,1+BN16/(0.8*CM16*DATOS!$C$48/1000)),IF(BN16<=CP16/3,0.8*CT16+0.3*BN16*CS16/100,(1.5*0.6*CT16+0.15*CP16*CS16/100)*MAX(0,1-BN16/CP16)))) | CV16: =IF(BI16<>"SÍ","",IF(BO16<0,0.8*CT16*MAX(0,1+BO16/(0.8*CM16*DATOS!$C$48/1000)),IF(BO16<=CP16/3,0.8*CT16+0.3*BO16*CS16/100,(1.5*0.6*CT16+0.15*CP16*CS16/100)*MAX(0,1-BO16/CP16)))) | CW16: =IF(BI16<>"SÍ","",MAX(0,MIN(CU16,CV16))) | CX16: =IF(BI16<>"SÍ","",IF(CW16>0,BL16/CW16,IF(BL16>0,99,0))) | CY16: =IF(BI16<>"SÍ","",IF(BW16>0,MAX(1,MIN(1.5,1.5-0.625*(BS16/BW16-0.2))),0)) | CZ16: =IF(BI16<>"SÍ","",IF(BX16>0,MAX(1,MIN(1.5,1.5-0.625*(BS16/BX16-0.2))),0)) | DA16: =IF(BI16<>"SÍ","",IF(BY16>0,MAX(1,MIN(1.5,1.5-0.625*(BS16/BY16-0.2))),0)) | DB16: =IF(BI16<>"SÍ","",IF(BZ16>0,MAX(1,MIN(1.5,1.5-0.625*(BS16/BZ16-0.2))),0)) | DC16: =IF(BI16<>"SÍ","",IF(CA16>0,MAX(1,MIN(1.5,1.5-0.625*(BS16/CA16-0.2))),0)) | DD16: =IF(BI16<>"SÍ","",IF(OR(BW16<DATOS!$C$72-0.0001,BM16<0,CB16<=0),0,MIN(DATOS!$C$86*(0.5*DATOS!$C$41*BT16*BW16*100+0.3*BM16*BW16/CB16*1000)*CY16,1.5*DATOS!$C$86*DATOS!$C$41*BT16*BW16*100*CY16)/1000)) | DE16: =IF(BI16<>"SÍ","",IF(OR(BX16<DATOS!$C$72-0.0001,BM16<0,CB16<=0),0,MIN(DATOS!$C$86*(0.5*DATOS!$C$41*BT16*BX16*100+0.3*BM16*BX16/CB16*1000)*CZ16,1.5*DATOS!$C$86*DATOS!$C$41*BT16*BX16*100*CZ16)/1000)) | DF16: =IF(BI16<>"SÍ","",IF(OR(BY16<DATOS!$C$72-0.0001,BM16<0,CB16<=0),0,MIN(DATOS!$C$86*(0.5*DATOS!$C$41*BT16*BY16*100+0.3*BM16*BY16/CB16*1000)*DA16,1.5*DATOS!$C$86*DATOS!$C$41*BT16*BY16*100*DA16)/1000)) | DG16: =IF(BI16<>"SÍ","",IF(OR(BZ16<DATOS!$C$72-0.0001,BM16<0,CB16<=0),0,MIN(DATOS!$C$86*(0.5*DATOS!$C$41*BT16*BZ16*100+0.3*BM16*BZ16/CB16*1000)*DB16,1.5*DATOS!$C$86*DATOS!$C$41*BT16*BZ16*100*DB16)/1000)) | DH16: =IF(BI16<>"SÍ","",IF(OR(CA16<DATOS!$C$72-0.0001,BM16<0,CB16<=0),0,MIN(DATOS!$C$86*(0.5*DATOS!$C$41*BT16*CA16*100+0.3*BM16*CA16/CB16*1000)*DC16,1.5*DATOS!$C$86*DATOS!$C$41*BT16*CA16*100*DC16)/1000)) | DI16: =IF(BI16<>"SÍ","",SUM(DD16:DH16)) | DJ16: =IF(BI16<>"SÍ","",IF(AE16="VARILLA EN JUNTAS",IF(ISNUMBER(AF16),AF16,2)*INDEX(TABLAS!$D$6:$D$14,MATCH(IF(AG16<>"",AG16,DATOS!$C$73),TABLAS!$B$6:$B$14,0)),IF(AE16="MALLA",IF(ISNUMBER(AF16),AF16,1)*INDEX(TABLAS!$D$19:$D$22,MATCH(IF(AG16<>"",AG16,DATOS!$C$74),TABLAS!$B$19:$B$22,0))/100,IF(AE16="ESCALERILLA",IF(ISNUMBER(AF16),AF16,2)*INDEX(TABLAS!$D$6:$D$14,MATCH(IF(AG16<>"",AG16,DATOS!$C$73),TABLAS!$B$6:$B$14,0)),0)))) | DK16: =IF(BI16<>"SÍ","",IF(OR(AE16="VARILLA EN JUNTAS",AE16="ESCALERILLA"),IF(ISNUMBER(AH16),AH16,2)*DATOS!$C$26,IF(AE16="MALLA",1,0))) | DL16: =IF(BI16<>"SÍ","",IF(DK16>0,DJ16/(DK16*BT16)*MIN(DATOS!$C$50,IF(AE16="MALLA",5000,6000)),0)) | DM16: =IF(BI16<>"SÍ","",IF(AE16="ESCALERILLA",0,MIN(DL16,0.1*DATOS!$C$33*DATOS!$C$24))) | DN16: =IF(BI16<>"SÍ","",IF(AE16="MALLA",0.5,IF(DATOS!$C$33<=60,0.55,IF(DATOS!$C$33>=90,0.75,0.55+0.2*(DATOS!$C$33-60)/30)))) | DO16: =IF(BI16<>"SÍ","",1-DATOS!$C$91*DM16) | DP16: =IF(BI16<>"SÍ","",IF(BW16>0,IF(BS16/BW16<=1,1.3,IF(BS16/BW16>=1.5,1,1.3-0.6*(BS16/BW16-1))),0)) | DQ16: =IF(BI16<>"SÍ","",IF(BX16>0,IF(BS16/BX16<=1,1.3,IF(BS16/BX16>=1.5,1,1.3-0.6*(BS16/BX16-1))),0)) | DR16: =IF(BI16<>"SÍ","",IF(BY16>0,IF(BS16/BY16<=1,1.3,IF(BS16/BY16>=1.5,1,1.3-0.6*(BS16/BY16-1))),0)) | DS16: =IF(BI16<>"SÍ","",IF(BZ16>0,IF(BS16/BZ16<=1,1.3,IF(BS16/BZ16>=1.5,1,1.3-0.6*(BS16/BZ16-1))),0)) | DT16: =IF(BI16<>"SÍ","",IF(CA16>0,IF(BS16/CA16<=1,1.3,IF(BS16/CA16>=1.5,1,1.3-0.6*(BS16/CA16-1))),0)) | DU16: =IF(BI16<>"SÍ","",IF(OR(DM16<=0,BW16<DATOS!$C$72-0.0001),0,DATOS!$C$86*MAX(0,IF(BM16>=0,DD16/(DATOS!$C$86*DM16*BT16*BW16*100/1000)*(DP16*DO16-1)+DN16,DO16*DN16))*DM16*BT16*BW16*100/1000)) | DV16: =IF(BI16<>"SÍ","",IF(OR(DM16<=0,BX16<DATOS!$C$72-0.0001),0,DATOS!$C$86*MAX(0,IF(BM16>=0,DE16/(DATOS!$C$86*DM16*BT16*BX16*100/1000)*(DQ16*DO16-1)+DN16,DO16*DN16))*DM16*BT16*BX16*100/1000)) | DW16: =IF(BI16<>"SÍ","",IF(OR(DM16<=0,BY16<DATOS!$C$72-0.0001),0,DATOS!$C$86*MAX(0,IF(BM16>=0,DF16/(DATOS!$C$86*DM16*BT16*BY16*100/1000)*(DR16*DO16-1)+DN16,DO16*DN16))*DM16*BT16*BY16*100/1000)) | DX16: =IF(BI16<>"SÍ","",IF(OR(DM16<=0,BZ16<DATOS!$C$72-0.0001),0,DATOS!$C$86*MAX(0,IF(BM16>=0,DG16/(DATOS!$C$86*DM16*BT16*BZ16*100/1000)*(DS16*DO16-1)+DN16,DO16*DN16))*DM16*BT16*BZ16*100/1000)) | DY16: =IF(BI16<>"SÍ","",IF(OR(DM16<=0,CA16<DATOS!$C$72-0.0001),0,DATOS!$C$86*MAX(0,IF(BM16>=0,DH16/(DATOS!$C$86*DM16*BT16*CA16*100/1000)*(DT16*DO16-1)+DN16,DO16*DN16))*DM16*BT16*CA16*100/1000)) | DZ16: =IF(BI16<>"SÍ","",SUM(DU16:DY16)) | EA16: =IF(BI16<>"SÍ","",IF(OR(AE16="",AE16="NINGUNO"),IF(DATOS!$C$41>=10,"FALTA refuerzo horizontal: v'm ≥ 10 kg/cm² (6.5.2.2)",IF(AND(BM16<0,BK16>0),"FALTA: P en tensión, el refuerzo debe tomar todo el cortante (6.5.1.3)","—")),IF(AE16="ESCALERILLA","NO CUENTA: la escalerilla no se permite para cortante por sismo (6.5.3.1.2)",IF(AE16="MALLA",IF(AND(DL16>=2.5,DL16<=MAX(0.15*DATOS!$C$33*DATOS!$C$24,2.5)),"CUMPLE","NO CUMPLE: "&IF(DL16<2.5,"p_h·f_yh < 2.5 (6.5.4.2.4)","p_h·f_yh > 0.15·f'm·f_an (6.5.4.2.4)")),IF(AND(DK16<=MIN(6*DATOS!$C$26,45),DL16>=3,DL16<=MIN(MAX(0.15*DATOS!$C$33*DATOS!$C$24,3),0.05*DATOS!$C$25/10*MIN(DATOS!$C$50,6000)/DK16),INDEX(TABLAS!$C$6:$C$14,MATCH(IF(AG16<>"",AG16,DATOS!$C$73),TABLAS!$B$6:$B$14,0))>=0.35,INDEX(TABLAS!$C$6:$C$14,MATCH(IF(AG16<>"",AG16,DATOS!$C$73),TABLAS!$B$6:$B$14,0))<=0.75*DATOS!$C$25/10),"CUMPLE","NO CUMPLE: "&IF(DK16>MIN(6*DATOS!$C$26,45),"s_h > 6 hiladas o 45 cm (6.5.3.2.1) ","")&IF(DL16<3,"p_h·f_yh < 3 (6.5.3.3.1) ","")&IF(DL16>MIN(MAX(0.15*DATOS!$C$33*DATOS!$C$24,3),0.05*DATOS!$C$25/10*MIN(DATOS!$C$50,6000)/DK16),"p_h·f_yh > máximo (6.5.3.3.2) ","")&IF(OR(INDEX(TABLAS!$C$6:$C$14,MATCH(IF(AG16<>"",AG16,DATOS!$C$73),TABLAS!$B$6:$B$14,0))<0.35,INDEX(TABLAS!$C$6:$C$14,MATCH(IF(AG16<>"",AG16,DATOS!$C$73),TABLAS!$B$6:$B$14,0))>0.75*DATOS!$C$25/10),"diámetro fuera de 3.5 mm a 0.75·h_j (4.2.2.2.1)","")))))) | EB16: =IF(BI16<>"SÍ","",DI16+DZ16) | EC16: =IF(BI16<>"SÍ","",IF(EB16>0,BK16/EB16,IF(BK16>0,99,0))) | ED16: =IF(BI16<>"SÍ","",IF(CE16<=0,-1,IF(BK16<=DI16,0,IF(IF(BM16>=0,IF((DATOS!$C$86*IF(AE16="MALLA",0.5,IF(DATOS!$C$33<=60,0.55,IF(DATOS!$C$33>=90,0.75,0.55+0.2*(DATOS!$C$33-60)/30)))*CE16/1000-DATOS!$C$91*SUMPRODUCT(DP16:DT16,DD16:DH16))<=0,1E9,(BK16-SUMPRODUCT(DP16:DT16,DD16:DH16))/(DATOS!$C$86*IF(AE16="MALLA",0.5,IF(DATOS!$C$33<=60,0.55,IF(DATOS!$C$33>=90,0.75,0.55+0.2*(DATOS!$C$33-60)/30)))*CE16/1000-DATOS!$C$91*SUMPRODUCT(DP16:DT16,DD16:DH16))),IF((1-4*DATOS!$C$91*BK16*1000/(DATOS!$C$86*IF(AE16="MALLA",0.5,IF(DATOS!$C$33<=60,0.55,IF(DATOS!$C$33>=90,0.75,0.55+0.2*(DATOS!$C$33-60)/30)))*MAX(CE16,1)))<0,1E9,(1-SQRT((1-4*DATOS!$C$91*BK16*1000/(DATOS!$C$86*IF(AE16="MALLA",0.5,IF(DATOS!$C$33<=60,0.55,IF(DATOS!$C$33>=90,0.75,0.55+0.2*(DATOS!$C$33-60)/30)))*MAX(CE16,1)))))/(2*DATOS!$C$91)))>0.1*DATOS!$C$33*DATOS!$C$24+0.000001,-1,MAX(IF(AE16="MALLA",2.5,3),IF(BM16>=0,IF((DATOS!$C$86*IF(AE16="MALLA",0.5,IF(DATOS!$C$33<=60,0.55,IF(DATOS!$C$33>=90,0.75,0.55+0.2*(DATOS!$C$33-60)/30)))*CE16/1000-DATOS!$C$91*SUMPRODUCT(DP16:DT16,DD16:DH16))<=0,1E9,(BK16-SUMPRODUCT(DP16:DT16,DD16:DH16))/(DATOS!$C$86*IF(AE16="MALLA",0.5,IF(DATOS!$C$33<=60,0.55,IF(DATOS!$C$33>=90,0.75,0.55+0.2*(DATOS!$C$33-60)/30)))*CE16/1000-DATOS!$C$91*SUMPRODUCT(DP16:DT16,DD16:DH16))),IF((1-4*DATOS!$C$91*BK16*1000/(DATOS!$C$86*IF(AE16="MALLA",0.5,IF(DATOS!$C$33<=60,0.55,IF(DATOS!$C$33>=90,0.75,0.55+0.2*(DATOS!$C$33-60)/30)))*MAX(CE16,1)))<0,1E9,(1-SQRT((1-4*DATOS!$C$91*BK16*1000/(DATOS!$C$86*IF(AE16="MALLA",0.5,IF(DATOS!$C$33<=60,0.55,IF(DATOS!$C$33>=90,0.75,0.55+0.2*(DATOS!$C$33-60)/30)))*MAX(CE16,1)))))/(2*DATOS!$C$91)))))))) | EE16: =IF(BI16<>"SÍ","",IF(ED16=0,"NO REQUIERE: V_mR ≥ V_u",IF(ED16<0,"NO ALCANZA con refuerzo horizontal (haría falta más de 0.1·f'm·f_an efectivo): sube v'm con ensayes, el espesor o la longitud del muro",IF(AND(OR(AE16="VARILLA EN JUNTAS",AE16="MALLA"),LEFT(EA16,6)="CUMPLE",EC16<=1),"YA LO TIENE (pide p_h·f_yh ≥ "&TEXT(ED16,"0.0")&" kg/cm²)","p_h·f_yh ≥ "&TEXT(ED16,"0.0")&" kg/cm² → "&IF(AND(MIN(6,FLOOR(45/DATOS!$C$26,1),FLOOR((2*INDEX(TABLAS!$D$6:$D$14,MATCH("3/16 in",TABLAS!$B$6:$B$14,0)))*MIN(DATOS!$C$50,6000)/(BT16*DATOS!$C$26*MAX(ED16,0.001)),1))>=1,((2*INDEX(TABLAS!$D$6:$D$14,MATCH("3/16 in",TABLAS!$B$6:$B$14,0)))*MIN(DATOS!$C$50,6000)/(MAX(MIN(6,FLOOR(45/DATOS!$C$26,1),FLOOR((2*INDEX(TABLAS!$D$6:$D$14,MATCH("3/16 in",TABLAS!$B$6:$B$14,0)))*MIN(DATOS!$C$50,6000)/(BT16*DATOS!$C$26*MAX(ED16,0.001)),1)),1)*DATOS!$C$26*BT16))<=MIN(MAX(0.15*DATOS!$C$33*DATOS!$C$24,3),0.05*DATOS!$C$25/10*MIN(DATOS!$C$50,6000)/(MIN(6,FLOOR(45/DATOS!$C$26,1),FLOOR((2*INDEX(TABLAS!$D$6:$D$14,MATCH("3/16 in",TABLAS!$B$6:$B$14,0)))*MIN(DATOS!$C$50,6000)/(BT16*DATOS!$C$26*MAX(ED16,0.001)),1))*DATOS!$C$26))),"2 alambres de 3/16"" por junta cada "&MIN(6,FLOOR(45/DATOS!$C$26,1),FLOOR((2*INDEX(TABLAS!$D$6:$D$14,MATCH("3/16 in",TABLAS!$B$6:$B$14,0)))*MIN(DATOS!$C$50,6000)/(BT16*DATOS!$C$26*MAX(ED16,0.001)),1))&" hilada(s) (p_h·f_yh = "&TEXT(((2*INDEX(TABLAS!$D$6:$D$14,MATCH("3/16 in",TABLAS!$B$6:$B$14,0)))*MIN(DATOS!$C$50,6000)/(MAX(MIN(6,FLOOR(45/DATOS!$C$26,1),FLOOR((2*INDEX(TABLAS!$D$6:$D$14,MATCH("3/16 in",TABLAS!$B$6:$B$14,0)))*MIN(DATOS!$C$50,6000)/(BT16*DATOS!$C$26*MAX(ED16,0.001)),1)),1)*DATOS!$C$26*BT16)),"0.00")&")",IF(AND(MIN(6,FLOOR(45/DATOS!$C$26,1),FLOOR((2*INDEX(TABLAS!$D$6:$D$14,MATCH("5/32 in",TABLAS!$B$6:$B$14,0)))*MIN(DATOS!$C$50,6000)/(BT16*DATOS!$C$26*MAX(ED16,0.001)),1))>=1,((2*INDEX(TABLAS!$D$6:$D$14,MATCH("5/32 in",TABLAS!$B$6:$B$14,0)))*MIN(DATOS!$C$50,6000)/(MAX(MIN(6,FLOOR(45/DATOS!$C$26,1),FLOOR((2*INDEX(TABLAS!$D$6:$D$14,MATCH("5/32 in",TABLAS!$B$6:$B$14,0)))*MIN(DATOS!$C$50,6000)/(BT16*DATOS!$C$26*MAX(ED16,0.001)),1)),1)*DATOS!$C$26*BT16))<=MIN(MAX(0.15*DATOS!$C$33*DATOS!$C$24,3),0.05*DATOS!$C$25/10*MIN(DATOS!$C$50,6000)/(MIN(6,FLOOR(45/DATOS!$C$26,1),FLOOR((2*INDEX(TABLAS!$D$6:$D$14,MATCH("5/32 in",TABLAS!$B$6:$B$14,0)))*MIN(DATOS!$C$50,6000)/(BT16*DATOS!$C$26*MAX(ED16,0.001)),1))*DATOS!$C$26))),"2 alambres de 5/32"" por junta cada "&MIN(6,FLOOR(45/DATOS!$C$26,1),FLOOR((2*INDEX(TABLAS!$D$6:$D$14,MATCH("5/32 in",TABLAS!$B$6:$B$14,0)))*MIN(DATOS!$C$50,6000)/(BT16*DATOS!$C$26*MAX(ED16,0.001)),1))&" hilada(s) (p_h·f_yh = "&TEXT(((2*INDEX(TABLAS!$D$6:$D$14,MATCH("5/32 in",TABLAS!$B$6:$B$14,0)))*MIN(DATOS!$C$50,6000)/(MAX(MIN(6,FLOOR(45/DATOS!$C$26,1),FLOOR((2*INDEX(TABLAS!$D$6:$D$14,MATCH("5/32 in",TABLAS!$B$6:$B$14,0)))*MIN(DATOS!$C$50,6000)/(BT16*DATOS!$C$26*MAX(ED16,0.001)),1)),1)*DATOS!$C$26*BT16)),"0.00")&")",IF(AND(MIN(6,FLOOR(45/DATOS!$C$26,1),FLOOR((1*INDEX(TABLAS!$D$6:$D$14,MATCH("3/16 in",TABLAS!$B$6:$B$14,0)))*MIN(DATOS!$C$50,6000)/(BT16*DATOS!$C$26*MAX(ED16,0.001)),1))>=1,((1*INDEX(TABLAS!$D$6:$D$14,MATCH("3/16 in",TABLAS!$B$6:$B$14,0)))*MIN(DATOS!$C$50,6000)/(MAX(MIN(6,FLOOR(45/DATOS!$C$26,1),FLOOR((1*INDEX(TABLAS!$D$6:$D$14,MATCH("3/16 in",TABLAS!$B$6:$B$14,0)))*MIN(DATOS!$C$50,6000)/(BT16*DATOS!$C$26*MAX(ED16,0.001)),1)),1)*DATOS!$C$26*BT16))<=MIN(MAX(0.15*DATOS!$C$33*DATOS!$C$24,3),0.05*DATOS!$C$25/10*MIN(DATOS!$C$50,6000)/(MIN(6,FLOOR(45/DATOS!$C$26,1),FLOOR((1*INDEX(TABLAS!$D$6:$D$14,MATCH("3/16 in",TABLAS!$B$6:$B$14,0)))*MIN(DATOS!$C$50,6000)/(BT16*DATOS!$C$26*MAX(ED16,0.001)),1))*DATOS!$C$26))),"1 alambre de 3/16"" por junta cada "&MIN(6,FLOOR(45/DATOS!$C$26,1),FLOOR((1*INDEX(TABLAS!$D$6:$D$14,MATCH("3/16 in",TABLAS!$B$6:$B$14,0)))*MIN(DATOS!$C$50,6000)/(BT16*DATOS!$C$26*MAX(ED16,0.001)),1))&" hilada(s) (p_h·f_yh = "&TEXT(((1*INDEX(TABLAS!$D$6:$D$14,MATCH("3/16 in",TABLAS!$B$6:$B$14,0)))*MIN(DATOS!$C$50,6000)/(MAX(MIN(6,FLOOR(45/DATOS!$C$26,1),FLOOR((1*INDEX(TABLAS!$D$6:$D$14,MATCH("3/16 in",TABLAS!$B$6:$B$14,0)))*MIN(DATOS!$C$50,6000)/(BT16*DATOS!$C$26*MAX(ED16,0.001)),1)),1)*DATOS!$C$26*BT16)),"0.00")&")",IF(AND(MIN(6,FLOOR(45/DATOS!$C$26,1),FLOOR((1*INDEX(TABLAS!$D$6:$D$14,MATCH("5/32 in",TABLAS!$B$6:$B$14,0)))*MIN(DATOS!$C$50,6000)/(BT16*DATOS!$C$26*MAX(ED16,0.001)),1))>=1,((1*INDEX(TABLAS!$D$6:$D$14,MATCH("5/32 in",TABLAS!$B$6:$B$14,0)))*MIN(DATOS!$C$50,6000)/(MAX(MIN(6,FLOOR(45/DATOS!$C$26,1),FLOOR((1*INDEX(TABLAS!$D$6:$D$14,MATCH("5/32 in",TABLAS!$B$6:$B$14,0)))*MIN(DATOS!$C$50,6000)/(BT16*DATOS!$C$26*MAX(ED16,0.001)),1)),1)*DATOS!$C$26*BT16))<=MIN(MAX(0.15*DATOS!$C$33*DATOS!$C$24,3),0.05*DATOS!$C$25/10*MIN(DATOS!$C$50,6000)/(MIN(6,FLOOR(45/DATOS!$C$26,1),FLOOR((1*INDEX(TABLAS!$D$6:$D$14,MATCH("5/32 in",TABLAS!$B$6:$B$14,0)))*MIN(DATOS!$C$50,6000)/(BT16*DATOS!$C$26*MAX(ED16,0.001)),1))*DATOS!$C$26))),"1 alambre de 5/32"" por junta cada "&MIN(6,FLOOR(45/DATOS!$C$26,1),FLOOR((1*INDEX(TABLAS!$D$6:$D$14,MATCH("5/32 in",TABLAS!$B$6:$B$14,0)))*MIN(DATOS!$C$50,6000)/(BT16*DATOS!$C$26*MAX(ED16,0.001)),1))&" hilada(s) (p_h·f_yh = "&TEXT(((1*INDEX(TABLAS!$D$6:$D$14,MATCH("5/32 in",TABLAS!$B$6:$B$14,0)))*MIN(DATOS!$C$50,6000)/(MAX(MIN(6,FLOOR(45/DATOS!$C$26,1),FLOOR((1*INDEX(TABLAS!$D$6:$D$14,MATCH("5/32 in",TABLAS!$B$6:$B$14,0)))*MIN(DATOS!$C$50,6000)/(BT16*DATOS!$C$26*MAX(ED16,0.001)),1)),1)*DATOS!$C$26*BT16)),"0.00")&")","ninguna combinación de 1 o 2 alambres por junta queda entre el mínimo y el máximo: revisa con malla (6.5.4)")))))))) | EF16: =IF(BI16<>"SÍ","",IF(AI16="SÍ",N(AK16)*N(AL16)^3/12,0)) | EG16: =IF(BI16<>"SÍ","",IF(AND(AI16="SÍ",N(AM16)>0),MIN(1,F16/AM16),0)) | EH16: =IF(BI16<>"SÍ","",IF(AI16="SÍ",BP16*1000/(BT16*F16*100)*BT16*(EG16^4-4*EG16^3+8*EG16),0)) | EI16: =IF(BI16<>"SÍ","",IF(AND(AI16="SÍ",EH16>0),EH16/(EH16+5*N(AN16)*10),0)) | EJ16: =IF(BI16<>"SÍ","",IF(AND(AI16="SÍ",EI16>0,EF16>0),(DATOS!$C$43*BT16*(AM16*100)^3/(DATOS!$C$53*EF16*EI16))^0.25,0)) | EK16: =IF(BI16<>"SÍ","",IF(AI16<>"SÍ",0,IF(N(AM16)<=F16,1,IF(MIN(1,N(AO16)/((AM16-F16)/2))<=0.5,0.7+0.6*MIN(1,N(AO16)/((AM16-F16)/2)),1.5-MIN(1,N(AO16)/((AM16-F16)/2)))))) | EL16: =IF(BI16<>"SÍ","",IF(AI16<>"SÍ",0,MAX(1,IF(EG16>=1,(1.6*EJ16-3.9),IF(EG16<0.9,((3.2*EJ16-7.8)*EK16),((3.2*EJ16-7.8)*EK16)+((1.6*EJ16-3.9)-((3.2*EJ16-7.8)*EK16))*(EG16-0.9)/0.1))))) | EM16: =IF(BI16<>"SÍ","",IF(AI16="SÍ",EL16*BP16*1000/(BT16*F16*100),0)) | EN16: =IF(BI16<>"SÍ","",IF(AND(AI16="SÍ",N(AL16)>0),AM16*100/AL16,0)) | EO16: =IF(BI16<>"SÍ","",IF(AI16="SÍ",(1/15*DATOS!$C$53*N(AK16)/MAX((IF(ISNUMBER(AP16),AP16,BP16/DATOS!$C$90)*1000/(BT16*F16*100)*BT16*(EG16^4-4*EG16^3+8*EG16))+5*N(AN16)/DATOS!$C$90*10,0.001))^(1/3),0)) | EP16: =IF(BI16<>"SÍ","",IF(AI16<>"SÍ","—",IF(OR(N(AK16)<=0,N(AL16)<=0,N(AM16)<=0),"REVISAR: faltan b, h o L_v de la viga",IF(AND(EM16<=DATOS!$C$87*DATOS!$C$33,EN16<=14,N(AL16)>=25,EN16<=EO16),IF(BS16/F16<0.6,"PENDIENTE: H/L < 0.6, falta el análisis de interacción muro–viga (4.1.18.2.1); f_CM es estimado","CUMPLE"),"NO CUMPLE: "&IF(EM16>DATOS!$C$87*DATOS!$C$33,"f_CM > F_R·f'm ","")&IF(EN16>14,"L_v/h_v > 14 ","")&IF(N(AL16)<25,"h_v < 25 cm ","")&IF(EN16>EO16,"flecha (4.1.18.3)",""))))) | EQ16: =IF(BI16<>"SÍ","",MAX(0,F16*BS16-(N(K16)*N(M16)+N(P16)*N(R16)+N(U16)*N(W16)+N(Z16)*N(AB16))-CK16*DATOS!$C$59/100*BS16)) | ER16: =IF(BI16<>"SÍ","",CK16*DATOS!$C$59*DATOS!$C$60/10000*BS16) | ES16: =IF(BI16<>"SÍ","",CK16*(DATOS!$C$61*(BS16+0.6)*INDEX(TABLAS!$E$6:$E$14,MATCH(DATOS!$C$62,TABLAS!$B$6:$B$14,0))+(2*ROUNDUP(CN16/DATOS!$C$65,0)+ROUNDUP(MAX(0,BS16*100-2*CN16)/DATOS!$C$64,0))*((2*(DATOS!$C$60+DATOS!$C$59-4*(DATOS!$C$66-INDEX(TABLAS!$C$6:$C$14,MATCH(DATOS!$C$63,TABLAS!$B$6:$B$14,0))))+15)/100)*INDEX(TABLAS!$E$6:$E$14,MATCH(DATOS!$C$63,TABLAS!$B$6:$B$14,0)))) | ET16: =IF(BI16<>"SÍ","",IF(OR(AE16="VARILLA EN JUNTAS",AE16="ESCALERILLA"),INT(BS16*100/MAX(DK16,1))*IF(ISNUMBER(AF16),AF16,2)*CB16*INDEX(TABLAS!$E$6:$E$14,MATCH(IF(AG16<>"",AG16,DATOS!$C$73),TABLAS!$B$6:$B$14,0)),IF(AE16="MALLA",IF(ISNUMBER(AF16),AF16,1)*CB16*BS16*INDEX(TABLAS!$E$19:$E$22,MATCH(IF(AG16<>"",AG16,DATOS!$C$74),TABLAS!$B$19:$B$22,0)),0))) | EU16: =IF(BI16<>"SÍ","",""&IF(BJ16="NO ESTÁ EN PIER_FORCES","sin fuerzas en PIER_FORCES; ","")&IF(BV16<>"CUMPLE","vanos; ","")&IF(LEFT(CH16,2)="NO","espesor o esbeltez; ","")&IF(CQ16>1,"compresión; ","")&IF(CX16>1,"flexión; ","")&IF(CB16<=0,"sin tramos de muro (todos son machones menores que L mín.: diséñalos como columnas o baja L mín.); ",IF(EC16>1,"cortante; ",""))&IF(OR(LEFT(EA16,2)="NO",LEFT(EA16,5)="FALTA"),"refuerzo horizontal; ","")&IF(OR(LEFT(EP16,2)="NO",LEFT(EP16,7)="REVISAR"),"muro sobre viga; ","")&IF(LEFT(DATOS!$C$81,2)="NO","castillo típico; ","")&IF(LEFT(DATOS!$C$82,2)="NO","dala típica; ","")&IF(AND(BT16<>DATOS!$C$58,DATOS!$C$60<BT16),"castillo más angosto que el muro; ","")) | EV16: =IF(BI16<>"SÍ","",""&IF(LEFT(EP16,9)="PENDIENTE","análisis muro–viga (H/L < 0.6); ","")&IF(BR16>50,"V_u casi todo por carga vertical; ","")&IF(OR(LEFT(DATOS!$C$42,9)="PENDIENTE",LEFT(DATOS!$C$34,9)="PENDIENTE"),"v'm provisional; ","")&IF(OR(LEFT(DATOS!$C$42,2)="NO",LEFT(DATOS!$C$34,2)="NO"),"f'm o v'm no válido; ","")) | EW16: =IF(BI16<>"SÍ","",IF(EU16<>"","NO CUMPLE: "&LEFT(EU16,LEN(EU16)-2),IF(EV16<>"","CUMPLE — PENDIENTE: "&LEFT(EV16,LEN(EV16)-2),"CUMPLE")))
A17: =IF(B17="","",ROW()-10) | AX17: =IF(B17="","",C17&"|"&B17) | AY17: =IF(B17="","",COUNTIFS(PIER_FORCES!$O$9:$O$3008,7,PIER_FORCES!$P$9:$P$3008,1)) | AZ17: =IF(B17="","",COUNTIFS(PIER_FORCES!$O$9:$O$3008,7,PIER_FORCES!$P$9:$P$3008,2)) | BA17: =IF(N(AY17)=0,0,SUMPRODUCT(MAX((PIER_FORCES!$O$9:$O$3008=7)*(PIER_FORCES!$P$9:$P$3008=1)*PIER_FORCES!$R$9:$R$3008))) -> 0 | BB17: =IF(N(AY17)=0,0,SUMPRODUCT(MAX((PIER_FORCES!$O$9:$O$3008=7)*(PIER_FORCES!$P$9:$P$3008=1)*PIER_FORCES!$S$9:$S$3008))) -> 0 | BC17: =IF(N(AY17)=0,0,-SUMPRODUCT(MAX((PIER_FORCES!$O$9:$O$3008=7)*(PIER_FORCES!$P$9:$P$3008=1)*(-PIER_FORCES!$Q$9:$Q$3008)+(1-(PIER_FORCES!$O$9:$O$3008=7)*(PIER_FORCES!$P$9:$P$3008=1))*(-1E9)))) -> 0 | BD17: =IF(N(AY17)=0,0,SUMPRODUCT(MAX((PIER_FORCES!$O$9:$O$3008=7)*(PIER_FORCES!$P$9:$P$3008=1)*PIER_FORCES!$Q$9:$Q$3008+(1-(PIER_FORCES!$O$9:$O$3008=7)*(PIER_FORCES!$P$9:$P$3008=1))*(-1E9)))) -> 0 | BE17: =IF(N(AZ17)=0,BD17,SUMPRODUCT(MAX((PIER_FORCES!$O$9:$O$3008=7)*(PIER_FORCES!$P$9:$P$3008=2)*PIER_FORCES!$Q$9:$Q$3008+(1-(PIER_FORCES!$O$9:$O$3008=7)*(PIER_FORCES!$P$9:$P$3008=2))*(-1E9)))) -> 0 | BF17: =IF(N(AZ17)=0,0,SUMPRODUCT(MAX((PIER_FORCES!$O$9:$O$3008=7)*(PIER_FORCES!$P$9:$P$3008=2)*PIER_FORCES!$R$9:$R$3008))) -> 0 | BG17: =IF(N(AY17)=0,0,SUMPRODUCT(MAX((PIER_FORCES!$O$9:$O$3008=7)*(PIER_FORCES!$P$9:$P$3008=1)*(ABS(PIER_FORCES!$R$9:$R$3008-BA17)<0.000001)*PIER_FORCES!$T$9:$T$3008))) -> 0 | BH17: =IF(N(BG17)=0,"",INDEX(PIER_FORCES!$D$9:$D$3008,BG17)&" "&INDEX(PIER_FORCES!$F$9:$F$3008,BG17)&" / "&INDEX(PIER_FORCES!$G$9:$G$3008,BG17)) | BI17: =IF(B17="","",IF(AND(C17<>"",OR(D17="X",D17="Y"),ISNUMBER(F17),N(F17)>0),"SÍ","NO")) | BJ17: =IF(BI17<>"SÍ","",IF(DATOS!$C$108="ETABS (PIER_FORCES)",IF(N(AY17)>0,"ETABS","NO ESTÁ EN PIER_FORCES"),"CAPTURA")) | BK17: =IF(BI17<>"SÍ","",IF(BJ17="ETABS",BA17,IF(BJ17="CAPTURA",N(AQ17),0))) | BL17: =IF(BI17<>"SÍ","",IF(BJ17="ETABS",BB17,IF(BJ17="CAPTURA",N(AR17),0))) | BM17: =IF(BI17<>"SÍ","",IF(BJ17="ETABS",BC17/DATOS!$C$89,IF(BJ17="CAPTURA",N(AS17),0))) | BN17: =IF(BI17<>"SÍ","",IF(BJ17="ETABS",BC17,IF(BJ17="CAPTURA",IF(ISNUMBER(AU17),AU17,N(AS17)*DATOS!$C$89),0))) | BO17: =IF(BI17<>"SÍ","",IF(BJ17="ETABS",MAX(BD17,BE17),IF(BJ17="CAPTURA",N(AT17),0))) | BP17: =IF(BI17<>"SÍ","",IF(BJ17="ETABS",BE17,IF(BJ17="CAPTURA",IF(ISNUMBER(AV17),AV17,N(AT17)),0))) | BQ17: =IF(BI17<>"SÍ","",IF(BJ17="ETABS",BF17,IF(BJ17="CAPTURA",N(AW17),0))) | BR17: =IF(BI17<>"SÍ","",IF(BK17>0,100*BQ17/BK17,0)) | BS17: =IF(BI17<>"SÍ","",IF(ISNUMBER(G17),G17,DATOS!$C$57)) | BT17: =IF(BI17<>"SÍ","",IF(ISNUMBER(H17),H17,DATOS!$C$58)) | BU17: =IF(BI17<>"SÍ","",IF(N(K17)>0,1+IF(N(P17)>0,1+IF(N(U17)>0,1+IF(N(Z17)>0,1,0),0),0),0)) | BV17: =IF(BI17<>"SÍ","",IF(AND(OR(BU17<1,AND(N(J17)>=0-0.001,J17+K17<=F17+0.001,N(L17)>=0,N(L17)+N(M17)<=BS17+0.001,N(M17)>0,OR(I17="PUERTA",I17="VENTANA"))),OR(BU17<2,AND(N(O17)>=(J17+K17)-0.001,O17+P17<=F17+0.001,N(Q17)>=0,N(Q17)+N(R17)<=BS17+0.001,N(R17)>0,OR(N17="PUERTA",N17="VENTANA"))),OR(BU17<3,AND(N(T17)>=(O17+P17)-0.001,T17+U17<=F17+0.001,N(V17)>=0,N(V17)+N(W17)<=BS17+0.001,N(W17)>0,OR(S17="PUERTA",S17="VENTANA"))),OR(BU17<4,AND(N(Y17)>=(T17+U17)-0.001,Y17+Z17<=F17+0.001,N(AA17)>=0,N(AA17)+N(AB17)<=BS17+0.001,N(AB17)>0,OR(X17="PUERTA",X17="VENTANA"))),(N(K17)>0)+(N(P17)>0)+(N(U17)>0)+(N(Z17)>0)=BU17),"CUMPLE","REVISAR VANOS: tipo, orden de izquierda a derecha, que quepan en L y en H")) | BW17: =IF(BI17<>"SÍ","",MAX(0,IF(BU17>=1,N(J17),F17))) | BX17: =IF(BI17<>"SÍ","",MAX(0,IF(BU17>=2,N(O17)-(N(J17)+N(K17)),IF(BU17=1,F17-(N(J17)+N(K17)),0)))) | BY17: =IF(BI17<>"SÍ","",MAX(0,IF(BU17>=3,N(T17)-(N(O17)+N(P17)),IF(BU17=2,F17-(N(O17)+N(P17)),0)))) | BZ17: =IF(BI17<>"SÍ","",MAX(0,IF(BU17>=4,N(Y17)-(N(T17)+N(U17)),IF(BU17=3,F17-(N(T17)+N(U17)),0)))) | CA17: =IF(BI17<>"SÍ","",MAX(0,IF(BU17=4,F17-(N(Y17)+N(Z17)),0))) | CB17: =IF(BI17<>"SÍ","",SUMPRODUCT((BW17:CA17>=DATOS!$C$72-0.0001)*BW17:CA17)) | CC17: =IF(BI17<>"SÍ","",SUMPRODUCT(--(BW17:CA17>=DATOS!$C$72-0.0001))) | CD17: =IF(BI17<>"SÍ","",SUM(BW17:CA17)) | CE17: =IF(BI17<>"SÍ","",BT17*CB17*100) | CF17: =IF(BI17<>"SÍ","",BT17*CD17*100) | CG17: =IF(BI17<>"SÍ","",BS17*100/BT17) | CH17: =IF(BI17<>"SÍ","",IF(AND(OR(DATOS!$C$14="TIPO II",BT17>=12),CG17<=25),"CUMPLE","NO CUMPLE: "&IF(AND(DATOS!$C$14="TIPO I",BT17<12),"t < 12 cm ","")&IF(CG17>25,"H/t > 25",""))) | CI17: =IF(BI17<>"SÍ","",MIN(1.5*BS17,4)) | CJ17: =IF(BI17<>"SÍ","",SUMPRODUCT((BW17:CA17>=2*DATOS!$C$59/100)*INT((BW17:CA17-DATOS!$C$59/100)/CI17-0.000001)*((BW17:CA17-DATOS!$C$59/100)>0))) | CK17: =IF(BI17<>"SÍ","",SUMPRODUCT((BW17:CA17>0.0001)*1+(BW17:CA17>=2*DATOS!$C$59/100)*1)+CJ17) | CL17: =IF(BI17<>"SÍ","",IF(ISNUMBER(AC17),AC17,DATOS!$C$61)*INDEX(TABLAS!$D$6:$D$14,MATCH(IF(AD17<>"",AD17,DATOS!$C$62),TABLAS!$B$6:$B$14,0))) | CM17: =IF(BI17<>"SÍ","",CK17*DATOS!$C$78+IF(CK17>=2,2,CK17)*(CL17-DATOS!$C$78)) | CN17: =IF(BI17<>"SÍ","",MAX(BS17*100/6,40)) | CO17: =IF(BI17<>"SÍ","",IF(CG17<=20,IF(E17="INTERIOR",0.7,0.6),MIN(IF(E17="INTERIOR",0.7,0.6),(1-2/24)*(1-(IF(E17="INTERIOR",0.8,1)*CG17/30)^2)))) | CP17: =IF(BI17<>"SÍ","",DATOS!$C$87*CO17*(DATOS!$C$33*CF17+CM17*DATOS!$C$48)/1000) | CQ17: =IF(BI17<>"SÍ","",IF(CP17>0,BO17/CP17,99)) | CR17: =IF(BI17<>"SÍ","",MAX(0,F17*100-DATOS!$C$59)) | CS17: =IF(BI17<>"SÍ","",MAX(0,F17*100-DATOS!$C$59/2)) | CT17: =IF(BI17<>"SÍ","",CL17*DATOS!$C$48*CR17/100000) | CU17: =IF(BI17<>"SÍ","",IF(BN17<0,0.8*CT17*MAX(0,1+BN17/(0.8*CM17*DATOS!$C$48/1000)),IF(BN17<=CP17/3,0.8*CT17+0.3*BN17*CS17/100,(1.5*0.6*CT17+0.15*CP17*CS17/100)*MAX(0,1-BN17/CP17)))) | CV17: =IF(BI17<>"SÍ","",IF(BO17<0,0.8*CT17*MAX(0,1+BO17/(0.8*CM17*DATOS!$C$48/1000)),IF(BO17<=CP17/3,0.8*CT17+0.3*BO17*CS17/100,(1.5*0.6*CT17+0.15*CP17*CS17/100)*MAX(0,1-BO17/CP17)))) | CW17: =IF(BI17<>"SÍ","",MAX(0,MIN(CU17,CV17))) | CX17: =IF(BI17<>"SÍ","",IF(CW17>0,BL17/CW17,IF(BL17>0,99,0))) | CY17: =IF(BI17<>"SÍ","",IF(BW17>0,MAX(1,MIN(1.5,1.5-0.625*(BS17/BW17-0.2))),0)) | CZ17: =IF(BI17<>"SÍ","",IF(BX17>0,MAX(1,MIN(1.5,1.5-0.625*(BS17/BX17-0.2))),0)) | DA17: =IF(BI17<>"SÍ","",IF(BY17>0,MAX(1,MIN(1.5,1.5-0.625*(BS17/BY17-0.2))),0)) | DB17: =IF(BI17<>"SÍ","",IF(BZ17>0,MAX(1,MIN(1.5,1.5-0.625*(BS17/BZ17-0.2))),0)) | DC17: =IF(BI17<>"SÍ","",IF(CA17>0,MAX(1,MIN(1.5,1.5-0.625*(BS17/CA17-0.2))),0)) | DD17: =IF(BI17<>"SÍ","",IF(OR(BW17<DATOS!$C$72-0.0001,BM17<0,CB17<=0),0,MIN(DATOS!$C$86*(0.5*DATOS!$C$41*BT17*BW17*100+0.3*BM17*BW17/CB17*1000)*CY17,1.5*DATOS!$C$86*DATOS!$C$41*BT17*BW17*100*CY17)/1000)) | DE17: =IF(BI17<>"SÍ","",IF(OR(BX17<DATOS!$C$72-0.0001,BM17<0,CB17<=0),0,MIN(DATOS!$C$86*(0.5*DATOS!$C$41*BT17*BX17*100+0.3*BM17*BX17/CB17*1000)*CZ17,1.5*DATOS!$C$86*DATOS!$C$41*BT17*BX17*100*CZ17)/1000)) | DF17: =IF(BI17<>"SÍ","",IF(OR(BY17<DATOS!$C$72-0.0001,BM17<0,CB17<=0),0,MIN(DATOS!$C$86*(0.5*DATOS!$C$41*BT17*BY17*100+0.3*BM17*BY17/CB17*1000)*DA17,1.5*DATOS!$C$86*DATOS!$C$41*BT17*BY17*100*DA17)/1000)) | DG17: =IF(BI17<>"SÍ","",IF(OR(BZ17<DATOS!$C$72-0.0001,BM17<0,CB17<=0),0,MIN(DATOS!$C$86*(0.5*DATOS!$C$41*BT17*BZ17*100+0.3*BM17*BZ17/CB17*1000)*DB17,1.5*DATOS!$C$86*DATOS!$C$41*BT17*BZ17*100*DB17)/1000)) | DH17: =IF(BI17<>"SÍ","",IF(OR(CA17<DATOS!$C$72-0.0001,BM17<0,CB17<=0),0,MIN(DATOS!$C$86*(0.5*DATOS!$C$41*BT17*CA17*100+0.3*BM17*CA17/CB17*1000)*DC17,1.5*DATOS!$C$86*DATOS!$C$41*BT17*CA17*100*DC17)/1000)) | DI17: =IF(BI17<>"SÍ","",SUM(DD17:DH17)) | DJ17: =IF(BI17<>"SÍ","",IF(AE17="VARILLA EN JUNTAS",IF(ISNUMBER(AF17),AF17,2)*INDEX(TABLAS!$D$6:$D$14,MATCH(IF(AG17<>"",AG17,DATOS!$C$73),TABLAS!$B$6:$B$14,0)),IF(AE17="MALLA",IF(ISNUMBER(AF17),AF17,1)*INDEX(TABLAS!$D$19:$D$22,MATCH(IF(AG17<>"",AG17,DATOS!$C$74),TABLAS!$B$19:$B$22,0))/100,IF(AE17="ESCALERILLA",IF(ISNUMBER(AF17),AF17,2)*INDEX(TABLAS!$D$6:$D$14,MATCH(IF(AG17<>"",AG17,DATOS!$C$73),TABLAS!$B$6:$B$14,0)),0)))) | DK17: =IF(BI17<>"SÍ","",IF(OR(AE17="VARILLA EN JUNTAS",AE17="ESCALERILLA"),IF(ISNUMBER(AH17),AH17,2)*DATOS!$C$26,IF(AE17="MALLA",1,0))) | DL17: =IF(BI17<>"SÍ","",IF(DK17>0,DJ17/(DK17*BT17)*MIN(DATOS!$C$50,IF(AE17="MALLA",5000,6000)),0)) | DM17: =IF(BI17<>"SÍ","",IF(AE17="ESCALERILLA",0,MIN(DL17,0.1*DATOS!$C$33*DATOS!$C$24))) | DN17: =IF(BI17<>"SÍ","",IF(AE17="MALLA",0.5,IF(DATOS!$C$33<=60,0.55,IF(DATOS!$C$33>=90,0.75,0.55+0.2*(DATOS!$C$33-60)/30)))) | DO17: =IF(BI17<>"SÍ","",1-DATOS!$C$91*DM17) | DP17: =IF(BI17<>"SÍ","",IF(BW17>0,IF(BS17/BW17<=1,1.3,IF(BS17/BW17>=1.5,1,1.3-0.6*(BS17/BW17-1))),0)) | DQ17: =IF(BI17<>"SÍ","",IF(BX17>0,IF(BS17/BX17<=1,1.3,IF(BS17/BX17>=1.5,1,1.3-0.6*(BS17/BX17-1))),0)) | DR17: =IF(BI17<>"SÍ","",IF(BY17>0,IF(BS17/BY17<=1,1.3,IF(BS17/BY17>=1.5,1,1.3-0.6*(BS17/BY17-1))),0)) | DS17: =IF(BI17<>"SÍ","",IF(BZ17>0,IF(BS17/BZ17<=1,1.3,IF(BS17/BZ17>=1.5,1,1.3-0.6*(BS17/BZ17-1))),0)) | DT17: =IF(BI17<>"SÍ","",IF(CA17>0,IF(BS17/CA17<=1,1.3,IF(BS17/CA17>=1.5,1,1.3-0.6*(BS17/CA17-1))),0)) | DU17: =IF(BI17<>"SÍ","",IF(OR(DM17<=0,BW17<DATOS!$C$72-0.0001),0,DATOS!$C$86*MAX(0,IF(BM17>=0,DD17/(DATOS!$C$86*DM17*BT17*BW17*100/1000)*(DP17*DO17-1)+DN17,DO17*DN17))*DM17*BT17*BW17*100/1000)) | DV17: =IF(BI17<>"SÍ","",IF(OR(DM17<=0,BX17<DATOS!$C$72-0.0001),0,DATOS!$C$86*MAX(0,IF(BM17>=0,DE17/(DATOS!$C$86*DM17*BT17*BX17*100/1000)*(DQ17*DO17-1)+DN17,DO17*DN17))*DM17*BT17*BX17*100/1000)) | DW17: =IF(BI17<>"SÍ","",IF(OR(DM17<=0,BY17<DATOS!$C$72-0.0001),0,DATOS!$C$86*MAX(0,IF(BM17>=0,DF17/(DATOS!$C$86*DM17*BT17*BY17*100/1000)*(DR17*DO17-1)+DN17,DO17*DN17))*DM17*BT17*BY17*100/1000)) | DX17: =IF(BI17<>"SÍ","",IF(OR(DM17<=0,BZ17<DATOS!$C$72-0.0001),0,DATOS!$C$86*MAX(0,IF(BM17>=0,DG17/(DATOS!$C$86*DM17*BT17*BZ17*100/1000)*(DS17*DO17-1)+DN17,DO17*DN17))*DM17*BT17*BZ17*100/1000)) | DY17: =IF(BI17<>"SÍ","",IF(OR(DM17<=0,CA17<DATOS!$C$72-0.0001),0,DATOS!$C$86*MAX(0,IF(BM17>=0,DH17/(DATOS!$C$86*DM17*BT17*CA17*100/1000)*(DT17*DO17-1)+DN17,DO17*DN17))*DM17*BT17*CA17*100/1000)) | DZ17: =IF(BI17<>"SÍ","",SUM(DU17:DY17)) | EA17: =IF(BI17<>"SÍ","",IF(OR(AE17="",AE17="NINGUNO"),IF(DATOS!$C$41>=10,"FALTA refuerzo horizontal: v'm ≥ 10 kg/cm² (6.5.2.2)",IF(AND(BM17<0,BK17>0),"FALTA: P en tensión, el refuerzo debe tomar todo el cortante (6.5.1.3)","—")),IF(AE17="ESCALERILLA","NO CUENTA: la escalerilla no se permite para cortante por sismo (6.5.3.1.2)",IF(AE17="MALLA",IF(AND(DL17>=2.5,DL17<=MAX(0.15*DATOS!$C$33*DATOS!$C$24,2.5)),"CUMPLE","NO CUMPLE: "&IF(DL17<2.5,"p_h·f_yh < 2.5 (6.5.4.2.4)","p_h·f_yh > 0.15·f'm·f_an (6.5.4.2.4)")),IF(AND(DK17<=MIN(6*DATOS!$C$26,45),DL17>=3,DL17<=MIN(MAX(0.15*DATOS!$C$33*DATOS!$C$24,3),0.05*DATOS!$C$25/10*MIN(DATOS!$C$50,6000)/DK17),INDEX(TABLAS!$C$6:$C$14,MATCH(IF(AG17<>"",AG17,DATOS!$C$73),TABLAS!$B$6:$B$14,0))>=0.35,INDEX(TABLAS!$C$6:$C$14,MATCH(IF(AG17<>"",AG17,DATOS!$C$73),TABLAS!$B$6:$B$14,0))<=0.75*DATOS!$C$25/10),"CUMPLE","NO CUMPLE: "&IF(DK17>MIN(6*DATOS!$C$26,45),"s_h > 6 hiladas o 45 cm (6.5.3.2.1) ","")&IF(DL17<3,"p_h·f_yh < 3 (6.5.3.3.1) ","")&IF(DL17>MIN(MAX(0.15*DATOS!$C$33*DATOS!$C$24,3),0.05*DATOS!$C$25/10*MIN(DATOS!$C$50,6000)/DK17),"p_h·f_yh > máximo (6.5.3.3.2) ","")&IF(OR(INDEX(TABLAS!$C$6:$C$14,MATCH(IF(AG17<>"",AG17,DATOS!$C$73),TABLAS!$B$6:$B$14,0))<0.35,INDEX(TABLAS!$C$6:$C$14,MATCH(IF(AG17<>"",AG17,DATOS!$C$73),TABLAS!$B$6:$B$14,0))>0.75*DATOS!$C$25/10),"diámetro fuera de 3.5 mm a 0.75·h_j (4.2.2.2.1)","")))))) | EB17: =IF(BI17<>"SÍ","",DI17+DZ17) | EC17: =IF(BI17<>"SÍ","",IF(EB17>0,BK17/EB17,IF(BK17>0,99,0))) | ED17: =IF(BI17<>"SÍ","",IF(CE17<=0,-1,IF(BK17<=DI17,0,IF(IF(BM17>=0,IF((DATOS!$C$86*IF(AE17="MALLA",0.5,IF(DATOS!$C$33<=60,0.55,IF(DATOS!$C$33>=90,0.75,0.55+0.2*(DATOS!$C$33-60)/30)))*CE17/1000-DATOS!$C$91*SUMPRODUCT(DP17:DT17,DD17:DH17))<=0,1E9,(BK17-SUMPRODUCT(DP17:DT17,DD17:DH17))/(DATOS!$C$86*IF(AE17="MALLA",0.5,IF(DATOS!$C$33<=60,0.55,IF(DATOS!$C$33>=90,0.75,0.55+0.2*(DATOS!$C$33-60)/30)))*CE17/1000-DATOS!$C$91*SUMPRODUCT(DP17:DT17,DD17:DH17))),IF((1-4*DATOS!$C$91*BK17*1000/(DATOS!$C$86*IF(AE17="MALLA",0.5,IF(DATOS!$C$33<=60,0.55,IF(DATOS!$C$33>=90,0.75,0.55+0.2*(DATOS!$C$33-60)/30)))*MAX(CE17,1)))<0,1E9,(1-SQRT((1-4*DATOS!$C$91*BK17*1000/(DATOS!$C$86*IF(AE17="MALLA",0.5,IF(DATOS!$C$33<=60,0.55,IF(DATOS!$C$33>=90,0.75,0.55+0.2*(DATOS!$C$33-60)/30)))*MAX(CE17,1)))))/(2*DATOS!$C$91)))>0.1*DATOS!$C$33*DATOS!$C$24+0.000001,-1,MAX(IF(AE17="MALLA",2.5,3),IF(BM17>=0,IF((DATOS!$C$86*IF(AE17="MALLA",0.5,IF(DATOS!$C$33<=60,0.55,IF(DATOS!$C$33>=90,0.75,0.55+0.2*(DATOS!$C$33-60)/30)))*CE17/1000-DATOS!$C$91*SUMPRODUCT(DP17:DT17,DD17:DH17))<=0,1E9,(BK17-SUMPRODUCT(DP17:DT17,DD17:DH17))/(DATOS!$C$86*IF(AE17="MALLA",0.5,IF(DATOS!$C$33<=60,0.55,IF(DATOS!$C$33>=90,0.75,0.55+0.2*(DATOS!$C$33-60)/30)))*CE17/1000-DATOS!$C$91*SUMPRODUCT(DP17:DT17,DD17:DH17))),IF((1-4*DATOS!$C$91*BK17*1000/(DATOS!$C$86*IF(AE17="MALLA",0.5,IF(DATOS!$C$33<=60,0.55,IF(DATOS!$C$33>=90,0.75,0.55+0.2*(DATOS!$C$33-60)/30)))*MAX(CE17,1)))<0,1E9,(1-SQRT((1-4*DATOS!$C$91*BK17*1000/(DATOS!$C$86*IF(AE17="MALLA",0.5,IF(DATOS!$C$33<=60,0.55,IF(DATOS!$C$33>=90,0.75,0.55+0.2*(DATOS!$C$33-60)/30)))*MAX(CE17,1)))))/(2*DATOS!$C$91)))))))) | EE17: =IF(BI17<>"SÍ","",IF(ED17=0,"NO REQUIERE: V_mR ≥ V_u",IF(ED17<0,"NO ALCANZA con refuerzo horizontal (haría falta más de 0.1·f'm·f_an efectivo): sube v'm con ensayes, el espesor o la longitud del muro",IF(AND(OR(AE17="VARILLA EN JUNTAS",AE17="MALLA"),LEFT(EA17,6)="CUMPLE",EC17<=1),"YA LO TIENE (pide p_h·f_yh ≥ "&TEXT(ED17,"0.0")&" kg/cm²)","p_h·f_yh ≥ "&TEXT(ED17,"0.0")&" kg/cm² → "&IF(AND(MIN(6,FLOOR(45/DATOS!$C$26,1),FLOOR((2*INDEX(TABLAS!$D$6:$D$14,MATCH("3/16 in",TABLAS!$B$6:$B$14,0)))*MIN(DATOS!$C$50,6000)/(BT17*DATOS!$C$26*MAX(ED17,0.001)),1))>=1,((2*INDEX(TABLAS!$D$6:$D$14,MATCH("3/16 in",TABLAS!$B$6:$B$14,0)))*MIN(DATOS!$C$50,6000)/(MAX(MIN(6,FLOOR(45/DATOS!$C$26,1),FLOOR((2*INDEX(TABLAS!$D$6:$D$14,MATCH("3/16 in",TABLAS!$B$6:$B$14,0)))*MIN(DATOS!$C$50,6000)/(BT17*DATOS!$C$26*MAX(ED17,0.001)),1)),1)*DATOS!$C$26*BT17))<=MIN(MAX(0.15*DATOS!$C$33*DATOS!$C$24,3),0.05*DATOS!$C$25/10*MIN(DATOS!$C$50,6000)/(MIN(6,FLOOR(45/DATOS!$C$26,1),FLOOR((2*INDEX(TABLAS!$D$6:$D$14,MATCH("3/16 in",TABLAS!$B$6:$B$14,0)))*MIN(DATOS!$C$50,6000)/(BT17*DATOS!$C$26*MAX(ED17,0.001)),1))*DATOS!$C$26))),"2 alambres de 3/16"" por junta cada "&MIN(6,FLOOR(45/DATOS!$C$26,1),FLOOR((2*INDEX(TABLAS!$D$6:$D$14,MATCH("3/16 in",TABLAS!$B$6:$B$14,0)))*MIN(DATOS!$C$50,6000)/(BT17*DATOS!$C$26*MAX(ED17,0.001)),1))&" hilada(s) (p_h·f_yh = "&TEXT(((2*INDEX(TABLAS!$D$6:$D$14,MATCH("3/16 in",TABLAS!$B$6:$B$14,0)))*MIN(DATOS!$C$50,6000)/(MAX(MIN(6,FLOOR(45/DATOS!$C$26,1),FLOOR((2*INDEX(TABLAS!$D$6:$D$14,MATCH("3/16 in",TABLAS!$B$6:$B$14,0)))*MIN(DATOS!$C$50,6000)/(BT17*DATOS!$C$26*MAX(ED17,0.001)),1)),1)*DATOS!$C$26*BT17)),"0.00")&")",IF(AND(MIN(6,FLOOR(45/DATOS!$C$26,1),FLOOR((2*INDEX(TABLAS!$D$6:$D$14,MATCH("5/32 in",TABLAS!$B$6:$B$14,0)))*MIN(DATOS!$C$50,6000)/(BT17*DATOS!$C$26*MAX(ED17,0.001)),1))>=1,((2*INDEX(TABLAS!$D$6:$D$14,MATCH("5/32 in",TABLAS!$B$6:$B$14,0)))*MIN(DATOS!$C$50,6000)/(MAX(MIN(6,FLOOR(45/DATOS!$C$26,1),FLOOR((2*INDEX(TABLAS!$D$6:$D$14,MATCH("5/32 in",TABLAS!$B$6:$B$14,0)))*MIN(DATOS!$C$50,6000)/(BT17*DATOS!$C$26*MAX(ED17,0.001)),1)),1)*DATOS!$C$26*BT17))<=MIN(MAX(0.15*DATOS!$C$33*DATOS!$C$24,3),0.05*DATOS!$C$25/10*MIN(DATOS!$C$50,6000)/(MIN(6,FLOOR(45/DATOS!$C$26,1),FLOOR((2*INDEX(TABLAS!$D$6:$D$14,MATCH("5/32 in",TABLAS!$B$6:$B$14,0)))*MIN(DATOS!$C$50,6000)/(BT17*DATOS!$C$26*MAX(ED17,0.001)),1))*DATOS!$C$26))),"2 alambres de 5/32"" por junta cada "&MIN(6,FLOOR(45/DATOS!$C$26,1),FLOOR((2*INDEX(TABLAS!$D$6:$D$14,MATCH("5/32 in",TABLAS!$B$6:$B$14,0)))*MIN(DATOS!$C$50,6000)/(BT17*DATOS!$C$26*MAX(ED17,0.001)),1))&" hilada(s) (p_h·f_yh = "&TEXT(((2*INDEX(TABLAS!$D$6:$D$14,MATCH("5/32 in",TABLAS!$B$6:$B$14,0)))*MIN(DATOS!$C$50,6000)/(MAX(MIN(6,FLOOR(45/DATOS!$C$26,1),FLOOR((2*INDEX(TABLAS!$D$6:$D$14,MATCH("5/32 in",TABLAS!$B$6:$B$14,0)))*MIN(DATOS!$C$50,6000)/(BT17*DATOS!$C$26*MAX(ED17,0.001)),1)),1)*DATOS!$C$26*BT17)),"0.00")&")",IF(AND(MIN(6,FLOOR(45/DATOS!$C$26,1),FLOOR((1*INDEX(TABLAS!$D$6:$D$14,MATCH("3/16 in",TABLAS!$B$6:$B$14,0)))*MIN(DATOS!$C$50,6000)/(BT17*DATOS!$C$26*MAX(ED17,0.001)),1))>=1,((1*INDEX(TABLAS!$D$6:$D$14,MATCH("3/16 in",TABLAS!$B$6:$B$14,0)))*MIN(DATOS!$C$50,6000)/(MAX(MIN(6,FLOOR(45/DATOS!$C$26,1),FLOOR((1*INDEX(TABLAS!$D$6:$D$14,MATCH("3/16 in",TABLAS!$B$6:$B$14,0)))*MIN(DATOS!$C$50,6000)/(BT17*DATOS!$C$26*MAX(ED17,0.001)),1)),1)*DATOS!$C$26*BT17))<=MIN(MAX(0.15*DATOS!$C$33*DATOS!$C$24,3),0.05*DATOS!$C$25/10*MIN(DATOS!$C$50,6000)/(MIN(6,FLOOR(45/DATOS!$C$26,1),FLOOR((1*INDEX(TABLAS!$D$6:$D$14,MATCH("3/16 in",TABLAS!$B$6:$B$14,0)))*MIN(DATOS!$C$50,6000)/(BT17*DATOS!$C$26*MAX(ED17,0.001)),1))*DATOS!$C$26))),"1 alambre de 3/16"" por junta cada "&MIN(6,FLOOR(45/DATOS!$C$26,1),FLOOR((1*INDEX(TABLAS!$D$6:$D$14,MATCH("3/16 in",TABLAS!$B$6:$B$14,0)))*MIN(DATOS!$C$50,6000)/(BT17*DATOS!$C$26*MAX(ED17,0.001)),1))&" hilada(s) (p_h·f_yh = "&TEXT(((1*INDEX(TABLAS!$D$6:$D$14,MATCH("3/16 in",TABLAS!$B$6:$B$14,0)))*MIN(DATOS!$C$50,6000)/(MAX(MIN(6,FLOOR(45/DATOS!$C$26,1),FLOOR((1*INDEX(TABLAS!$D$6:$D$14,MATCH("3/16 in",TABLAS!$B$6:$B$14,0)))*MIN(DATOS!$C$50,6000)/(BT17*DATOS!$C$26*MAX(ED17,0.001)),1)),1)*DATOS!$C$26*BT17)),"0.00")&")",IF(AND(MIN(6,FLOOR(45/DATOS!$C$26,1),FLOOR((1*INDEX(TABLAS!$D$6:$D$14,MATCH("5/32 in",TABLAS!$B$6:$B$14,0)))*MIN(DATOS!$C$50,6000)/(BT17*DATOS!$C$26*MAX(ED17,0.001)),1))>=1,((1*INDEX(TABLAS!$D$6:$D$14,MATCH("5/32 in",TABLAS!$B$6:$B$14,0)))*MIN(DATOS!$C$50,6000)/(MAX(MIN(6,FLOOR(45/DATOS!$C$26,1),FLOOR((1*INDEX(TABLAS!$D$6:$D$14,MATCH("5/32 in",TABLAS!$B$6:$B$14,0)))*MIN(DATOS!$C$50,6000)/(BT17*DATOS!$C$26*MAX(ED17,0.001)),1)),1)*DATOS!$C$26*BT17))<=MIN(MAX(0.15*DATOS!$C$33*DATOS!$C$24,3),0.05*DATOS!$C$25/10*MIN(DATOS!$C$50,6000)/(MIN(6,FLOOR(45/DATOS!$C$26,1),FLOOR((1*INDEX(TABLAS!$D$6:$D$14,MATCH("5/32 in",TABLAS!$B$6:$B$14,0)))*MIN(DATOS!$C$50,6000)/(BT17*DATOS!$C$26*MAX(ED17,0.001)),1))*DATOS!$C$26))),"1 alambre de 5/32"" por junta cada "&MIN(6,FLOOR(45/DATOS!$C$26,1),FLOOR((1*INDEX(TABLAS!$D$6:$D$14,MATCH("5/32 in",TABLAS!$B$6:$B$14,0)))*MIN(DATOS!$C$50,6000)/(BT17*DATOS!$C$26*MAX(ED17,0.001)),1))&" hilada(s) (p_h·f_yh = "&TEXT(((1*INDEX(TABLAS!$D$6:$D$14,MATCH("5/32 in",TABLAS!$B$6:$B$14,0)))*MIN(DATOS!$C$50,6000)/(MAX(MIN(6,FLOOR(45/DATOS!$C$26,1),FLOOR((1*INDEX(TABLAS!$D$6:$D$14,MATCH("5/32 in",TABLAS!$B$6:$B$14,0)))*MIN(DATOS!$C$50,6000)/(BT17*DATOS!$C$26*MAX(ED17,0.001)),1)),1)*DATOS!$C$26*BT17)),"0.00")&")","ninguna combinación de 1 o 2 alambres por junta queda entre el mínimo y el máximo: revisa con malla (6.5.4)")))))))) | EF17: =IF(BI17<>"SÍ","",IF(AI17="SÍ",N(AK17)*N(AL17)^3/12,0)) | EG17: =IF(BI17<>"SÍ","",IF(AND(AI17="SÍ",N(AM17)>0),MIN(1,F17/AM17),0)) | EH17: =IF(BI17<>"SÍ","",IF(AI17="SÍ",BP17*1000/(BT17*F17*100)*BT17*(EG17^4-4*EG17^3+8*EG17),0)) | EI17: =IF(BI17<>"SÍ","",IF(AND(AI17="SÍ",EH17>0),EH17/(EH17+5*N(AN17)*10),0)) | EJ17: =IF(BI17<>"SÍ","",IF(AND(AI17="SÍ",EI17>0,EF17>0),(DATOS!$C$43*BT17*(AM17*100)^3/(DATOS!$C$53*EF17*EI17))^0.25,0)) | EK17: =IF(BI17<>"SÍ","",IF(AI17<>"SÍ",0,IF(N(AM17)<=F17,1,IF(MIN(1,N(AO17)/((AM17-F17)/2))<=0.5,0.7+0.6*MIN(1,N(AO17)/((AM17-F17)/2)),1.5-MIN(1,N(AO17)/((AM17-F17)/2)))))) | EL17: =IF(BI17<>"SÍ","",IF(AI17<>"SÍ",0,MAX(1,IF(EG17>=1,(1.6*EJ17-3.9),IF(EG17<0.9,((3.2*EJ17-7.8)*EK17),((3.2*EJ17-7.8)*EK17)+((1.6*EJ17-3.9)-((3.2*EJ17-7.8)*EK17))*(EG17-0.9)/0.1))))) | EM17: =IF(BI17<>"SÍ","",IF(AI17="SÍ",EL17*BP17*1000/(BT17*F17*100),0)) | EN17: =IF(BI17<>"SÍ","",IF(AND(AI17="SÍ",N(AL17)>0),AM17*100/AL17,0)) | EO17: =IF(BI17<>"SÍ","",IF(AI17="SÍ",(1/15*DATOS!$C$53*N(AK17)/MAX((IF(ISNUMBER(AP17),AP17,BP17/DATOS!$C$90)*1000/(BT17*F17*100)*BT17*(EG17^4-4*EG17^3+8*EG17))+5*N(AN17)/DATOS!$C$90*10,0.001))^(1/3),0)) | EP17: =IF(BI17<>"SÍ","",IF(AI17<>"SÍ","—",IF(OR(N(AK17)<=0,N(AL17)<=0,N(AM17)<=0),"REVISAR: faltan b, h o L_v de la viga",IF(AND(EM17<=DATOS!$C$87*DATOS!$C$33,EN17<=14,N(AL17)>=25,EN17<=EO17),IF(BS17/F17<0.6,"PENDIENTE: H/L < 0.6, falta el análisis de interacción muro–viga (4.1.18.2.1); f_CM es estimado","CUMPLE"),"NO CUMPLE: "&IF(EM17>DATOS!$C$87*DATOS!$C$33,"f_CM > F_R·f'm ","")&IF(EN17>14,"L_v/h_v > 14 ","")&IF(N(AL17)<25,"h_v < 25 cm ","")&IF(EN17>EO17,"flecha (4.1.18.3)",""))))) | EQ17: =IF(BI17<>"SÍ","",MAX(0,F17*BS17-(N(K17)*N(M17)+N(P17)*N(R17)+N(U17)*N(W17)+N(Z17)*N(AB17))-CK17*DATOS!$C$59/100*BS17)) | ER17: =IF(BI17<>"SÍ","",CK17*DATOS!$C$59*DATOS!$C$60/10000*BS17) | ES17: =IF(BI17<>"SÍ","",CK17*(DATOS!$C$61*(BS17+0.6)*INDEX(TABLAS!$E$6:$E$14,MATCH(DATOS!$C$62,TABLAS!$B$6:$B$14,0))+(2*ROUNDUP(CN17/DATOS!$C$65,0)+ROUNDUP(MAX(0,BS17*100-2*CN17)/DATOS!$C$64,0))*((2*(DATOS!$C$60+DATOS!$C$59-4*(DATOS!$C$66-INDEX(TABLAS!$C$6:$C$14,MATCH(DATOS!$C$63,TABLAS!$B$6:$B$14,0))))+15)/100)*INDEX(TABLAS!$E$6:$E$14,MATCH(DATOS!$C$63,TABLAS!$B$6:$B$14,0)))) | ET17: =IF(BI17<>"SÍ","",IF(OR(AE17="VARILLA EN JUNTAS",AE17="ESCALERILLA"),INT(BS17*100/MAX(DK17,1))*IF(ISNUMBER(AF17),AF17,2)*CB17*INDEX(TABLAS!$E$6:$E$14,MATCH(IF(AG17<>"",AG17,DATOS!$C$73),TABLAS!$B$6:$B$14,0)),IF(AE17="MALLA",IF(ISNUMBER(AF17),AF17,1)*CB17*BS17*INDEX(TABLAS!$E$19:$E$22,MATCH(IF(AG17<>"",AG17,DATOS!$C$74),TABLAS!$B$19:$B$22,0)),0))) | EU17: =IF(BI17<>"SÍ","",""&IF(BJ17="NO ESTÁ EN PIER_FORCES","sin fuerzas en PIER_FORCES; ","")&IF(BV17<>"CUMPLE","vanos; ","")&IF(LEFT(CH17,2)="NO","espesor o esbeltez; ","")&IF(CQ17>1,"compresión; ","")&IF(CX17>1,"flexión; ","")&IF(CB17<=0,"sin tramos de muro (todos son machones menores que L mín.: diséñalos como columnas o baja L mín.); ",IF(EC17>1,"cortante; ",""))&IF(OR(LEFT(EA17,2)="NO",LEFT(EA17,5)="FALTA"),"refuerzo horizontal; ","")&IF(OR(LEFT(EP17,2)="NO",LEFT(EP17,7)="REVISAR"),"muro sobre viga; ","")&IF(LEFT(DATOS!$C$81,2)="NO","castillo típico; ","")&IF(LEFT(DATOS!$C$82,2)="NO","dala típica; ","")&IF(AND(BT17<>DATOS!$C$58,DATOS!$C$60<BT17),"castillo más angosto que el muro; ","")) | EV17: =IF(BI17<>"SÍ","",""&IF(LEFT(EP17,9)="PENDIENTE","análisis muro–viga (H/L < 0.6); ","")&IF(BR17>50,"V_u casi todo por carga vertical; ","")&IF(OR(LEFT(DATOS!$C$42,9)="PENDIENTE",LEFT(DATOS!$C$34,9)="PENDIENTE"),"v'm provisional; ","")&IF(OR(LEFT(DATOS!$C$42,2)="NO",LEFT(DATOS!$C$34,2)="NO"),"f'm o v'm no válido; ","")) | EW17: =IF(BI17<>"SÍ","",IF(EU17<>"","NO CUMPLE: "&LEFT(EU17,LEN(EU17)-2),IF(EV17<>"","CUMPLE — PENDIENTE: "&LEFT(EV17,LEN(EV17)-2),"CUMPLE")))
